id,name,birth_canton,lat,long,wikidata_uri
0,Frienisberg,BE,47.02734,7.33101,https://www.wikidata.org/wiki/Q1464603
1,Lichtensteig,SG,47.32381,9.08758,https://www.wikidata.org/wiki/Q22425811
2,St. Gallen,SG,47.423333333333,9.3772222222222,https://www.wikidata.org/wiki/Q25607
3,Solothurn,SO,47.208055555556,7.5375,https://www.wikidata.org/wiki/Q68965
4,Isenfluh,BE,,,
5,La Chaux-de-Fonds,NE,47.099627777778,6.8295583333333,https://www.wikidata.org/wiki/Q68124
6,Bottens,VD,,,
7,Montreux,VD,,,
8,Meilen,ZH,,,
9,Visp,VS,46.292222222222,7.8827777777778,https://www.wikidata.org/wiki/Q64147
10,Zurich,ZH,,,
11,Quinto,TI,,,
12,Gresso,TI,,,
13,Sorengo,TI,,,
14,Neuchâtel,NE,46.990277777778,6.9305555555556,https://www.wikidata.org/wiki/Q69345
15,Wädenswil,ZH,47.230277777778,8.6722222222222,https://www.wikidata.org/wiki/Q69718
16,Hamburg,Etranger,53.55,10,https://www.wikidata.org/wiki/Q1055
17,Bâle,BS,,,
18,Bielefeld,Etranger,52.016666666667,8.5333333333333,https://www.wikidata.org/wiki/Q2112
19,Wil,SG,47.466388888889,9.0497222222222,https://www.wikidata.org/wiki/Q64077
20,Geneva,GE,46.2,6.15,https://www.wikidata.org/wiki/Q71
21,Lucerne,LU,47.0523,8.3059,https://www.wikidata.org/wiki/Q4191
22,Sissach,BL,47.46408,7.80888,https://www.wikidata.org/wiki/Q22631389
23,Alsace,Etranger,,,
24,Gerliswil,LU,47.0775,8.27388889,https://www.wikidata.org/wiki/Q99437739
25,Nyon,VD,46.38196166666667,6.23888,https://www.wikidata.org/wiki/Q64027
26,Frauenfeld,TG,,,
27,Arbon,TG,,,
28,Turin,Etranger,,,
29,Heerbrugg,SG,47.416666666667,9.6166666666667,https://www.wikidata.org/wiki/Q486284
30,Büren,SO,,,
31,Hütten,ZH,,,
32,Coire,GR,,,
33,Winterthur,ZH,47.4992,8.72671,https://www.wikidata.org/wiki/Q9125
34,Laufen,BE,,,
35,Emmen,LU,,,
36,Olten,SO,,,
37,Petit-Saconnex,GE,46.22427,6.12076,https://www.wikidata.org/wiki/Q3225401
38,Sarnen,OW,46.896944444444,8.2469444444444,https://www.wikidata.org/wiki/Q63964
39,Schaffhausen,SH,47.69653,8.63386,https://www.wikidata.org/wiki/Q9009
40,District 4,ZH,47.375,8.527,https://www.wikidata.org/wiki/Q677133
41,Montréal,Etranger,,,
42,Zürich,ZH,,,
43,Fluntern,ZH,,,
44,Frankfurt,Etranger,50.11055555555556,8.682222222222222,https://www.wikidata.org/wiki/Q1794
45,Francfort,Etranger,,,
46,Sainte-Croix,VD,,,
47,Rio de Janeiro,Etranger,-22.91111111111111,-43.205555555555556,https://www.wikidata.org/wiki/Q8678
48,Sevgein,GR,46.76553,9.21998,https://www.wikidata.org/wiki/Q65703
49,Freiburg im Breisgau,Etranger,47.995,7.85,https://www.wikidata.org/wiki/Q2833
50,Hauptwil,TG,,,
51,Berne,BE,,,
52,Füllinsdorf,BL,47.50688,7.73129,https://www.wikidata.org/wiki/Q22619754
53,Bulle,FR,46.616666666667,7.05,https://www.wikidata.org/wiki/Q68308
54,Clarens,VD,,,
55,Berlin,Etranger,52.516666666667,13.383333333333,https://www.wikidata.org/wiki/Q64
56,Schleitheim,SH,,,
57,Danzig,Etranger,,,
58,Thalwil,ZH,47.295277777778,8.5647222222222,https://www.wikidata.org/wiki/Q68959
59,Affoltern am Albis,ZH,,,
60,Wülflingen,ZH,,,
61,Savognin,GR,46.5975,9.5997222222222,https://www.wikidata.org/wiki/Q65096
62,Conches,GE,46.1841,6.17459,https://www.wikidata.org/wiki/Q2991947
63,Bienne,BE,,,
64,Plainpalais,GE,46.19388889,6.14138889,https://www.wikidata.org/wiki/Q2546289
65,Erlach,BE,,,
66,Sursee,LU,,,
67,Romont,FR,,,
68,Lausanne,VD,,,
69,Payerne,VD,46.816666666667,6.9333333333333,https://www.wikidata.org/wiki/Q69525
70,Saint-Aubin,NE,50.2483,4.5781,https://www.wikidata.org/wiki/Q2860747
71,Yverdon-les-Bains,VD,46.7785,6.6408333333333,https://www.wikidata.org/wiki/Q63946
72,Wohlen,AG,,,
73,Eaux-Vives,GE,46.204399,6.159833,https://www.wikidata.org/wiki/Q248321
74,Vevey,VD,46.466666666667,6.85,https://www.wikidata.org/wiki/Q68160
75,Paris,Etranger,48.85666666666667,2.352222222222222,https://www.wikidata.org/wiki/Q90
76,Poschiavo,GR,46.3244,10.05721,https://www.wikidata.org/wiki/Q22557399
77,Lutry,VD,,,
78,Kölliken,AG,47.33882,8.02644,https://www.wikidata.org/wiki/Q22565297
79,Berthoud,BE,,,
80,Moscou,Etranger,,,
81,Maienfeld,GR,,,
82,Aarau,AG,47.3923,8.0446,https://www.wikidata.org/wiki/Q14274
83,Emmenbrücke-Littau,LU,,,
84,Witzwil,BE,,,
85,Rüschegg,BE,46.77977,7.39167,https://www.wikidata.org/wiki/Q22369963
86,Spiegel bei Bern,BE,,,
87,Crans-près-Céligny,VD,,,
88,Gênes,Etranger,,,
89,Berikon,AG,47.35137,8.37209,https://www.wikidata.org/wiki/Q22396636
90,Carouge,GE,,,
91,Kefikon,TG,,,
92,Winterthur,ZH,47.4992,8.72671,https://www.wikidata.org/wiki/Q9125
93,Granges,SO,,,
94,Cologne,Etranger,,,
95,Niederuzwil,SG,47.44482088291444,9.142102462709122,https://www.wikidata.org/wiki/Q18446606
96,Cham,UR,47.180277777778,8.4594444444444,https://www.wikidata.org/wiki/Q69235
97,Varese,Etranger,,,
98,Liestal,BL,47.483888888889,7.735,https://www.wikidata.org/wiki/Q68972
99,Rüti,ZH,47.261388888889,8.8555555555556,https://www.wikidata.org/wiki/Q69752
100,Riehen,BS,47.580555555555556,7.649166666666667,https://www.wikidata.org/wiki/Q5262
101,Pratteln,BL,47.5185,7.69275,https://www.wikidata.org/wiki/Q64679
102,Le Locle,NE,47.05317,6.74816,https://www.wikidata.org/wiki/Q64093
103,Zürich-Hottingen,ZH,,,
104,Aigle,VD,46.3173,6.9646,https://www.wikidata.org/wiki/Q43195
105,Oberentfelden,AG,47.35639,8.04594,https://www.wikidata.org/wiki/Q22420179
106,Küsnacht,ZH,47.318055555556,8.5825,https://www.wikidata.org/wiki/Q69216
107,St. Gallen,SG,47.423333333333,9.3772222222222,https://www.wikidata.org/wiki/Q25607
108,Unterägeri,ZG,47.13645,8.5853,https://www.wikidata.org/wiki/Q22388864
109,Zwingen,BL,47.43825,7.53027,https://www.wikidata.org/wiki/Q22659164
110,Aubonne,VD,,,
111,Grindelwald,BE,46.625555555556,8.0333333333333,https://www.wikidata.org/wiki/Q64004
112,Neudorf,LU,47.178055555556,8.21,https://www.wikidata.org/wiki/Q7149
113,Liebefeld,BE,46.933055555556,7.4166666666667,https://www.wikidata.org/wiki/Q1823757
114,Agarn,VS,,,
115,Cresciano,TI,,,
116,Hauenstein-Ifenthal,SO,,,
117,Cham,ZG,,,
118,Forel,VD,46.876111,6.888333,https://www.wikidata.org/wiki/Q386895
119,Herisau,AR,47.3851,9.2786,https://www.wikidata.org/wiki/Q63970
120,La Tour-de-Peilz,VD,,,
121,Seewen,SZ,47.028611111111,8.6302777777778,https://www.wikidata.org/wiki/Q687961
122,Erstfeld,UR,46.81237,8.59937,https://www.wikidata.org/wiki/Q69642
123,Bassecourt,JU,47.35,7.2333333333333,https://www.wikidata.org/wiki/Q66705
124,Wyssachen,BE,47.07851,7.82922,https://www.wikidata.org/wiki/Q22641364
125,Reichenbach,BE,,,
126,Scharnachtal,BE,46.6162,7.69798,https://www.wikidata.org/wiki/Q125398477
127,Caslano,TI,45.97153,8.88261,https://www.wikidata.org/wiki/Q22448948
128,Milan,Etranger,,,
129,Schübelbach,SZ,47.17326,8.92811,https://www.wikidata.org/wiki/Q22548451
130,Rieden,ZH,,,
131,Baar,ZG,47.195555555556,8.5263888888889,https://www.wikidata.org/wiki/Q64087
132,Appenzell,AI,,,
133,Buochs,NW,,,
134,Brienz,BE,,,
135,Stallikon,ZH,47.32582,8.48965,https://www.wikidata.org/wiki/Q22377050
136,Les Verrières,NE,46.90413,6.48039,https://www.wikidata.org/wiki/Q22415997
137,Heimiswil,BE,47.06755,7.66665,https://www.wikidata.org/wiki/Q22613320
138,Uster,ZH,47.349166666667,8.7191666666667,https://www.wikidata.org/wiki/Q64032
139,Homburg,TG,,,
140,Gelfingen,LU,47.214166666667,8.2658333333333,https://www.wikidata.org/wiki/Q669306
141,Riex,VD,46.4935,6.7357,https://www.wikidata.org/wiki/Q520036
142,Lancy,GE,,,
143,Massongex,VS,,,
144,Eglisau,ZH,47.57738,8.52122,https://www.wikidata.org/wiki/Q22376806
145,Meiringen,BE,,,
146,St. Josefen,SG,47.4246,9.33571,https://www.wikidata.org/wiki/Q1703664
147,Schönenwerd,SO,47.3691,8.00167,https://www.wikidata.org/wiki/Q22548796
148,Mümliswil,SO,47.342881,7.703711,https://www.wikidata.org/wiki/Q121434809
149,Verbier,VS,46.1,7.2166666666667,https://www.wikidata.org/wiki/Q688517
150,Cologny,GE,46.216666666667,6.1833333333333,https://www.wikidata.org/wiki/Q69245
151,Zurzach,AG,,,
152,Faido,TI,,,
153,Alexandrie,Etranger,,,
154,Samedan,GR,,,
155,Lyss,BE,,,
156,Konolfingen,BE,46.87909,7.62013,https://www.wikidata.org/wiki/Q22552090
157,Sion,VS,,,
158,Engelberg,OW,,,
159,Sierre,VS,46.29192,7.53559,https://www.wikidata.org/wiki/Q22623308
160,Cadiz,Etranger,,,
161,Stans,NW,,,
162,Le Sentier,VD,46.616666666667,6.2333333333333,https://www.wikidata.org/wiki/Q3058100
163,Ottenbach,ZH,,,
164,Chêne-Bougeries,GE,46.183333333333,6.1833333333333,https://www.wikidata.org/wiki/Q69530
165,Oregon,Etranger,,,
166,Lugano,TI,,,
167,Herzogenbuchsee,BE,47.18795,7.7062,https://www.wikidata.org/wiki/Q22619637
168,Sachseln,OW,46.86718,8.23344,https://www.wikidata.org/wiki/Q22374565
169,Chancy,GE,,,
170,Nancy,Etranger,48.692777777778,6.1836111111111,https://www.wikidata.org/wiki/Q40898
171,Rüdlingen,SH,47.566666666667,8.5663888888889,https://www.wikidata.org/wiki/Q66796
172,Wettingen,AG,,,
173,Bellinzona,TI,46.195555,9.023809,https://www.wikidata.org/wiki/Q64044
174,Petit-Veyrier,GE,,,
175,Perly-Certoux,GE,,,
176,New York,Etranger,,,
177,Landecy,GE,46.1446,6.1294,https://www.wikidata.org/wiki/Q3217042
178,Lyon,Etranger,,,
179,Mont-sur-Rolle,VD,,,
180,Bex,VD,46.2503,7.013,https://www.wikidata.org/wiki/Q56273444
181,Peissy,GE,46.2111,6.0269,https://www.wikidata.org/wiki/Q56261096
182,Sécheron,GE,46.221474,6.143575,https://www.wikidata.org/wiki/Q2405588
183,Veytaux,VD,46.42129,6.93048,https://www.wikidata.org/wiki/Q22419098
184,Vernier,GE,,,
185,Genthod,GE,,,
186,Hombrechtikon,ZH,47.25298,8.77212,https://www.wikidata.org/wiki/Q22635601
187,Trogen,AR,,,
188,Niederweningen,ZH,,,
189,Monthey,VS,46.25,6.95,https://www.wikidata.org/wiki/Q64051
190,Churwalden,GR,46.78143,9.54377,https://www.wikidata.org/wiki/Q56512215
191,Balgach,SG,47.40544,9.6095,https://www.wikidata.org/wiki/Q56447093
192,Spiez,BE,,,
193,Andermatt,UR,46.63565,8.59388,https://www.wikidata.org/wiki/Q56435547
194,Turin,VS,,,
195,Niederglatt,ZH,,,
196,Horgen,ZH,,,
197,"Lori, Armenien, Osmanisches Reich",Etranger,,,
198,Lingen,Etranger,,,
199,La Haye,Etranger,,,
200,Pfäffikon,ZH,,,
201,Pontresina,GR,46.4907,9.9052,https://www.wikidata.org/wiki/Q56292838
202,Petit-Saconnex,GE,46.22427,6.12076,https://www.wikidata.org/wiki/Q3225401
203,Monte-Carlo,Etranger,,,
204,Bubikon,ZH,,,
205,Courtételle,JU,47.34074,7.31827,https://www.wikidata.org/wiki/Q22401758
206,Auw,AG,,,
207,Zofingen,AG,47.28836,7.94754,https://www.wikidata.org/wiki/Q63986
208,Binningen,BL,,,
209,Seebach,ZH,,,
210,Baden,AG,,,
211,Entlebuch,LU,46.99559,8.06354,https://www.wikidata.org/wiki/Q22414457
212,Fribourg,FR,,,
213,Mendrisio,TI,45.866666666667,8.9833333333333,https://www.wikidata.org/wiki/Q69041
214,Féchy,VD,,,
215,Niederhelfenschwil,SG,47.47487,9.18543,https://www.wikidata.org/wiki/Q22610753
216,Wäschenbeuren,Etranger,48.75989,9.68698,https://www.wikidata.org/wiki/Q32765547
217,Beirut,Etranger,33.886944444444,35.513055555556,https://www.wikidata.org/wiki/Q3820
218,Wilderswil,BE,46.666388888889,7.8666666666667,https://www.wikidata.org/wiki/Q69256
219,La Sagne,NE,47.04591,6.80946,https://www.wikidata.org/wiki/Q22584593
220,Budapest,Etranger,47.498333333333,19.040833333333,https://www.wikidata.org/wiki/Q1781
221,Cartigny,GE,,,
222,Avignon,Etranger,,,
223,Naples,Etranger,,,
224,Altstetten,ZH,,,
225,Satigny,GE,46.21462,6.03553,https://www.wikidata.org/wiki/Q22429026
226,Wetzikon,ZH,47.320833333333,8.7930555555556,https://www.wikidata.org/wiki/Q68305
227,Les Hauts-Geneveys,NE,47.05,6.8833333333333,https://www.wikidata.org/wiki/Q68694
228,Trieste,Etranger,,,
229,Warsaw,Etranger,52.23,21.011111111111113,https://www.wikidata.org/wiki/Q270
230,Macerata Feltria,Etranger,43.80285,12.44204,https://www.wikidata.org/wiki/Q30026821
231,Elgg,ZH,47.49715,8.86523,https://www.wikidata.org/wiki/Q22387433
232,Sépey-près-Vulliens,VD,,,
233,Schwarzenegg,BE,46.79536,7.71704,https://www.wikidata.org/wiki/Q99437662
234,Vallorbe,VD,,,
235,Modena,Etranger,44.64582,10.92572,https://www.wikidata.org/wiki/Q279
236,Zollikon,ZH,,,
237,Grandchamp,NE,,,
238,Tartu,Etranger,58.38,26.7225,https://www.wikidata.org/wiki/Q13972
239,Elsau,ZH,,,
240,Krzecin,Etranger,,,
241,Stade près de l'Elbe,Etranger,,,
242,Fleurier,NE,46.9,6.58333,https://www.wikidata.org/wiki/Q628354
243,Illzach,Etranger,,,
244,Kiel,Etranger,,,
245,Brülisau,AI,47.29856,9.45702,https://www.wikidata.org/wiki/Q99437574
246,Heiden,SG,,,
247,Rolle,VD,,,
248,Pully,VD,,,
249,Göttingen,Etranger,,,
250,Lauenen,BE,,,
251,Montpellier,Etranger,,,
252,Buchdorf,Etranger,,,
253,Giessen,Etranger,,,
254,Francfort-sur-le-Main,Etranger,,,
255,Bonn,Etranger,,,
256,Delémont,BE,47.365277777778,7.3472222222222,https://www.wikidata.org/wiki/Q63896
257,Utrecht,Etranger,,,
258,Wünnewil,FR,46.8744,7.2789,https://www.wikidata.org/wiki/Q97170360
259,Strasbourg,Etranger,,,
260,Saint-Pargoire,Etranger,,,
261,Heilbronn,Etranger,,,
262,Amriswil,TG,,,
263,Walzenhausen,AR,47.44867,9.60495,https://www.wikidata.org/wiki/Q22545370
264,Münchenbuchsee,BE,,,
265,Trubschachen,BE,46.92228,7.8452,https://www.wikidata.org/wiki/Q22529221
266,Steffisburg,BE,,,
267,Lemberg,Etranger,,,
268,Oberburg,BE,,,
269,Sonvilier,BE,,,
270,Hirzel,ZH,47.216944444444,8.6102777777778,https://www.wikidata.org/wiki/Q66338
271,Orpund,BE,47.13891,7.30775,https://www.wikidata.org/wiki/Q22449580
272,Gossau,SG,,,
273,Weinfelden,TG,,,
274,Saint-Mihiel,Etranger,,,
275,Barcelone,Etranger,,,
276,Nüremberg,Etranger,,,
277,Walenstadt,SG,47.12411,9.31194,https://www.wikidata.org/wiki/Q22441445
278,Brest,Etranger,,,
279,Annemasse,Etranger,,,
280,Sholapore,Etranger,,,
281,Nantes,Etranger,,,
282,Fully,VS,,,
283,"Grisolia Cipollina, Cosenza",Etranger,,,
284,Brigue,VS,,,
285,Karlsruhe,Etranger,,,
286,Suhl,Etranger,50.610555555556,10.693055555556,https://www.wikidata.org/wiki/Q14891
287,Arnstadt,Etranger,,,
288,Nankin,Etranger,,,
289,Atzelsdorf,Etranger,,,
290,Bremerhaven,Etranger,53.55,8.5833333333333,https://www.wikidata.org/wiki/Q2706
291,Marseille,Etranger,,,
292,Thun,BE,46.759,7.63,https://www.wikidata.org/wiki/Q68978
293,Athènes,Etranger,,,
294,Guggisberg,BE,46.76756,7.32946,https://www.wikidata.org/wiki/Q22652800
295,Polska Cerekiew,Etranger,50.23333333,18.13333333,https://www.wikidata.org/wiki/Q10567299
296,Arosa,GR,,,
297,Aurich,Etranger,,,
298,Altishofen,LU,47.19916,7.96964,https://www.wikidata.org/wiki/Q22397857
299,Moutier,BE,,,
300,Hasle bei Burgdorf,BE,,,
301,Wald,ZH,,,
302,Madrid,Etranger,,,
303,Hohenems,Etranger,,,
304,Wolfhalden,AR,,,
305,Schaffhausen,ZH,,,
306,Locarno,TI,,,
307,Stein,AG,,,
308,Trimbach,SO,47.36561,7.8868,https://www.wikidata.org/wiki/Q22525325
309,Stuttgart,Etranger,48.7775,9.18,https://www.wikidata.org/wiki/Q1022
310,Nordhausen,Etranger,,,
311,Saarbrücken,Etranger,49.233333333333,7,https://www.wikidata.org/wiki/Q1724
312,Saint-Imier,BE,,,
313,Dresde,Etranger,,,
314,Tobel,TG,,,
315,Köniz,BE,,,
316,Kloten,ZH,,,
317,Leon,Etranger,,,
318,"Prien, Bavière",Etranger,,,
319,Nepi,Etranger,42.24221,12.34355,https://www.wikidata.org/wiki/Q30028168
320,Orbe,VD,46.72504,6.53069,https://www.wikidata.org/wiki/Q22447721
321,Sulgen,TG,,,
322,Bordeaux,Etranger,,,
323,Echallens,VD,46.6413,6.63317,https://www.wikidata.org/wiki/Q22364065
324,Bellegarde,Etranger,,,
325,Iowa City,Etranger,,,
326,Toronto,Etranger,,,
327,Verrières,Etranger,,,
328,Treysa,Etranger,,,
329,Blaubeuren,Etranger,,,
330,Tübingen,Etranger,,,
331,Ilmenau,Etranger,,,
332,Radès,Etranger,,,
333,Neuchâtel,VD,,,
334,Prague,Etranger,,,
335,Môtiers,NE,,,
336,Bad Berleburg,Etranger,51.04972222222222,8.4,https://www.wikidata.org/wiki/Q10944
337,Chemnitz,Etranger,,,
338,Darmstadt,Etranger,,,
339,Eschweiler,Etranger,,,
340,Fällanden,ZH,,,
341,Kilchberg,ZH,48.4889,9.01583,https://www.wikidata.org/wiki/Q119603
342,Kleinandelfingen,ZH,47.60058,8.68362,https://www.wikidata.org/wiki/Q22442585
343,Richterswil,ZH,,,
344,Morges,VD,,,
345,Granges-près-Marnand,VD,46.766666666667,6.8833333333333,https://www.wikidata.org/wiki/Q668880
346,Le Lieu,VD,46.6468,6.2817,https://www.wikidata.org/wiki/Q56273583
347,Begnins,VD,46.44152,6.24762,https://www.wikidata.org/wiki/Q22369788
348,Avenches,VD,46.88004,7.04071,https://www.wikidata.org/wiki/Q56438249
349,Arzier,VD,46.45962,6.20813,https://www.wikidata.org/wiki/Q22697039
350,Crissier,VD,46.55,6.5833333333333,https://www.wikidata.org/wiki/Q57121
351,Vladimir,Etranger,56.12861111111111,40.405833333333334,https://www.wikidata.org/wiki/Q2684
352,Chexbres,VD,46.48208,6.77805,https://www.wikidata.org/wiki/Q22490557
353,"Jongny (Vevey, Switzerland)",VD,46.47883,6.84114,https://www.wikidata.org/wiki/Q22487158
354,Bière,VD,,,
355,Lucens,VD,46.70854,6.83931,https://www.wikidata.org/wiki/Q22595619
356,"Amillis, Seine-et-Marne",Etranger,,,
357,Cressier,NE,47.0508,7.0356,https://www.wikidata.org/wiki/Q70139
358,Moudon,VD,46.66947,6.80127,https://www.wikidata.org/wiki/Q22409836
359,Château-d'Œx,VD,46.474,7.1295,https://www.wikidata.org/wiki/Q22484411
360,Buenos Aires,Etranger,,,
361,Grasswil,BE,47.145803567657246,7.666631214658664,https://www.wikidata.org/wiki/Q99437716
362,Ennetbühl SG,SG,,,
363,Krompach,Etranger,,,
364,Zug,ZG,,,
365,Breslau,Etranger,,,
366,Merksem-Antwerpen,Etranger,,,
367,Kirberg,Etranger,,,
368,Poggio A Caiano,Etranger,43.81378,11.05186,https://www.wikidata.org/wiki/Q49288097
369,Providence,Etranger,,,
370,Teufen,AR,,,
371,Saint-Yrieix-la-Perche,Etranger,,,
372,Muri,AG,,,
373,Couvet,NE,46.923056,6.633889,https://www.wikidata.org/wiki/Q688493
374,Rio Novo,Etranger,,,
375,Arnsberg,Etranger,,,
376,Lauchhammer/Senftenberg,Etranger,,,
377,Viganello,TI,46.016666666667,8.9833333333333,https://www.wikidata.org/wiki/Q693420
378,Croglio,TI,45.98849,8.84214,https://www.wikidata.org/wiki/Q70212
379,Heemstede,Etranger,,,
380,Istanbul,Etranger,,,
381,Sullens,VD,,,
382,Rorbas,ZH,47.53092,8.57555,https://www.wikidata.org/wiki/Q22462138
383,Männedorf,ZH,,,
384,Beggingen,SH,47.76737,8.53535,https://www.wikidata.org/wiki/Q22369547
385,Berg am Irchel,ZH,,,
386,Regensberg,ZH,,,
387,Glattfelden,ZH,,,
388,Pfäffikon,ZH,47.366666666667,8.7822222222222,https://www.wikidata.org/wiki/Q68269
389,Lienheim,Etranger,,,https://www.wikidata.org/wiki/Q112898924
390,Mümliswil-Ramiswil,SO,,,
391,Gamshurst,Etranger,48.665555555556,8.0188888888889,https://www.wikidata.org/wiki/Q322365
392,Dielsdorf,ZH,,,
393,Turbenthal,ZH,47.43633,8.84629,https://www.wikidata.org/wiki/Q22357290
394,Rapperswil,SG,,,
395,Bauma,ZH,,,
396,Stadel,ZH,,,
397,Rümlang,ZH,,,
398,Füssen,Etranger,,,
399,Seegraben,ZH,47.895833333333336,15.913333333333334,https://www.wikidata.org/wiki/Q83952046
400,Burgdorf,BE,,,
401,Glaris,GL,,,
402,Bonneville,Etranger,,,
403,Kappel,SO,,,
404,Andelfingen,ZH,,,
405,Reute,AR,,,
406,Auvernier,NE,46.9763,6.8783,https://www.wikidata.org/wiki/Q70385
407,Champéry,VS,,,
408,Mettmenstetten,ZH,47.24529,8.46347,https://www.wikidata.org/wiki/Q22499750
409,Corbeyrier,VD,,,
410,Meyrin,GE,,,
411,Egelshofen,TG,,,
412,Oberuzwil,SG,,,
413,Volken,ZH,,,
414,Maschwanden,ZH,,,
415,Biglen,BE,46.92629,7.62508,https://www.wikidata.org/wiki/Q22435266
416,Germersheim,Etranger,,,
417,Feuerthalen,ZH,47.69054,8.64357,https://www.wikidata.org/wiki/Q22463759
418,Affeltrangen,TG,47.525833333333,9.0330555555556,https://www.wikidata.org/wiki/Q22363434
419,Uhwiesen,ZH,47.67074,8.63542,https://www.wikidata.org/wiki/Q22699445
420,Flaach,ZH,47.576388888889,8.6091666666667,https://www.wikidata.org/wiki/Q70367
421,Hottingen-Zurich,ZH,,,
422,Waltalingen,ZH,,,
423,Hersfeld,Etranger,,,
424,Wasterkingen,ZH,,,
425,Braunwald,GL,46.933055555556,9,https://www.wikidata.org/wiki/Q617569
426,Osterfingen,SH,,,
427,Jussy,GE,46.2359,6.26701,https://www.wikidata.org/wiki/Q22492286
428,Lanzenmoos,ZH,,,
429,Vordemwald,AG,47.27585,7.90114,https://www.wikidata.org/wiki/Q22429969
430,Langnau,BE,,,
431,Wattenwil,ZH,,,
432,Porrentruy,JU,,,
433,Altnau,TG,,,
434,Arlesheim,BL,,,
435,Copponex,Etranger,,,
436,Troinex,GE,,,
437,Villars-Mendraz,VD,46.65,6.7333333333333,https://www.wikidata.org/wiki/Q678869
438,Bülach,ZH,,,
439,Würzburg,Etranger,,,
440,Unterstrass,ZH,,,
441,Waldenburg,Etranger,,,
442,Schaffhausen Siblingen,SH,,,
443,Saint-Julien-en-Genevois,Etranger,,,
444,Chicago,Etranger,,,
445,Oberhofen,TG,47.6186,9.1933,https://www.wikidata.org/wiki/Q7074740
446,Strzelce Opolskie,Etranger,50.5,18.283333333333335,https://www.wikidata.org/wiki/Q510827
447,Bad Cannstatt,Etranger,48.8056,9.2141,https://www.wikidata.org/wiki/Q656982
448,Frick,AG,47.51169,8.02471,https://www.wikidata.org/wiki/Q22578706
449,Altdorf,UR,,,
450,Anet,BE,,,
451,Feldbrunnen-Sankt Niklaus,SO,,,
452,Herrliberg,ZH,47.29064,8.61464,https://www.wikidata.org/wiki/Q22619435
453,Kyburg,ZH,47.457777777778,8.745,https://www.wikidata.org/wiki/Q65779
454,Stampa,GR,46.343,9.5905,https://www.wikidata.org/wiki/Q688507
455,Flawil,SG,,,
456,Wolfwil,SO,47.26819,7.78967,https://www.wikidata.org/wiki/Q22632420
457,Fahrwangen,AG,,,
458,Brugg,AG,,,
459,Ganterschwil,SG,47.383055555556,9.0830555555556,https://www.wikidata.org/wiki/Q65461
460,Bubendorf,BL,,,
461,Graz,Etranger,,,
462,L'Isle,VD,,,
463,Kulmbach,Etranger,,,
464,Caluire-et-Cuire,Etranger,,,
465,Londres,Etranger,,,
466,Annonay,Etranger,,,
467,Pforzheim,Etranger,,,
468,Hottingen,ZH,,,
469,Langenthal,BE,,,
470,Heidelberg,Etranger,,,
471,Courtelary,BE,47.17822,7.07236,https://www.wikidata.org/wiki/Q22401642
472,Zoug,ZG,,,
473,Wattwil,SG,47.29955,9.08657,https://www.wikidata.org/wiki/Q22555103
474,Einsiedeln,SZ,,,
475,Murten,BE,,,
476,Mels,SG,46.17645,13.10948,https://www.wikidata.org/wiki/Q18452138
477,Hinwil,ZH,47.303333333333,8.8444444444444,https://www.wikidata.org/wiki/Q69383
478,Kehl-Kork,Etranger,,,
479,Oberägeri,ZG,,,
480,Binzhou,Etranger,,,
481,Schönenberg,ZH,,,
482,Schwyz,SZ,47.020546,8.658332,https://www.wikidata.org/wiki/Q68155
483,Alvaneu,GR,46.683055555556,9.6497222222222,https://www.wikidata.org/wiki/Q64229
484,Casablanca,Etranger,,,
485,Munich,Etranger,,,
486,Třinec,Etranger,49.677609314509,18.670814768494,https://www.wikidata.org/wiki/Q986102
487,Mitlödi,GL,47.012222222222,9.0805555555556,https://www.wikidata.org/wiki/Q661465
488,Eriswil,BE,47.07816,7.85149,https://www.wikidata.org/wiki/Q22418761
489,Zernez,GR,,,
490,"Emmendingen, Breisgau, Baden",Etranger,,,
491,Lennep,Etranger,,,
492,Münchenstein,BL,,,
493,Presinge,GE,46.21975,6.25517,https://www.wikidata.org/wiki/Q22564712
494,Kerzers,FR,46.97586,7.1957,https://www.wikidata.org/wiki/Q22387822
495,Nuremberg,Etranger,,,
496,Langenbruck,BL,,,
497,Kriens,LU,,,
498,Thun,ZH,46.759,7.63,https://www.wikidata.org/wiki/Q68978
499,Wollishofen,ZH,47.343944444444,8.5301138888889,https://www.wikidata.org/wiki/Q642353
500,Galaţi,Etranger,,,
501,Grandvaux,VD,46.483333333333,6.7166666666667,https://www.wikidata.org/wiki/Q664153
502,Froideville,VD,,,
503,Le Fuet,BE,47.2433,7.1815805555556,https://www.wikidata.org/wiki/Q1289387
504,Schwanden,GL,,,
505,Pfäfers,SG,,,
506,Mulhouse,Etranger,47.748611111111,7.3391666666667,https://www.wikidata.org/wiki/Q79815
507,Croy,VD,,,
508,Goumoëns,VD,,,
509,Bursins,VD,,,
510,Ouchy,VD,,,
511,Montheron,VD,46.590222,6.664222,https://www.wikidata.org/wiki/Q3322727
512,L'Abbaye,VD,,,
513,Amsterdam,Etranger,,,
514,Versailles,Etranger,,,
515,Jassy,Etranger,,,
516,Edinburgh,Etranger,55.95333333333333,-3.1891666666666665,https://www.wikidata.org/wiki/Q23436
517,Quakenbrück,Etranger,,,
518,Osterode,Etranger,,,
519,Rothenfluh,BL,,,
520,Munster,Etranger,,,
521,Frenkendorf,BL,47.50686,7.71648,https://www.wikidata.org/wiki/Q22511682
522,Grandval,BE,47.28278,7.42504,https://www.wikidata.org/wiki/Q22406510
523,Lons-le-Saunier,Etranger,,,
524,Davos,GR,46.809055555556,9.8398333333333,https://www.wikidata.org/wiki/Q68097
525,Coinsins,VD,,,
526,Neuilly-sur-Seine,Etranger,,,
527,Copenhagen,Etranger,55.676111111111,12.568888888889,https://www.wikidata.org/wiki/Q1748
528,Yverdon-les-Bains,VD,46.7785,6.6408333333333,https://www.wikidata.org/wiki/Q63946
529,Stockholm,Etranger,,,
530,Spreitenbach,AG,,,
531,Onex,GE,46.18333333333333,6.1,https://www.wikidata.org/wiki/Q117808928
532,Neydens,Etranger,,,
533,Corcelles-près-Payerne,VD,,,
534,Wallisellen,ZH,47.412222222222,8.5922222222222,https://www.wikidata.org/wiki/Q69374
,,,47.41499,8.59672,
535,Frankfurt,Etranger,,,
536,Uerikon Stäfa,ZH,,,
537,Hallau,SH,47.6966,8.4578,https://www.wikidata.org/wiki/Q69172
538,Herrenhof,TG,,,
539,Vandœuvres,GE,46.22179,6.20285,https://www.wikidata.org/wiki/Q22409062
540,Tannay,VD,,,
541,Avully,GE,,,
542,Gingins,VD,46.4091,6.17809,https://www.wikidata.org/wiki/Q22644451
543,Enge,ZH,,,
544,Koppigen,BE,,,
545,Diessenhofen,TG,,,
546,Bale,BS,,,
547,Le Grand-Saconnex,GE,46.233333333333,6.1166666666667,https://www.wikidata.org/wiki/Q69714
548,"Schwarzenegg, Unterlangenegg",BE,,,
549,Törbel,VS,,,
550,Münster,VS,,,
551,Chamoson,VS,,,
552,Bramois,VS,,,
553,Oron,VD,,,
554,Downtown Bolligen,BE,46.9751,7.49697,https://www.wikidata.org/wiki/Q22579925
555,Eptingen,BL,,,
556,Heiligenschwendi,BE,46.75109,7.68391,https://www.wikidata.org/wiki/Q22613267
557,Villars-Bozon,VD,,,
558,Thun,BE,46.759,7.63,https://www.wikidata.org/wiki/Q68978
559,Hasle,LU,,,
560,Wittenbach,SG,,,
561,Boudry,NE,,,
562,Luchsingen,GL,46.966944444444,9.0369444444444,https://www.wikidata.org/wiki/Q659932
563,Fontainemelon,NE,47.05,6.8833333333333,https://www.wikidata.org/wiki/Q68544
564,Saint-Aubin-Sauges,NE,,,
565,Perroy,VD,46.46821,6.36622,https://www.wikidata.org/wiki/Q22516446
566,Versoix,GE,,,
567,Collonge-Bellerive,GE,46.25,6.2,https://www.wikidata.org/wiki/Q69037
568,Chéserex,VD,,,
569,Saint-Livres,VD,46.50794,6.38753,https://www.wikidata.org/wiki/Q22383039
570,Ellikon an der Thur,ZH,,,
571,Udine,Etranger,46.066666666667,13.233333333333,https://www.wikidata.org/wiki/Q2790
572,Los Angeles,Etranger,,,
573,Filderstadt,Etranger,,,
574,Cortaillod,NE,46.9434,6.8454,https://www.wikidata.org/wiki/Q56261001
575,"Baumgartenhof, comm. Bernardvillé",Etranger,,,
576,Heidenheim,Etranger,,,
577,Wittenwil,TG,47.50306,8.92167,https://www.wikidata.org/wiki/Q2178276
578,Silvaplana,GR,,,
579,Islikon,TG,47.5469,8.8429,https://www.wikidata.org/wiki/Q1674267
580,Azmoos,SG,47.082,9.47579,https://www.wikidata.org/wiki/Q793951
581,Tavannes,BE,47.22079,7.19759,https://www.wikidata.org/wiki/Q22467577
582,Düsseldorf,Etranger,51.22555555555556,6.776666666666666,https://www.wikidata.org/wiki/Q1718
583,Tramelan,BE,47.22393,7.0995,https://www.wikidata.org/wiki/Q22521364
584,Bützberg,BE,,,
585,Bochum,Etranger,,,
586,Wartau,SG,,,
587,Ittigen,BE,,,
588,Brittnau,AG,47.25954,7.94689,https://www.wikidata.org/wiki/Q22595470
589,Biasca,TI,,,
590,Klosters Serneus,GR,46.88918,9.83826,https://www.wikidata.org/wiki/Q22699156
591,Andiast,GR,46.783055555556,9.1163888888889,https://www.wikidata.org/wiki/Q65167
592,Meikirch,BE,,,
593,Romanshorn,TG,,,
594,Palazzuolo di Romagna,Etranger,,,
595,Le Châble,VS,,,
596,Lengnau bei Biel,BE,,,
597,Wagenhausen,TG,,,
598,Dessau,Etranger,,,
599,Wipkingen,ZH,,,
600,Uettligen,BE,46.98734,7.38556,https://www.wikidata.org/wiki/Q124537427
601,Aesch,LU,,,
602,Bossonnens,FR,46.516666666667,6.85,https://www.wikidata.org/wiki/Q68429
603,Eschenbach,LU,,,
604,Aurigeno,TI,46.233333333333,8.7,https://www.wikidata.org/wiki/Q1056013
605,Weimar,Etranger,,,
606,Glarisegg,TG,47.655966,8.957588,https://www.wikidata.org/wiki/Q131935371
607,Krauchtal,BE,,,
608,Bernrain,TG,,,
609,Castelrotto,TI,,,
610,Ambrì,TI,46.509166666667,8.6947222222222,https://www.wikidata.org/wiki/Q459932
611,Contra,TI,,,
612,Muralto,TI,,,
613,Le Châtelard,VD,,,
614,Brenles,VD,46.666666666667,6.85,https://www.wikidata.org/wiki/Q52284
615,Sumiswald,BE,47.02747,7.74526,https://www.wikidata.org/wiki/Q22434595
616,Courroux,BE,47.36069,7.37371,https://www.wikidata.org/wiki/Q22361890
617,Roggwil,BE,47.24119,7.82141,https://www.wikidata.org/wiki/Q22459368
618,Dättlikon,ZH,,,
619,Altstätten,SG,,,
620,Reckingen,VS,,,
621,Borken,Etranger,51.843888888889,6.8583333333333,https://www.wikidata.org/wiki/Q453
622,Chieti,Etranger,,,
623,Lanciano,Etranger,,,
624,Villach,Etranger,,,
625,Eisenharz,Etranger,,,
626,Stellenbosch,Etranger,-33.936666666667,18.861388888889,https://www.wikidata.org/wiki/Q5460
627,Huttwil,BE,47.11502,7.86209,https://www.wikidata.org/wiki/Q22652058
628,Bremen,Etranger,,,
629,Gansingen,AG,,,
630,Pompaples,VD,,,
631,Vaduz,Etranger,,,
632,Derby,Etranger,,,
633,Möhlin,AG,,,
634,Buhl,Etranger,,,
635,Zell,Etranger,,,
636,Töss,ZH,,,
637,Lutzenberg,AR,,,
638,Morat,FR,,,
639,St Huberts,Etranger,,,
640,Provence,VD,,,
641,Saint Petersburg,Etranger,59.95,30.316666666667,https://www.wikidata.org/wiki/Q656
642,Colmar,Etranger,,,
643,Pregny,GE,46.234889,6.139557,https://www.wikidata.org/wiki/Q133573605
644,Bachs,ZH,,,
645,Schwanden,BE,47.0363,7.40198,https://www.wikidata.org/wiki/Q2253008
646,San Francisco,Etranger,,,
647,Lenzburg,AG,,,
648,Mollis,GL,47.093611111111,9.0752777777778,https://www.wikidata.org/wiki/Q644055
649,Montricher,VD,46.60005,6.37695,https://www.wikidata.org/wiki/Q22368948
650,Allahabad,Etranger,,,
651,Ilsenburg am Harz,Etranger,,,
652,Cannes,Etranger,,,
653,Territet,VD,46.4245,6.92475,https://www.wikidata.org/wiki/Q2733559
654,Porrentruy,BE,,,
655,Dottikon,AG,47.38437,8.23981,https://www.wikidata.org/wiki/Q22588230
656,Wiesbaden,Etranger,50.0825,8.24,https://www.wikidata.org/wiki/Q1721
657,Saint-André-d'Argenteuil,Etranger,,,https://www.wikidata.org/wiki/Q138013254
658,Les Bois,BE,47.17715,6.90498,https://www.wikidata.org/wiki/Q22412191
659,Manila,Etranger,14.595833333333333,120.97722222222222,https://www.wikidata.org/wiki/Q1461
660,Essen,Etranger,,,
661,Sempach,LU,47.13577,8.19149,https://www.wikidata.org/wiki/Q22561491
662,Bussnang,TG,,,
663,Dresden,Etranger,,,
664,Latterbach,BE,,,
665,Neustadt an der Weinstraße,Etranger,,,
666,Münchwilen,TG,47.47719,8.99677,https://www.wikidata.org/wiki/Q22643918
667,Pockau,Etranger,,,
668,Dübendorf,ZH,,,
669,Täuffelen,BE,47.06524,7.19704,https://www.wikidata.org/wiki/Q22379293
670,Le Creusot,Etranger,46.807222222222,4.4163888888889,https://www.wikidata.org/wiki/Q34797549
671,Sagogn,GR,,,
672,Hamburg,Etranger,,,
673,S-chanf,GR,,,
674,Bresse,Etranger,,,
675,Oberwichtrach,BE,46.8428,7.5767,https://www.wikidata.org/wiki/Q15837303
676,Foëcy,Etranger,,,
677,Münchenstein,BS,,,
678,Former charterhouse La Lance,VD,46.85896,6.73724,https://www.wikidata.org/wiki/Q2961267
679,Rome,Etranger,,,
680,Breitenbach,SO,,,
681,Kreuzlingen,TG,,,
682,Ermatingen,TG,47.67057,9.08573,https://www.wikidata.org/wiki/Q22419347
683,Arona,Etranger,,,
684,Bargen,BE,,,
685,Pernambouc,Etranger,,,
686,Birsfelden,BL,,,
687,Steinach,SG,,,
688,Sent,GR,46.816666666667,10.333333333333,https://www.wikidata.org/wiki/Q69709
689,Grellingen,BE,47.44231,7.58906,https://www.wikidata.org/wiki/Q22440045
690,Odessa,Etranger,,,
691,Buch,ZH,,,
692,Bucharest,Etranger,44.41336111111111,26.09777777777778,https://www.wikidata.org/wiki/Q19660
693,Frutigen,BE,,,
694,Lonigo,Etranger,45.38576,11.38402,https://www.wikidata.org/wiki/Q30026728
695,Gand,Etranger,,,
696,Klingnau,AG,,,
697,Le Landeron,NE,47.0562,7.07184,https://www.wikidata.org/wiki/Q22385481
698,Aesch,BL,,,
699,Laufon,BE,,,
700,Hätzingen,GL,,,
701,Bolken,SO,,,
702,Rheinfelden,AG,,,
703,Slovenske Konjice,Etranger,46.336214186,15.42099741,https://www.wikidata.org/wiki/Q15919
704,Farningham,Etranger,51.38,0.22,https://www.wikidata.org/wiki/Q2706208
705,Bruxelles,Etranger,,,
706,Waldenburg,BL,,,
707,Arrufo,Etranger,,,
708,Wangen ZH,ZH,,,
709,Kaiseraugst (Lsjbot),AG,47.53966,7.72605,https://www.wikidata.org/wiki/Q22504776
710,Gümligen,BE,,,
711,Saint-Prex,VD,46.47963,6.45992,https://www.wikidata.org/wiki/Q22383687
712,Rothenthurm,SZ,,,
713,Courfaivre,BE,47.333333333333,7.2833333333333,https://www.wikidata.org/wiki/Q69921
714,Catane,Etranger,,,
715,La Croix-sur-Lutry,VD,,,
716,Vuarrens,VD,,,
717,Canton,Etranger,,,
718,La Neuveville,BE,47.0684,7.09955,https://www.wikidata.org/wiki/Q22655396
719,Erlenbach,ZH,,,
720,Kleindietwil,BE,47.145555555556,7.7916666666667,https://www.wikidata.org/wiki/Q662473
721,Dornbirn,Etranger,,,
722,Soubey,BE,47.30933,7.04886,https://www.wikidata.org/wiki/Q22654249
723,Charleroi,Etranger,,,
724,Haifa,Etranger,,,
725,Singen,Etranger,47.762777777778,8.84,https://www.wikidata.org/wiki/Q6979
726,"Lansing,",Etranger,,,
727,Boston,Etranger,,,
728,Choindez,BE,47.321196,7.380667,https://www.wikidata.org/wiki/Q2964344
729,Reno,Etranger,,,
730,Wuppertal,Etranger,51.266666666667,7.1833333333333,https://www.wikidata.org/wiki/Q2107
731,Alger,Etranger,,,
732,Westhofen,Etranger,,,
733,Boulogne-Billancourt,Etranger,48.835277777778,2.2413888888889,https://www.wikidata.org/wiki/Q172455
734,Calestano,Etranger,44.60224,10.12363,https://www.wikidata.org/wiki/Q30023366
735,Mörfelden,Etranger,49.975827777778,8.5678972222222,https://www.wikidata.org/wiki/Q13487057
736,Ravensburg,Etranger,,,
737,Klagenfurt am Wörthersee,Etranger,46.616666666667,14.3,https://www.wikidata.org/wiki/Q41753
738,Petit-Lancy,GE,,,
739,Mussoorie,Etranger,,,
740,Randogne,VS,46.316666666667,7.5166666666667,https://www.wikidata.org/wiki/Q70355
741,Chevrilles,FR,,,
742,Maputo,Etranger,-25.968888888888888,32.57333333333333,https://www.wikidata.org/wiki/Q3889
743,Nidau,BE,47.12545,7.24033,https://www.wikidata.org/wiki/Q22610385
744,Wiler,VS,,,
745,Karlsbad,Etranger,,,
746,Bonfol,BE,47.47735,7.15144,https://www.wikidata.org/wiki/Q22580285
747,Schwarzenburg,BE,,,
748,Horn,TG,,,
749,Kienberg,SO,,,
750,Novazzano,TI,,,
751,Niedererlinsbach,SO,47.398333333333,8.0083333333333,https://www.wikidata.org/wiki/Q689567
752,Wangen an der Aare,BE,47.23199,7.65448,https://www.wikidata.org/wiki/Q22546154
753,Vicenza,Etranger,,,
754,Im Fang (Jaun),FR,46.59862,7.23675,https://www.wikidata.org/wiki/Q125122019
755,Berg,SG,,,
756,Châtel-Saint-Denis,FR,,,
757,Henau,SG,,,
758,Bassecourt,BE,47.35,7.2333333333333,https://www.wikidata.org/wiki/Q66705
759,Moukden,Etranger,,,
760,Pfaffenhofen,Etranger,,,
761,Lengnau AG,AG,,,
762,Busswil bei Melchnau,BE,,,
763,Saignelégier,BE,,,
764,Reinach,BL,,,
765,Rorschach,SG,47.478611111111,9.4936111111111,https://www.wikidata.org/wiki/Q68250
766,Niederurnen,GL,47.126944444444,9.0536111111111,https://www.wikidata.org/wiki/Q659838
767,Busswil bei Büren,BE,47.1,7.3236111111111,https://www.wikidata.org/wiki/Q662499
768,Epesses,VD,46.5,6.75,https://www.wikidata.org/wiki/Q668869
769,Missy,VD,,,
770,Courrendlin,BE,47.33853,7.37243,https://www.wikidata.org/wiki/Q22361849
771,Lumino,TI,,,
772,Sils im Domleschg,GR,,,
773,Varna,Etranger,,,
774,Göschenen,UR,46.66816,8.58709,https://www.wikidata.org/wiki/Q22583961
775,Vernayaz,VS,,,
776,Oberhof,AG,,,
777,Nilvange,Etranger,,,
778,Saint-Moritz,GR,,,
779,Basel-Kleinhüningen,BS,47.58383056,7.59248611,https://www.wikidata.org/wiki/Q809908
780,Mühledorf,SO,47.136111111111,7.4763888888889,https://www.wikidata.org/wiki/Q66319
781,Juriens,VD,,,
782,Farnern,BE,,,
783,Muolen,SG,,,
784,Buchs,SG,,,
785,Muri bei Bern,BE,,,
786,Uttiwil,FR,,,
787,Nutenwil,SG,,,
788,Albeuve,FR,46.51472,7.05528,https://www.wikidata.org/wiki/Q2619138
789,Fiesch,VS,46.39981,8.13533,https://www.wikidata.org/wiki/Q22464667
790,Les Posses-Dessus,VD,,,
791,Lörrach,Etranger,,,
792,Khotin,Etranger,51.07947222222222,34.78,https://www.wikidata.org/wiki/Q997487
793,Seedorf BE,BE,,,
794,Oberhallau,SH,47.7071,8.47853,https://www.wikidata.org/wiki/Q22420458
795,Augst,BL,47.53557,7.71468,https://www.wikidata.org/wiki/Q22462470
796,Saint-Brais,BE,47.30611,7.11368,https://www.wikidata.org/wiki/Q22380751
797,Storzeln bei Binningen,Etranger,,,
798,Mettendorf,SG,,,
799,Balsthal,SO,47.31613,7.69318,https://www.wikidata.org/wiki/Q56447134
800,Bôle,NE,,,
801,Besenbüren,AG,,,
802,Turtmann,VS,46.301943,7.703883,https://www.wikidata.org/wiki/Q70054
803,Kurzdorf,TG,47.5607,8.8906,https://www.wikidata.org/wiki/Q1794402
804,Pont d'Ain,Etranger,,,
805,Travers,NE,,,
806,Magdala,Etranger,,,
807,Barbengo,TI,45.962216666667,8.9152777777778,https://www.wikidata.org/wiki/Q664172
808,Poissy,Etranger,,,
809,Walkringen,BE,46.94856,7.6204,https://www.wikidata.org/wiki/Q22542643
810,Oberhofen am Thunersee,BE,,,
811,Ragaz,SG,,,
812,Risch,ZG,,,
813,Ebikon,LU,,,
814,Hallau,SH,,,
815,château de Sclassin,Etranger,,,
816,Hub,TG,,,
817,Altikon,ZH,47.57404,8.78282,https://www.wikidata.org/wiki/Q22397766
818,Portsmouth,Etranger,,,
819,Sonnenberg,TG,,,
820,Hefenhofen,TG,,,
821,Lieli,LU,,,
822,Birmenstorf,AG,47.46152,8.24816,https://www.wikidata.org/wiki/Q22551003
823,Ennenda,GL,47.033611111111,9.0775,https://www.wikidata.org/wiki/Q659434
824,Court,BE,47.23956,7.33655,https://www.wikidata.org/wiki/Q22401412
825,Sagno,TI,45.85,9.0333333333333,https://www.wikidata.org/wiki/Q378869
826,Leipzig,Etranger,,,
827,Eisenach,Etranger,,,
828,Martigny-Bourg,VS,,,
829,Steinmaur,ZH,47.4971,8.45216,https://www.wikidata.org/wiki/Q22390227
830,Anzin,Etranger,,,
831,Breitenwang,Etranger,47.47908,10.77353,https://www.wikidata.org/wiki/Q21881850
832,Colombier,NE,,,
833,Fontaines,NE,47.041666666667,6.9,https://www.wikidata.org/wiki/Q70430
834,Steinegg,AI,,,
835,Rheineck,SG,,,
836,Jonen,AG,52.7189,6.0172,https://www.wikidata.org/wiki/Q2059317
837,Brombach,Etranger,,,
838,Nottwil,LU,47.13569,8.13712,https://www.wikidata.org/wiki/Q22397833
839,Jegenstorf,BE,47.04802,7.50787,https://www.wikidata.org/wiki/Q22473993
840,Merishausen,SH,,,
841,Gwatt,BE,46.723,7.623,https://www.wikidata.org/wiki/Q1326240
842,Vitebsk,Etranger,55.183333333333,30.166666666667,https://www.wikidata.org/wiki/Q102217
843,Bischofszell,TG,,,
844,Murgenthal,AG,47.27145,7.83935,https://www.wikidata.org/wiki/Q22630788
845,Uttigen,BE,46.794988,7.573213,https://www.wikidata.org/wiki/Q124172456
846,Ardon,VS,,,
847,L'Orient,VD,,,
848,Roche,VD,,,
849,Achalkalaki,Etranger,,,
850,Jouxtens,VD,,,
851,Utzenstorf,BE,47.12981,7.55838,https://www.wikidata.org/wiki/Q22401384
852,Vuibroye,VD,46.566666666667,6.8,https://www.wikidata.org/wiki/Q678930
853,Adliswil,ZH,,,
854,Ecublens,VD,,,
855,Hennens,FR,,,
856,Linthal,GL,46.918333333333,8.9972222222222,https://www.wikidata.org/wiki/Q661454
857,Bagnes/Champsec,VS,,,
858,Netstal,GL,47.0625,9.0563888888889,https://www.wikidata.org/wiki/Q607716
859,Disentis,GR,,,
860,Lauterbach,Etranger,48.6228,10.745,https://www.wikidata.org/wiki/Q2755107
861,Bedretto,TI,,,
862,Neunkirch,SH,,,
863,Deitingen,SO,49.28969,9.28485,https://www.wikidata.org/wiki/Q125547473
864,Kamenz,Etranger,,,
865,Belp,BE,,,
866,Eschenbach,SG,,,
867,Reichenburg,SZ,,,
868,Uzwil,SG,,,
869,Niederscherli,BE,46.883333333333,7.3833333333333,https://www.wikidata.org/wiki/Q1988440
870,Confignon,GE,46.17341,6.08437,https://www.wikidata.org/wiki/Q22532735
871,Wangen SZ,SZ,,,
872,Saint-Ursanne,JU,47.36504648359477,7.154645583908892,https://www.wikidata.org/wiki/Q661799
873,Schwyz,SZ,,,
874,Osogna,TI,46.31208,8.98579,https://www.wikidata.org/wiki/Q67336
875,Gilly,VD,,,
876,Aarburg,AG,47.32067,7.89986,https://www.wikidata.org/wiki/Q56434820
877,Herisau,AR,47.3851,9.2786,https://www.wikidata.org/wiki/Q63970
878,Menzingen,ZG,,,
879,Gliwice,Etranger,50.29416666666667,18.66583333333333,https://www.wikidata.org/wiki/Q105084
880,Greifswald,Etranger,,,
881,Lachen,SZ,,,
882,Caravaggio,Etranger,45.49627,9.64165,https://www.wikidata.org/wiki/Q30023719
883,Zollbrück,BE,,,
884,Bandung,Etranger,,,
885,Téhéran,Etranger,,,
886,Baltimore,Etranger,,,
887,Hong Kong,Etranger,22.278333333333,114.15861111111,https://www.wikidata.org/wiki/Q8646
888,Kleinsteinlohe,Etranger,,,
889,Daillens,VD,,,
890,Buchs,AG,,,
891,Metz,Etranger,,,
892,Freudenstadt,Etranger,,,
893,Görz,Etranger,,,
894,Bade,Etranger,,,
895,Eschenz,TG,47.64793,8.87472,https://www.wikidata.org/wiki/Q22421820
896,Santa Maria del Molise,Etranger,41.55285,14.36762,https://www.wikidata.org/wiki/Q30030261
897,Kirchberg,TG,47.549444444444,8.9555555555556,https://www.wikidata.org/wiki/Q120101
898,Brooklyn,Etranger,,,
899,Wynau,BE,47.2557,7.81626,https://www.wikidata.org/wiki/Q22641034
900,Offenburg,Etranger,,,
901,Mannheim,Etranger,,,
902,Wengen,BE,,,
903,Seewis im Prättigau,GR,,,
904,Sèvres,Etranger,,,
905,Celerina,GR,,,
906,Vienna,Etranger,48.208333333333336,16.3725,https://www.wikidata.org/wiki/Q1741
907,Newstead,Etranger,,,
908,Fürstenau,GR,,,
909,Florence,Etranger,,,
910,Asuel,JU,,,
911,Hauteville,FR,,,
912,Bennwil,BL,,,
913,Hanau,Etranger,,,
914,Constance,Etranger,,,
915,Le Havre,Etranger,49.494166666667,0.10805555555556,https://www.wikidata.org/wiki/Q42810
916,Gualeguaychú,Etranger,-33.007777777778,-58.511111111111,https://www.wikidata.org/wiki/Q52585
917,Vlissingen,Etranger,,,
918,Sâles,FR,,,
919,Basadingen,TG,47.669,8.7458,https://www.wikidata.org/wiki/Q4866167
920,Morrens,VD,,,
921,Saanen,BE,46.48956,7.25961,https://www.wikidata.org/wiki/Q22371686
922,Hergiswil,NW,46.98429,8.30944,https://www.wikidata.org/wiki/Q22617966
923,St. Gallen,SO,47.423333333333,9.3772222222222,https://www.wikidata.org/wiki/Q25607
924,Chougny Vandoeuvres,GE,,,
925,La Vernaz,Etranger,,,
926,Besazio,TI,45.866666666667,8.95,https://www.wikidata.org/wiki/Q68801
927,Wesserling,Etranger,,,
928,Thônex,GE,46.2,6.2166666666667,https://www.wikidata.org/wiki/Q68201
929,Vufflens,VD,,,
930,Pest,Etranger,,,
931,Allaman,VD,46.47008,6.3964,https://www.wikidata.org/wiki/Q22389314
932,Prarustin,Etranger,,,
933,Sierne,GE,46.1776,6.1821,https://www.wikidata.org/wiki/Q17347217
934,Montauban-les-Mines,Etranger,46.82805388888889,-72.34111,https://www.wikidata.org/wiki/Q63854207
935,Ipswich,Etranger,,,
936,Dully,VD,,,
937,Mauriac,Etranger,,,
938,Lüdenscheid,Etranger,51.21977,7.6273,https://www.wikidata.org/wiki/Q3893
939,Riva San Vitale,TI,45.9,8.9666666666667,https://www.wikidata.org/wiki/Q67130
940,Schönenbuch,BL,47.53853,7.50572,https://www.wikidata.org/wiki/Q22548757
941,Malix,GR,,,
942,Venise,Etranger,,,
943,Mötschwil,BE,47.049444444444,7.5686111111111,https://www.wikidata.org/wiki/Q67830
944,Ettlingen bei Karlsruhe,Etranger,,,
945,Saint-Maurice,VS,,,
946,Paradiso,TI,,,
947,Buttes,NE,46.883333333333,6.55,https://www.wikidata.org/wiki/Q689954
948,Windig,FR,,,
949,Rarogne,VS,,,
950,Corcelles,BE,,,
951,Uznach,SG,47.22421,8.98263,https://www.wikidata.org/wiki/Q22402012
952,Veringendorf,Etranger,,,
953,Interlaken,BE,,,
954,Wil bei Rafz,ZH,,,
955,Uppsala,Etranger,,,
956,Rafz,ZH,47.612222222222,8.5408333333333,https://www.wikidata.org/wiki/Q66457
957,Diesse,BE,,,
958,Sils Baselgia,GR,46.433055555555555,9.756944444444445,https://www.wikidata.org/wiki/Q17683083
959,Corgémont,BE,47.19457,7.14517,https://www.wikidata.org/wiki/Q22542205
960,Martigny,VS,,,
961,Palmyra,Etranger,,,
962,Magden,AG,47.52868,7.81128,https://www.wikidata.org/wiki/Q22365375
963,Boncourt,BE,,,
964,Stäfa,ZH,,,
965,Dägerlen,ZH,,,
966,Reconvilier,BE,47.23431,7.22239,https://www.wikidata.org/wiki/Q22585739
967,Courtedoux,BE,47.40819,7.04281,https://www.wikidata.org/wiki/Q22401620
968,Riken,AG,47.27661,7.84974,https://www.wikidata.org/wiki/Q15842474
969,Treyvaux,FR,46.72745,7.13772,https://www.wikidata.org/wiki/Q22524423
970,Aadorferfeld-Elgg,ZH,,,
971,Domdidier,FR,46.86716,7.01337,https://www.wikidata.org/wiki/Q22641824
972,Büren,NW,,,
973,Ibach,SZ,,,
974,Cheiry,FR,46.749167,6.833333,https://www.wikidata.org/wiki/Q68555
975,Alterswil,FR,,,
976,Estavayer-le-Lac,FR,46.85,6.847222,https://www.wikidata.org/wiki/Q67516
977,Guin,FR,,,
978,Näfels,GL,,,
979,Schlatt,AI,47.35682,9.39673,https://www.wikidata.org/wiki/Q55966073
980,Herblingen,SH,,,
981,Ingenbohl,SZ,46.9988,8.61529,https://www.wikidata.org/wiki/Q22436765
982,Arth,SZ,,,
983,Nunningen,SO,47.3945,7.62122,https://www.wikidata.org/wiki/Q22404535
984,Neuhausen am Rheinfall,SH,47.683055555556,8.6166666666667,https://www.wikidata.org/wiki/Q69372
985,Losheim,Etranger,,,
986,Bratislava,Etranger,48.144722222222,17.112777777778,https://www.wikidata.org/wiki/Q1780
987,Tour-de-Trême,FR,,,
988,Lussenga,Etranger,,,
989,San Nazzaro,TI,,,
990,St. Gallen,SG,,,
991,St-Blasien,Etranger,,,
992,Gontenschwil,AG,47.27166,8.14396,https://www.wikidata.org/wiki/Q22366778
993,Roveredo,GR,,,
994,Ljubljana,Etranger,46.05138888888889,14.50611111111111,https://www.wikidata.org/wiki/Q437
995,Sulz am Neckar,Etranger,,,
996,Scuol,GR,46.79825,10.301416666667,https://www.wikidata.org/wiki/Q20617002
997,Wolfenschiessen,NW,46.90322,8.39423,https://www.wikidata.org/wiki/Q22632117
998,Rastatt,Etranger,,,
999,Johannesburg,Etranger,,,
1000,Bad Homburg vor der Höhe,Etranger,50.22923611111111,8.610486111111111,https://www.wikidata.org/wiki/Q4165
1001,Degersheim,SG,49,10.78,https://www.wikidata.org/wiki/Q1182870
1002,Rorschacherberg,SG,,,
1003,Jestetten,Etranger,,,
1004,Pfaffnau,LU,47.22772,7.89719,https://www.wikidata.org/wiki/Q22535243
1005,Trondheim,Etranger,63.44,10.4,https://www.wikidata.org/wiki/Q25804
1006,Buffalo,Etranger,,,
1007,Cuijk,Etranger,51.72694,5.87944,https://www.wikidata.org/wiki/Q13635419
1008,Tiaret,Etranger,35.366666666667,1.3166666666667,https://www.wikidata.org/wiki/Q565568
1009,Urbana,Etranger,,,
1010,Harsefeld,Etranger,,,
1011,Libourne,Etranger,,,
1012,"Washington, D.C.",Etranger,,,
1013,Riga,Etranger,,,
1014,"Swinemünde, Usedom",Etranger,,,
1015,Surbiton,Etranger,,,
1016,Walnut Creek,Etranger,37.9063131,-122.064963,https://www.wikidata.org/wiki/Q493261
1017,Zermatt,VS,46.0193,7.7461,https://www.wikidata.org/wiki/Q27494
1018,Bergisch Gladbach,Etranger,,,
1019,Delhi,Etranger,,,
1020,Windsor,Etranger,,,
1021,Seattle,Etranger,47.605,-122.33,https://www.wikidata.org/wiki/Q5083
1022,Detroit,Etranger,,,
1023,Pau,Etranger,,,
1024,Fürstenwalde,Etranger,52.366666666667,14.066666666667,https://www.wikidata.org/wiki/Q16064
1025,Pescara,Etranger,,,
1026,Menziken,AG,47.24249,8.19047,https://www.wikidata.org/wiki/Q22496025
1027,Pennsylvania,Etranger,50.734,-3.529,https://www.wikidata.org/wiki/Q7163626
1028,Erlenbach am Main,Etranger,,,
1029,Guildford,Etranger,,,
1030,Rehau,Etranger,,,
1031,Wilhelmshaven,Etranger,,,
1032,Nedroma,Etranger,,,
1033,Mainz,Etranger,49.99944444444444,8.27361111111111,https://www.wikidata.org/wiki/Q1720
1034,São João de Loure,Etranger,40.633068959893905,-8.542584315627302,https://www.wikidata.org/wiki/Q137125973
1035,Gliwice,Etranger,50.29416666666667,18.66583333333333,https://www.wikidata.org/wiki/Q105084
1036,Niederlandisch,BE,,,
1037,Bregenz,Etranger,,,
1038,Kaufbeuren,Etranger,,,
1039,Schaan,Etranger,,,
1040,Luxembourg,Etranger,49.610555555556,6.1327777777778,https://www.wikidata.org/wiki/Q1842
1041,Cheseaux-sur-Lausanne,VD,,,
1042,Bennwil,Etranger,,,
1043,Charmey,FR,46.61622,7.16814,https://www.wikidata.org/wiki/Q22483373
1044,Büdingen,Etranger,50.290833333333,9.1125,https://www.wikidata.org/wiki/Q382481
1045,Mérida,Etranger,,,
1046,Silésie,Etranger,,,
1047,Divonne,Etranger,,,
1048,Soultz,Etranger,,,
1049,Rouen,Etranger,49.443055555556,1.1025,https://www.wikidata.org/wiki/Q30974
1050,Hirschberg,Etranger,,,
1051,Wilchingen,SH,,,
1052,Oberfischach,Etranger,,,
1053,Cali,Etranger,,,
1054,Schaffhausen,SO,,,
1055,Saint-Raphaël,Etranger,,,
1056,Winterberg,ZH,,,
1057,Tertre,Etranger,50.4676,3.81114,https://www.wikidata.org/wiki/Q2394198
1058,Meissen,Etranger,,,
1059,Bergamo,Etranger,45.695,9.67,https://www.wikidata.org/wiki/Q628
1060,Kassel,Etranger,,,
1061,Toulouse,Etranger,,,
1062,Schwäbisch Gmünd,Etranger,,,
1063,Hanover,Etranger,52.374444444444,9.7386111111111,https://www.wikidata.org/wiki/Q1715
1064,Tobolsk,Etranger,58.195277777778,68.258055555556,https://www.wikidata.org/wiki/Q168782
1065,Stallupoenen,Etranger,,,
1066,Frascati,Etranger,,,
1067,Léogeats,Etranger,44.5125,-0.36611111111111,https://www.wikidata.org/wiki/Q35721832
1068,Duillier,VD,,,
1069,Quintin,Etranger,,,
1070,Angers,Etranger,,,
1071,Onze-Lieve-Vrouw-Lombeek,Etranger,50.8225,4.1136,https://www.wikidata.org/wiki/Q2214499
1072,Königsberg,Etranger,,,
1073,Märwil,TG,47.5342,9.0743,https://www.wikidata.org/wiki/Q15260563
1074,Les Brenets,NE,,,
1075,Renan,BE,36.975,-79.193888888889,https://www.wikidata.org/wiki/Q7312529
1076,Berndorf,Etranger,,,
1077,Bunziwil,FR,,,
1078,"Brandenburg, Schleswig",Etranger,,,
1079,Legnica,Etranger,51.21006,16.1619,https://www.wikidata.org/wiki/Q106274
1080,Fulda,Etranger,,,
1081,Pöllau,Etranger,,,
1082,Holzheim,Etranger,,,
1083,Drahan,Etranger,,,
1084,Milie,Etranger,,,
1085,Pörtschach am Wörther See,Etranger,46.63594,14.15452,https://www.wikidata.org/wiki/Q21880432
1086,Mogilev,Etranger,53.90894,30.34296,https://www.wikidata.org/wiki/Q154835
1087,Oppeln,Etranger,,,
1088,Reichenbach im Vogtland,Etranger,50.616666666667,12.3,https://www.wikidata.org/wiki/Q46849
1089,Telšiai,Etranger,55.98333333,22.25,https://www.wikidata.org/wiki/Q2222616
1090,Heilsberg,Etranger,,,
1091,Zaukerode,Etranger,,,
1092,Jaczkowice,Etranger,50.916666666667,17.271944444444,https://www.wikidata.org/wiki/Q6121153
1093,Uerzig sur la Moselle,Etranger,,,
1094,Erdőbénye,Etranger,48.268219444444,21.356111111111,https://www.wikidata.org/wiki/Q546202
1095,Liptovský Mikuláš,Etranger,49.081111111111,19.618055555556,https://www.wikidata.org/wiki/Q272040
1096,Ptuj,Etranger,46.418611111111,15.871388888889,https://www.wikidata.org/wiki/Q15906
1097,Kaldenkirchen,Etranger,51.316666666667,6.2833333333333,https://www.wikidata.org/wiki/Q179699
1098,Dubroŭna,Etranger,54.566666666667,30.683333333333,https://www.wikidata.org/wiki/Q954505
1099,L'Aquila,Etranger,42.354008333333,13.391991666667,https://www.wikidata.org/wiki/Q3476
1100,Vilémov,Etranger,,,
1101,Neunkirchen,Etranger,,,
1102,Buchs,LU,,,
1103,Sisseln,AG,,,
1104,Tiachiv,Etranger,48.011388888889,23.572222222222,https://www.wikidata.org/wiki/Q146516
1105,Linz,Etranger,,,
1106,Geislingen an der Steige,Etranger,,,
1107,Attelwil,AG,47.259444444444,8.0444444444444,https://www.wikidata.org/wiki/Q64389
1108,Bibersfeld,Etranger,49.0803566,9.68812656,https://www.wikidata.org/wiki/Q15788477
1109,Barmen,Etranger,,,
1110,Historic centre,Etranger,46.79581,11.93816,https://www.wikidata.org/wiki/Q30023195
1111,Piovene,Etranger,,,
1112,Reising / Bayer,Etranger,,,
1113,Rovigo,Etranger,43.53775972222222,-5.559781666666667,https://www.wikidata.org/wiki/Q121912960
1114,Samiano,Etranger,,,
1115,Lobberich,Etranger,51.308056,6.279722,https://www.wikidata.org/wiki/Q447359
1116,Beckenried,NW,46.96653,8.47575,https://www.wikidata.org/wiki/Q22363690
1117,Walldürn,Etranger,,,
1118,L’Etivaz,VD,46.42344,7.14655,https://www.wikidata.org/wiki/Q1392479
1119,La Brévine,NE,46.98055,6.60639,https://www.wikidata.org/wiki/Q22653703
1120,Sigriswil,BE,46.71656,7.71335,https://www.wikidata.org/wiki/Q22623727
1121,Marin,NE,,,
1122,Jüterbog,Etranger,51.993333333333,13.072777777778,https://www.wikidata.org/wiki/Q486541
1123,Kemptthal,ZH,47.448321,8.7021,https://www.wikidata.org/wiki/Q22377938
1124,Burg,AG,,,
1125,Strättligen,BE,46.736852777778,7.6178861111111,https://www.wikidata.org/wiki/Q1418860
1126,District 8,ZH,47.355,8.561,https://www.wikidata.org/wiki/Q677710
1127,Stadtlauringen,Etranger,,,
1128,Włocławek,Etranger,52.65,19.05,https://www.wikidata.org/wiki/Q106681
1129,Oberriet,SG,47.571588888889,8.5405805555556,https://www.wikidata.org/wiki/Q26454558
1130,Vukovar,Etranger,,,
1131,Broglio,TI,46.3783,8.664,https://www.wikidata.org/wiki/Q3977917
1132,Trier,Etranger,49.75565,6.63935,https://www.wikidata.org/wiki/Q3138
1133,Le Solliat,VD,46.618275,6.231923,https://www.wikidata.org/wiki/Q131701850
1134,Tiflis,Etranger,,,
1135,Waldau,Etranger,,,
1136,Bogotá,Etranger,,,
1137,Münster,Etranger,,,
1138,Czuszów,Etranger,50.25,20.35,https://www.wikidata.org/wiki/Q2126853
,,,50.25664,20.34891,
1139,Salon-de-Provence,Etranger,,,
1140,Sankt Chrischona,BS,,,
1141,Peseux,NE,46.99554,6.88949,https://www.wikidata.org/wiki/Q70078
1142,Weiningen,TG,47.59000015,8.88720036,https://www.wikidata.org/wiki/Q15853866
1143,Weinheim,Etranger,,,
1144,Pfullendorf,Etranger,,,
1145,Bytom,Etranger,50.347,18.923,https://www.wikidata.org/wiki/Q102350
1146,Dorville,Etranger,,,
1147,Oldenburg,Etranger,,,
1148,Guntur,Etranger,,,
1149,Magdeburg,Etranger,52.1315889,11.6399609,https://www.wikidata.org/wiki/Q1733
1150,Kaltenbach,TG,,,
1151,Neuravensburg,Etranger,47.63746667,9.75625,https://www.wikidata.org/wiki/Q17578776
1152,"Coligny, North West",Etranger,-26.333333333333,26.316666666667,https://www.wikidata.org/wiki/Q2982574
1153,Torhout,Etranger,,,
1154,Frankenstein,Etranger,,,
1155,Nysa,Etranger,,,
1156,Santiago de Chile,Etranger,,,
1157,Thielle-Wavre,NE,47.016666666667,7.0333333333333,https://www.wikidata.org/wiki/Q175345
1158,Thusis,GR,,,
1159,Verviers,Etranger,,,
1160,Bussum,Etranger,52.27333,5.16111,https://www.wikidata.org/wiki/Q9909
1161,Weisslingen,ZH,47.43063,8.76787,https://www.wikidata.org/wiki/Q22559926
1162,Surakarta,Etranger,,,
1163,Gyéres,Etranger,,,
1164,Mascara,Etranger,35.4,0.13333333333333333,https://www.wikidata.org/wiki/Q545707
1165,Söderhamn,Etranger,61.308368548613,17.052562226424,https://www.wikidata.org/wiki/Q746839
1166,Gelterkinden,BL,47.46497,7.85174,https://www.wikidata.org/wiki/Q22634007
1167,Mazatenango,Etranger,14.533333333333,-91.5,https://www.wikidata.org/wiki/Q25177815
1168,Steckborn,TG,47.66667,8.98333,https://www.wikidata.org/wiki/Q22386241
1169,Lindau,ZH,,,
1170,Hove Sussex,Etranger,,,
1171,Anvers,Etranger,,,
1172,Fritzlar,Etranger,51.13333333333333,9.266666666666667,https://www.wikidata.org/wiki/Q492503
1173,Perrefitte,BE,47.27568,7.34161,https://www.wikidata.org/wiki/Q22516244
1174,Oviedo,Etranger,,,
1175,Lisieux,Etranger,49.2794,-105.976,https://www.wikidata.org/wiki/Q14874972
1176,Marbach SG,SG,,,
1177,Bruxelles-Schærbeek,Etranger,,,
1178,Romanel-sur-Lausanne,VD,,,
1179,Lübbecke,Etranger,,,
1180,Gottesberg,Etranger,,,
1181,Mons-en-Barœul,Etranger,50.63333,3.11667,https://www.wikidata.org/wiki/Q35732297
1182,Rovio,TI,45.933333333333,8.9833333333333,https://www.wikidata.org/wiki/Q67986
1183,"Ciudad de Rio, Cordoba",Etranger,,,
1184,Machilipatnam,Etranger,16.166666666667,81.133333333333,https://www.wikidata.org/wiki/Q845662
1185,"Montceau-les-Mines, Saône-et-Loire",Etranger,,,
1186,Ecoteaux,VD,46.55,6.8666666666667,https://www.wikidata.org/wiki/Q586275
1187,"Chrzanów, Oberschlesien",Etranger,,,
1188,Abadan,Etranger,,,
1189,Glasgow,Etranger,,,
1190,Mesocco,GR,46.393,9.2328,https://www.wikidata.org/wiki/Q56292844
1191,Sankt Margrethen,SG,,,
1192,Affoltern,ZH,47.42111,8.50722,https://www.wikidata.org/wiki/Q382903
1193,Bronschhofen,SG,47.483055555556,9.0330555555556,https://www.wikidata.org/wiki/Q65785
1194,Genolier,VD,46.433333333333,6.2166666666667,https://www.wikidata.org/wiki/Q69290
1195,Vieux-Thann,Etranger,,,
1196,Villefranche-sur-Mer,Etranger,,,
1197,Brno,Etranger,,,
1198,Develier,BE,,,
1199,Douanne-Twann,BE,,,
1200,Megève,Etranger,45.856944444444,6.6175,https://www.wikidata.org/wiki/Q259283
1201,Quedlinburg,Etranger,51.791666666667,11.147222222222,https://www.wikidata.org/wiki/Q40623
1202,Thayngen,SH,,,
1203,Banjarmasin,Etranger,,,
1204,Mülheim an der Ruhr,Etranger,51.4275,6.8825,https://www.wikidata.org/wiki/Q2899
1205,Pezinok,Etranger,48.29194444444445,17.266111111111112,https://www.wikidata.org/wiki/Q659424
1206,Friedrichshafen,Etranger,,,
1207,Mardin,Etranger,,,
1208,Lviv,Etranger,,,
1209,Mogelsberg,SG,47.362365,9.135746388888888,https://www.wikidata.org/wiki/Q869624
1210,Birchanger,Etranger,51.8829,0.1979,https://www.wikidata.org/wiki/Q59212
1211,Czestochowa,Etranger,,,
1212,Gruyères,FR,46.583611,7.081944,https://www.wikidata.org/wiki/Q69600
1213,Münstertal,Etranger,47.85,7.78333,https://www.wikidata.org/wiki/Q32664543
1214,Renens,VD,,,
1215,Dumyat,Etranger,,,
1216,Oberleutensdorf,Etranger,,,
1217,Grünenmatt,BE,47.00786,7.72437,https://www.wikidata.org/wiki/Q99437647
1218,Münsingen,BE,,,
1219,Sünikon,ZH,47.499722222222,8.45,https://www.wikidata.org/wiki/Q238542
1220,Oberdiessbach,BE,46.84117,7.6173,https://www.wikidata.org/wiki/Q22419600
1221,San Giovanni Incarico,Etranger,41.50001,13.55864,https://www.wikidata.org/wiki/Q30029954
1222,Rivoli,Etranger,,,
1223,Liège,Etranger,,,
1224,Abaeté,Etranger,,,
1225,Le Cerneux-Péquignot,NE,,,
1226,Chiasso,TI,,,
1227,Kecskemét,Etranger,46.9075,19.691666666666666,https://www.wikidata.org/wiki/Q171357
1228,Egg,ZH,,,
1229,Buix,BE,,,
1230,Kirchdorf an der Krems,Etranger,47.905,14.121944,https://www.wikidata.org/wiki/Q688620
1231,Strem,Etranger,,,
1232,Reichenberg,Etranger,,,
1233,Hamm,Etranger,,,
1234,Vlastislav,Etranger,,,
1235,Offenbach am Main,Etranger,50.1,8.7666666666667,https://www.wikidata.org/wiki/Q3042
1236,Brême,Etranger,,,
1237,Rättvik,Etranger,60.872282058417,15.115669833087,https://www.wikidata.org/wiki/Q1975525
1238,Teplice,Etranger,50.633333333333,13.816666666667,https://www.wikidata.org/wiki/Q146342
1239,Nittenau,Etranger,,,
1240,Bordighera,Etranger,43.78064,7.66451,https://www.wikidata.org/wiki/Q30022952
1241,České Budějovice,Etranger,48.974722222222,14.474722222222,https://www.wikidata.org/wiki/Q16506
1242,Rostock,Etranger,,,
1243,Newcastle upon Tyne,Etranger,54.977777777778,-1.6133333333333,https://www.wikidata.org/wiki/Q1425428
1244,Augsburg,Etranger,,,
1245,Cardiff,Etranger,,,
1246,Clarens-sur-Montreux,VD,,,
1247,"Epinal, Vosges",Etranger,,,
1248,Bremgarten,AG,,,
1249,Taranto,Etranger,40.471111111111114,17.243055555555557,https://www.wikidata.org/wiki/Q13498
1250,Bezau,Etranger,,,
1251,Oberkirch,LU,,,
1252,Bagnères de Bigorre,Etranger,,,
1253,Bad Säckingen,Etranger,,,
1254,Corleone,Etranger,37.81338,13.3017,https://www.wikidata.org/wiki/Q30025111
1255,Sofia,Etranger,,,
1256,Poitiers,Etranger,46.581111111111,0.33527777777778,https://www.wikidata.org/wiki/Q6616
1257,Ulm,Etranger,,,
1258,Le Cap,Etranger,,,
1259,Münsterlingen,TG,47.63197,9.23271,https://www.wikidata.org/wiki/Q22643982
1260,Rain,LU,,,
1261,Forbach,Etranger,,,
1262,Sittard,Etranger,,,
1263,Limbuš,Etranger,46.558056,15.578611,https://www.wikidata.org/wiki/Q2459309
1264,Lahore,Etranger,,,
1265,Weißenbach an der Enns,Etranger,47.705833333333,14.629722222222,https://www.wikidata.org/wiki/Q687459
1266,Dettwiller,Etranger,,,
1267,Donatyre,VD,46.883333333333,7.05,https://www.wikidata.org/wiki/Q390482
1268,Lund,Etranger,,,
1269,Deesen/Westerwald,Etranger,,,
1270,Paris,VD,,,
1271,Chercenay,BE,47.314718,7.062921,https://www.wikidata.org/wiki/Q99437616
1272,Abiada,Etranger,43.018397222222,-4.2894972222222,https://www.wikidata.org/wiki/Q5655076
1273,Willisau,LU,47.12183,7.99418,https://www.wikidata.org/wiki/Q22620682
1274,Weidenau,Etranger,,,
1275,Stondon,Etranger,52.003,-0.318,https://www.wikidata.org/wiki/Q1520248
1276,Rendsburg,Etranger,,,
1277,Quesitz bei Leipzig,Etranger,,,
1278,Horb-Nordstetten,Etranger,,,
1279,Jablonec/Gablonz,Etranger,,,
1280,Helsinki,Etranger,,,
1281,Pötzling,Etranger,,,
1282,Wilmington,Etranger,39.748333333333,-75.551388888889,https://www.wikidata.org/wiki/Q174224
1283,Berchtesgaden,Etranger,,,
1284,Bombay,Etranger,,,
1285,Liebenwalde,Etranger,52.8715,13.39075,https://www.wikidata.org/wiki/Q583458
1286,Easton,Etranger,,,
1287,Pittsburgh,Etranger,,,
1288,Taormina,Etranger,37.85206,15.28699,https://www.wikidata.org/wiki/Q33720571
1289,Saint Louis,Etranger,,,
1290,Courgenay,BE,,,
1291,Schwerzenbach,ZH,47.38213,8.65727,https://www.wikidata.org/wiki/Q22548302
1292,Naumburg,Etranger,,,
1293,Hann. Münden,Etranger,51.416666666667,9.65,https://www.wikidata.org/wiki/Q165380
1294,Domodossola,Etranger,46.1165,8.29313,https://www.wikidata.org/wiki/Q30025464
1295,Västerås,Etranger,59.617319380941,16.542157497094,https://www.wikidata.org/wiki/Q25412
1296,Havane,Etranger,,,
1297,Köthen,Etranger,,,
1298,Penzance,Etranger,,,
1299,Godesberg,Etranger,,,
1300,Bamberg,Etranger,,,
1301,Corvallis,Etranger,,,
1302,Leuggern,AG,,,
1303,Zagreb,Etranger,,,
1304,Vrin,GR,46.655555555556,9.0983333333333,https://www.wikidata.org/wiki/Q659856
1305,Lobenstein Thüringen,Etranger,,,
1306,Potsdam,Etranger,,,
1307,North Olmsted,Etranger,41.415,-81.9144,https://www.wikidata.org/wiki/Q998615
1308,Goldach,SG,,,
1309,Tschierv,GR,46.6275,10.332777777778,https://www.wikidata.org/wiki/Q669454
1310,Stettin,Etranger,,,
1311,Bari,Etranger,,,
1312,Clermont-Ferrand,Etranger,45.779722222222,3.0869444444444,https://www.wikidata.org/wiki/Q42168
1313,"Long Branch, N.J.",Etranger,,,
1314,Poiana Maggiore,Etranger,45.29039,11.5025,https://www.wikidata.org/wiki/Q30028966
1315,Moscice,Etranger,,,
1316,"Royan, Charente-Maritime",Etranger,,,
1317,Perugia,Etranger,43.11191816,12.38854847,https://www.wikidata.org/wiki/Q3437
1318,Rinteln,Etranger,,,
1319,Giswil,OW,46.83333,8.18065,https://www.wikidata.org/wiki/Q22645320
1320,Bielitz,Etranger,,,
1321,Bingen am Rhein,Etranger,,,
1322,Brunswick,Etranger,,,
1323,Cuxhaven,Etranger,,,
1324,Hermsdorf,Etranger,,,
1325,Klein-Eichstedt,Etranger,,,
1326,Saranskoe,Etranger,54.833333333333,21.236111111111,https://www.wikidata.org/wiki/Q2035497
1327,Ludwigsburg,Etranger,,,
1328,Elmshorn,Etranger,53.754722222222,9.6536111111111,https://www.wikidata.org/wiki/Q6845
1329,Ernstthal,Etranger,,,
1330,Reutlingen,Etranger,,,
1331,Szklarska Poręba,Etranger,50.82567,15.52274,https://www.wikidata.org/wiki/Q186495
1332,Hauerz,Etranger,47.95159444,9.98425556,https://www.wikidata.org/wiki/Q1589224
1333,Hohenrechberg,Etranger,,,
1334,Bad Homburg vor der Höhe,Etranger,50.22923611111111,8.610486111111111,https://www.wikidata.org/wiki/Q4165
1335,Kirch-Beerfurth,Etranger,49.7193,8.86885,https://www.wikidata.org/wiki/Q1742433
1336,Köslin,Etranger,,,
1337,Coquimbo,Etranger,,,
1338,Halle,Etranger,,,
1339,Marienwerder,Etranger,,,
1340,Montjoie,Etranger,,,
1341,Schwerin,Etranger,,,
1342,Stralsund,Etranger,,,
1343,Wertheim,Etranger,49.75,9.516669444444444,https://www.wikidata.org/wiki/Q61912
1344,Bath,Etranger,,,
1345,Mödling,Etranger,,,
1346,Vöcklabruck,Etranger,,,
1347,Avranches,Etranger,,,https://www.wikidata.org/wiki/Q65227419
1348,Gasny,Etranger,,,
1349,Ribérac,Etranger,,,
1350,Šalynas,VS,56.014,21.517,https://www.wikidata.org/wiki/Q13194303
1351,Wasselheim,Etranger,,,
1352,Messina,Etranger,,,
1353,Morra de Sanctis,Etranger,40.92902,15.24285,https://www.wikidata.org/wiki/Q49286923
1354,Strassburg,Etranger,,,
1355,Oslo,Etranger,,,
1356,Aleksotas,Etranger,54.88333333,23.9,https://www.wikidata.org/wiki/Q2640897
1357,Cairo,Etranger,30.044444444444444,31.235833333333332,https://www.wikidata.org/wiki/Q85
1358,Neuhof,AG,,,
1359,Knonau,ZH,47.2235,8.46197,https://www.wikidata.org/wiki/Q22546268
1360,Laibach,Etranger,,,
1361,Grandson,VD,46.80946,6.646,https://www.wikidata.org/wiki/Q22406467
1362,Nods,BE,47.11371,7.08105,https://www.wikidata.org/wiki/Q22360878
1363,Oberstrass-Zürich,ZH,,,
1364,Odry,Etranger,49.66254664793,17.830879019923,https://www.wikidata.org/wiki/Q1018329
1365,Ormont-Dessus,VD,,,
1366,Rapperswil-Dieterswil,BE,,,
1367,Sargans,SG,47.04896,9.44103,https://www.wikidata.org/wiki/Q22425308
1368,Brünn,Etranger,,,
1369,Seen-Winterthur,ZH,,,
1370,Töss-Winterthur,ZH,,,
1371,Triengen,LU,47.23375,8.07729,https://www.wikidata.org/wiki/Q22525130
1372,Pápa,Etranger,47.330555555556,17.465833333333,https://www.wikidata.org/wiki/Q214945
1373,Montabaur,Etranger,50.4375,7.8258333333333,https://www.wikidata.org/wiki/Q632991
1374,Parme,Etranger,,,
1375,Carthaus,Etranger,,,
1376,Katwijk,Etranger,,,
1377,Evreux,Etranger,,,
1378,Praz,FR,,,
1379,"Mazet-Saint-Voy, Haute-Loire",Etranger,,,
1380,Courchavon,BE,,,
1381,"Carpentras, Vaucluse",Etranger,,,
1382,Breslau / Schlesien,Etranger,,,
1383,"Pranles, Ardèche",Etranger,,,
1384,"Aubagne, Bouches-du-Rhône",Etranger,,,
1385,Osnabrück,Etranger,,,
1386,Bourges,Etranger,,,
1387,Port Said,Etranger,31.2625,32.306111111111115,https://www.wikidata.org/wiki/Q134509
1388,Corban,BE,47.35,7.4666666666667,https://www.wikidata.org/wiki/Q68769
1389,Kabul,Etranger,34.532777777778,69.165833333333,https://www.wikidata.org/wiki/Q5838
1390,Tortona,Etranger,44.89784,8.86374,https://www.wikidata.org/wiki/Q30031235
1391,Tlemcen,Etranger,34.882777777778,-1.3166666666667,https://www.wikidata.org/wiki/Q185134
1392,Mostaganem,Etranger,35.933333333333,0.090277777777778,https://www.wikidata.org/wiki/Q849524
1393,"Helmstedt, Niedersachsen",Etranger,,,
1394,"Seltmans, Bavière",Etranger,,,
1395,Cologne,Etranger,50.942222222222,6.9577777777778,https://www.wikidata.org/wiki/Q365
1396,Ahaus,Etranger,52.07936,7.01344,https://www.wikidata.org/wiki/Q14888
1397,Guben,Etranger,,,
1398,Neuss,Etranger,,,
1399,Münich,Etranger,,,
1400,Weil am Rhein,Etranger,47.594722222222,7.6108333333333,https://www.wikidata.org/wiki/Q61909
1401,Haslach im Kinzigtal,Etranger,48.277777777778,8.0869444444444,https://www.wikidata.org/wiki/Q519729
1402,Šumperk,Etranger,49.965299915762,16.9706654352,https://www.wikidata.org/wiki/Q392692
1403,Tüllingen,Etranger,47.6,7.65,https://www.wikidata.org/wiki/Q2464358
1404,Celle,Etranger,,,
1405,Waldbröl,Etranger,,,
1406,Wasserburg am Inn,Etranger,,,
1407,Mönchengladbach,Etranger,51.2,6.4333333333333,https://www.wikidata.org/wiki/Q2758
1408,Dunedoo,Etranger,-32.015,149.3927778,https://www.wikidata.org/wiki/Q3041302
1409,Uccle,Etranger,50.803889,4.329167,https://www.wikidata.org/wiki/Q66311787
1410,Aubange,Etranger,,,
1411,Namur,Etranger,,,
1412,Zottegem,Etranger,,,
1413,Batak,Etranger,,,
1414,Ouagadougou,Etranger,12.368611111111111,-1.5274999999999999,https://www.wikidata.org/wiki/Q3777
1415,Montreal,Etranger,,,
1416,LaSalle QC,Etranger,,,
1417,Seoul,Etranger,37.56,126.99,https://www.wikidata.org/wiki/Q8684
1418,Valladolid,Etranger,,,
1419,Hoboken,Etranger,,,
1420,Espoo,Etranger,,,
1421,Vantaa,Etranger,,,
1422,Rovaniemi,Etranger,,,
1423,"Chaux, Haute-Saône",Etranger,,,
1424,"Ambilly, Haute-Savoie",Etranger,,,
1425,Oyonnax,Etranger,,,
1426,Perpignan,Etranger,42.6975,2.8947222222222,https://www.wikidata.org/wiki/Q6730
1427,Thionville,Etranger,,,
1428,Carcassonne,Etranger,37.1750963,-82.9915513,https://www.wikidata.org/wiki/Q122540865
1429,Pierrecourt,Etranger,,,
1430,Pont-à-Mousson,Etranger,,,
1431,"Neuvic sur Isle, Dordogne",Etranger,,,
1432,Rennes,Etranger,48.114166666667,-1.6808333333333,https://www.wikidata.org/wiki/Q647
1433,Scarborough,Etranger,,,
1434,Nelson,Etranger,,,
1435,Thessaloniki,Etranger,40.640277777777776,22.935555555555556,https://www.wikidata.org/wiki/Q17151
1436,Debrecen,Etranger,47.53,21.639166666667,https://www.wikidata.org/wiki/Q79880
1437,Padoue,Etranger,,,
1438,Trento,Etranger,,,
1439,Camino,Etranger,,,
1440,Bologne,Etranger,,,
1441,Viareggio,Etranger,43.86693,10.2502,https://www.wikidata.org/wiki/Q30031688
1442,Boujad,Etranger,32.76,-6.4,https://www.wikidata.org/wiki/Q895029
,,,32.7741,-6.3925,
1443,Dortmund,Etranger,51.513888888889,7.4652777777778,https://www.wikidata.org/wiki/Q1295
1444,Haarlem,Etranger,,,
1445,Lima,Etranger,,,
1446,Belgrade,Etranger,,,
1447,Hsin-Chu,Etranger,,,
1448,Cerna,Etranger,,,
1449,Kante,Etranger,,,
1450,Bizerte,Etranger,37.274444444444,9.8738888888889,https://www.wikidata.org/wiki/Q189546
,,,37.276147,9.873108,
1451,Ksar-Hellal,Etranger,,,
1452,Da Nang,Etranger,16.069444444444443,108.20972222222223,https://www.wikidata.org/wiki/Q25282
1453,Mexico City,Etranger,19.353773,-99.13589,https://www.wikidata.org/wiki/Q1489
1454,New Haven,Etranger,41.308333333333,-72.925,https://www.wikidata.org/wiki/Q49145
1455,Ruhengeri,Etranger,-1.4944444444444,29.641666666667,https://www.wikidata.org/wiki/Q246145
1456,Annecy,Etranger,45.899166666667,6.1294444444444,https://www.wikidata.org/wiki/Q50189
1457,Pfeffikon,LU,,,
1458,Vésenex-Crassy,Etranger,,,
1459,Gühlitz près Perleberg,Etranger,,,
1460,Mühledorf,BE,46.828888888889,7.5386111111111,https://www.wikidata.org/wiki/Q66895
1461,Evian-les-Bains,Etranger,,,
1462,Beinwil am See,AG,,,
1463,Ramsen,SH,,,
1464,Jéna,Etranger,,,
1465,Maastricht,Etranger,50.866666666667,5.6833333333333,https://www.wikidata.org/wiki/Q1309
1466,Meran,Etranger,,,
1467,Gronau,Etranger,,,
1468,Laufenburg,AG,,,
1469,Altenkirchen,Etranger,,,
1470,Civitella del Tronto bei Ascoli Piceno,Etranger,,,
1471,Bad Bergzabern,Etranger,49.102125,7.992963888888889,https://www.wikidata.org/wiki/Q426807
1472,Minneapolis,Etranger,,,
1473,Oberkassel,Etranger,,,
1474,Vyškov,Etranger,49.277487239217,16.998993221633,https://www.wikidata.org/wiki/Q954569
1475,Agón,Etranger,41.85574,-1.45233,https://www.wikidata.org/wiki/Q24016523
,,,41.85576815,-1.45183776,
1476,Samolenz,Etranger,,,
1477,Düren,Etranger,,,
1478,Zimmerwald,BE,46.883333333333,7.4666666666667,https://www.wikidata.org/wiki/Q203877
1479,Brody,Etranger,,,
1480,Grimisuat,VS,,,
1481,Guadeloupe,Etranger,,,https://www.wikidata.org/wiki/Q65422356
1482,Wangen,Etranger,47.66111111,8.93138889,https://www.wikidata.org/wiki/Q2548321
1483,Rábacsécsény,Etranger,47.5833,17.4333,https://www.wikidata.org/wiki/Q639693
1484,Solothurn,SO,47.208055555556,7.5375,https://www.wikidata.org/wiki/Q68965
1485,Mstislaw,Etranger,,,
1486,Felben,TG,,,
1487,Wrocław,Etranger,51.11,17.0325,https://www.wikidata.org/wiki/Q1799
1488,Sochi,Etranger,43.585277777778,39.720277777778,https://www.wikidata.org/wiki/Q39420
1489,Nicosia,Etranger,,,
1490,Ancône,Etranger,,,
1491,San Daniele del Friuli,Etranger,,,
1492,Bačko Petrovo Selo,Etranger,45.7,20.08333333,https://www.wikidata.org/wiki/Q979403
1493,Gretzenbach,SO,,,
1494,Illhart,TG,47.6193,9.0394,https://www.wikidata.org/wiki/Q15819953
1495,Tokyo,Etranger,,,
1496,Bernkastel-Kues,Etranger,,,
1497,Novara,Etranger,45.45,8.62,https://www.wikidata.org/wiki/Q6046
1498,Sora,Etranger,,,
1499,Charleston,Etranger,,,
1500,Ottawa,Etranger,,,
1501,Hangzhou,Etranger,,,
1502,Wölflinswil,AG,47.4607,7.99835,https://www.wikidata.org/wiki/Q22641825
1503,Hettlingen,ZH,,,
1504,Loèche-Les-Bains,VS,,,
1505,Wiliberg,AG,47.26869,8.02139,https://www.wikidata.org/wiki/Q22617919
1506,Vufflens-le-Château,VD,46.52583,6.46669,https://www.wikidata.org/wiki/Q69445
1507,Singapore,Etranger,1.3,103.8,https://www.wikidata.org/wiki/Q334
1508,Santiago,Etranger,,,
1509,Neu-Ulm,Etranger,,,
1510,Modesto,Etranger,,,
1511,Alahärmä,Etranger,63.245646,22.855554,https://www.wikidata.org/wiki/Q17600936
1512,Pont-Sainte-Maxence,Etranger,,,
1513,Bengaluru,Etranger,12.9791198,77.5912997,https://www.wikidata.org/wiki/Q1355
1514,Nidda,Etranger,,,
1515,Quito,Etranger,,,
1516,Newark,Etranger,,,
1517,Meknes,Etranger,33.883333333333,-5.55,https://www.wikidata.org/wiki/Q178663
1518,Lisbonne,Etranger,,,
1519,Nashville,Etranger,,,
1520,Addis Ababa,Etranger,9.035833333333333,38.7525,https://www.wikidata.org/wiki/Q3624
1521,Aalen,Etranger,,,
1522,King's Lynn,Etranger,52.7543,0.3976,https://www.wikidata.org/wiki/Q157341
1523,Solingen,Etranger,51.17194444444444,7.084722222222222,https://www.wikidata.org/wiki/Q2942
1524,Grabs,SG,,,
1525,Trutnov,Etranger,50.561045737535,15.912798547953,https://www.wikidata.org/wiki/Q320950
1526,Hazaribagh,Etranger,,,
1527,Bussigny-sur-Oron,VD,46.566666666667,6.85,https://www.wikidata.org/wiki/Q689297
1528,Zumikon,ZH,47.33158,8.62271,https://www.wikidata.org/wiki/Q22658742
1529,Zullwil,SO,47.39263,7.6005,https://www.wikidata.org/wiki/Q22658655
1530,Gloucestershire,Etranger,,,
1531,Windisch,AG,,,
1532,Donauwörth,Etranger,,,
1533,Koblenz,Etranger,,,
1534,Sarajevo,Etranger,43.85638888888889,18.413055555555555,https://www.wikidata.org/wiki/Q11194
1535,Ennetbaden,AG,,,
1536,Les Pâquis,GE,46.2138,6.1508,https://www.wikidata.org/wiki/Q15708848
1537,Aarberg,BE,47.04439,7.27578,https://www.wikidata.org/wiki/Q56434818
1538,Prilly,VD,,,
1539,Riaz,Etranger,46.64224,7.06183,https://www.wikidata.org/wiki/Q22373896
1540,Penthalaz,VD,46.61077,6.52519,https://www.wikidata.org/wiki/Q22513944
1541,District 3,ZH,47.366666666667,8.5166666666667,https://www.wikidata.org/wiki/Q675017
1542,Hochheim am Main,Etranger,50.01083333333333,8.350763888888888,https://www.wikidata.org/wiki/Q632750
1543,Tailfingen,Etranger,,,
1544,Carinthia,Etranger,,,
1545,Salzburg,Etranger,47.8,13.045,https://www.wikidata.org/wiki/Q34713
1546,Innsbruck,Etranger,,,
1547,Hudiksvall,Etranger,61.72895153855,17.11209243158,https://www.wikidata.org/wiki/Q642964
1548,Le Chenit,VD,,,
1549,Marburg,Etranger,,,
1550,Bois-Colombes,Etranger,,,
1551,Chessel,VD,,,
1552,Pozzuolo,Etranger,,,
1553,Bagheria,Etranger,38.07892,13.51237,https://www.wikidata.org/wiki/Q30022490
1554,Belfaux,FR,46.82171,7.10674,https://www.wikidata.org/wiki/Q22374123
1555,St-Cergue,VD,,,
1556,Neuhausen,SH,,,
1557,Yens sur Morges,VD,,,
1558,Vucherens,VD,,,
1559,Les Sciernes d'Albeuve,FR,,,
1560,Saint-Quentin,Etranger,,,
1561,Chavannes-le-Veyron,VD,,,
1562,Yvonand,VD,,,
1563,Meyriez,FR,,,
1564,Ballens,VD,,,
1565,Gersau,SZ,46.99419,8.525,https://www.wikidata.org/wiki/Q22638089
1566,Salquenen,VS,,,
1567,Fontainebrux,Etranger,,,
1568,Bogota,Etranger,,,
1569,Hefenhausen,TG,,,
1570,Chesalles-sur-Oron,VD,46.566666666667,6.85,https://www.wikidata.org/wiki/Q678757
1571,Thierrens,VD,46.7,6.75,https://www.wikidata.org/wiki/Q70681
1572,Avry-sur-Matran,FR,,,
1573,Ollon,VD,46.29524,6.99314,https://www.wikidata.org/wiki/Q22614040
1574,Esmonts,FR,,,
1575,Ferrières sur Annecy,Etranger,,,
1576,Cossonay,VD,46.61443,6.50631,https://www.wikidata.org/wiki/Q22352515
1577,Chaves,Etranger,41.740277777778,-7.4688888888889,https://www.wikidata.org/wiki/Q49281908
1578,Leysin,VD,,,
1579,Charrat,VS,,,
1580,Vernand-Dessous,VD,46.577417,6.60556,https://www.wikidata.org/wiki/Q3555950
1581,Vernand-Dessus,VD,46.57333,6.61558,https://www.wikidata.org/wiki/Q3555948
1582,Zell,LU,,,
1583,St-Andrew,Etranger,,,
1584,Lavey,VD,46.21666667,7.03333333,https://www.wikidata.org/wiki/Q15241950
1585,Le Brassus,VD,46.583333333333,6.2166666666667,https://www.wikidata.org/wiki/Q962246
1586,Créteil,Etranger,48.777777777778,2.4530555555556,https://www.wikidata.org/wiki/Q46135
1587,Ecublens,FR,,,
1588,Peyres-Possens,VD,46.666666666667,6.7,https://www.wikidata.org/wiki/Q70683
1589,Syens,VD,,,
1590,Les Charbonnières,VD,46.666666666667,6.3166666666667,https://www.wikidata.org/wiki/Q3231376
1591,Washington,Etranger,,,
1592,Varennes-lès-Nevers,Etranger,,,
1593,Baulmes,VD,46.79031,6.52279,https://www.wikidata.org/wiki/Q22536606
1594,Lille,Etranger,,,
1595,Oron-le-Châtel,VD,46.566666666667,6.8333333333333,https://www.wikidata.org/wiki/Q689061
1596,Medellin,Etranger,,,
1597,Hanoi,Etranger,21.0245,105.84117,https://www.wikidata.org/wiki/Q1858
1598,Châteauroux,Etranger,,,
1599,Canton of Basel-Stadt,BS,47.566666666667,7.6,https://www.wikidata.org/wiki/Q12172
1600,Le Sépey,VD,46.3616,7.05142,https://www.wikidata.org/wiki/Q3227501
1601,Villeneuve,VD,,,
1602,Epalinges,VD,46.55177,6.66829,https://www.wikidata.org/wiki/Q22415728
1603,Saint-Aubin FR,FR,,,
1604,Martigny-Ville,VS,,,
1605,Fiez,VD,46.82716,6.62333,https://www.wikidata.org/wiki/Q22464707
1606,Montana-Village,VS,,,
1607,Bougy-Villars,VD,,,
1608,Rougemont,VD,,,
1609,Bujumo-Murambi,Etranger,,,
1610,Gams,SG,,,
1611,Mantova,Etranger,,,
1612,Mambore,Etranger,-1.81,41.43,https://www.wikidata.org/wiki/Q6745545
1613,Lourtier,VS,46.05122222222222,7.264083333333334,https://www.wikidata.org/wiki/Q67403935
1614,Lugaggia,TI,46.066666666667,8.9666666666667,https://www.wikidata.org/wiki/Q690137
1615,Cortébert,BE,47.19074,7.107097,https://www.wikidata.org/wiki/Q22351993
1616,Montagnola,TI,,,
1617,Bedano,TI,,,
1618,Lopagno,TI,46.06833333,8.97722222,https://www.wikidata.org/wiki/Q1753087
1619,Valsolda,Etranger,46.033333333333,9.05,https://www.wikidata.org/wiki/Q47338
1620,Cureglia,TI,,,
1621,Imperia,Etranger,43.886466666667,8.0296527777778,https://www.wikidata.org/wiki/Q13318
1622,Arzo,TI,,,
1623,Corzoneso,TI,46.44638889,8.93444444,https://www.wikidata.org/wiki/Q2984830
1624,Corticiasca,TI,46.083333333333,9.0166666666667,https://www.wikidata.org/wiki/Q157349
1625,Cesena/Forlì,Etranger,,,
1626,Schattdorf,UR,46.8655,8.65465,https://www.wikidata.org/wiki/Q22441840
1627,Ligornetto,TI,45.866666666667,8.9333333333333,https://www.wikidata.org/wiki/Q70330
1628,Bironico,TI,46.116666666667,8.9333333333333,https://www.wikidata.org/wiki/Q259939
1629,Sementina,TI,,,
1630,Novaggio,TI,46.0102,8.8561,https://www.wikidata.org/wiki/Q22398196
1631,Massagno,TI,46.01562,8.94534,https://www.wikidata.org/wiki/Q22447990
1632,Madras,Etranger,,,
1633,Gentilino,TI,45.99111,8.93528,https://www.wikidata.org/wiki/Q2629030
1634,Meisterschwanden,AG,47.29489,8.22867,https://www.wikidata.org/wiki/Q22492753
1635,Monteggio,TI,,,
1636,Grono,GR,,,
1637,Grenoble,Etranger,,,
1638,Stabio,TI,,,
1639,Carabietta,TI,45.966666666667,8.9,https://www.wikidata.org/wiki/Q688587
1640,Brissago,TI,45.94921,8.7459,https://www.wikidata.org/wiki/Q30023162
1641,Joroinen parish village,Etranger,62.17951,27.82642,https://www.wikidata.org/wiki/Q3359506
1642,Muzzano,TI,,,
1643,Vico Morcote,TI,,,
1644,Koper,Etranger,45.547542728,13.7306571,https://www.wikidata.org/wiki/Q1015
1645,Lecco,Etranger,,,
1646,Buerglen,TG,,,
1647,Brusino Arsizio,TI,45.93026,8.93875,https://www.wikidata.org/wiki/Q22601717
1648,Cremona,Etranger,,,
1649,Kandersteg,BE,46.49467,7.67326,https://www.wikidata.org/wiki/Q22526551
1650,Cadro,TI,,,
1651,Cimadera,TI,46.083333333333,9.05,https://www.wikidata.org/wiki/Q68007
1652,Cevio,TI,46.31608,8.60131,https://www.wikidata.org/wiki/Q22474970
1653,Champdepraz,Etranger,,,
1654,Loco,TI,,,
1655,Olivone,TI,46.533333333333,8.95,https://www.wikidata.org/wiki/Q690142
1656,Brè,TI,46.011432,8.997142,https://www.wikidata.org/wiki/Q3646180
1657,Sarnico,Etranger,45.67099,9.96152,https://www.wikidata.org/wiki/Q30030423
1658,Ostiglia,Etranger,,,
1659,Prizren,Etranger,,,
1660,Auenstein,AG,49.0583,9.28111,https://www.wikidata.org/wiki/Q759128
1661,Asnières-sur-Seine,Etranger,48.91667,2.28333,https://www.wikidata.org/wiki/Q49344708
1662,São Paulo,Etranger,,,
1663,Essertes,VD,,,
1664,"Malsch, Kreiz Karlsruhe",Etranger,,,
1665,Boveresse,NE,46.916666666667,6.6,https://www.wikidata.org/wiki/Q869607
1666,Noflen,BE,46.807222222222,7.5422222222222,https://www.wikidata.org/wiki/Q66152
1667,Etagnières,VD,,,
1668,Belmont-sur-Pully,VD,,,
1669,Vitznau,LU,,,
1670,Therwil,BL,47.50117,7.55286,https://www.wikidata.org/wiki/Q22494360
1671,Daniken,SO,50.9661,5.8494,https://www.wikidata.org/wiki/Q2347495
1672,Marthalen,ZH,47.62913,8.65326,https://www.wikidata.org/wiki/Q22440258
1673,Pfäffikon,ZH,47.366666666667,8.7822222222222,https://www.wikidata.org/wiki/Q68269
1674,Leutkirch,Etranger,,,
1675,Wädenswilerberg,ZH,,,
1676,Oberhelfenschwil,SG,,,
1677,Kollbrunn,ZH,47.457833333333,8.7746666666667,https://www.wikidata.org/wiki/Q692007
1678,Villars-sur-Glâne,FR,,,
1679,Dardagny,GE,,,
1680,Choulex,GE,,,
1681,Regensdorf,ZH,,,
1682,Lissa,Etranger,,,
1683,Nidzica,Etranger,53.358333333333,20.425,https://www.wikidata.org/wiki/Q527768
1684,Heslach,Etranger,48.76,9.15,https://www.wikidata.org/wiki/Q110556554
1685,Mindersdorf,Etranger,,,https://www.wikidata.org/wiki/Q112224741
1686,Krummenau,SG,47.2475,9.1705555555556,https://www.wikidata.org/wiki/Q22558262
1687,Madretsch,BE,47.132222222222,7.2544444444444,https://www.wikidata.org/wiki/Q1883457
1688,Santa Maria,GR,,,
1689,Burzweiler,Etranger,,,
1690,Regensburg,Etranger,,,
1691,Aachen,Etranger,50.776207,6.083788,https://www.wikidata.org/wiki/Q1017
1692,Cagliari,Etranger,,,
1693,Irun,Etranger,43.33904,-1.78938,https://www.wikidata.org/wiki/Q23999366
1694,Cottbus,Etranger,,,
1695,Oakville,Etranger,,,
1696,Nice,Etranger,,,
1697,Piacenza,Etranger,,,
1698,Nembro,Etranger,,,
1699,Corme,Etranger,,,
1700,Maracaibo,Etranger,10.633333333333,-71.633333333333,https://www.wikidata.org/wiki/Q171632
1701,Maccio,Etranger,45.779722222222,9.0241666666667,https://www.wikidata.org/wiki/Q3842045
1702,Hégenheim,Etranger,,,
1703,Göteborg,Etranger,,,
1704,Niédens,VD,,,
1705,Rehetobel,AR,47.42611,9.483,https://www.wikidata.org/wiki/Q22594017
1706,Le Lac-Noir,FR,,,
1707,Nérac,Etranger,,,
1708,Dietwil,AG,47.14665,8.39355,https://www.wikidata.org/wiki/Q22630345
1709,Saint-Germain-sur-Talloires,Etranger,,,
1710,Werden an der Ruhr,Etranger,,,
1711,Neuwied,Etranger,,,
1712,Waregem,Etranger,,,
1713,Visakhapatnam,Etranger,17.69388888888889,83.29222222222222,https://www.wikidata.org/wiki/Q200016
1714,Escholzmatt-Marbach,LU,,,
1715,Verona,Etranger,45.43861111111111,10.992777777777778,https://www.wikidata.org/wiki/Q2028
1716,Hagen,Etranger,,,
1717,Fulenbach,SO,47.27496,7.83343,https://www.wikidata.org/wiki/Q22617552
1718,Langnau im Emmental,BE,46.939444444444,7.7875,https://www.wikidata.org/wiki/Q35642023
1719,Curtilles,VD,,,
1720,Kirchberg,BE,,,
1721,Egolzwil,LU,,,
1722,Les Agettes,VS,46.216666666667,7.3833333333333,https://www.wikidata.org/wiki/Q70365
1723,Biberist,SO,47.18009,7.56246,https://www.wikidata.org/wiki/Q22409160
1724,Wengi,BE,,,
1725,Beromünster,LU,47.20612,8.19265,https://www.wikidata.org/wiki/Q22398495
1726,Réclère,BE,47.383333333333,6.9166666666667,https://www.wikidata.org/wiki/Q668719
1727,Grossandelfingen,ZH,,,
1728,Schlosswil,BE,46.909166666667,7.6086111111111,https://www.wikidata.org/wiki/Q67478
1729,Zutphen,Etranger,,,
1730,Estrun,Etranger,,,
1731,Watford,Etranger,,,
1732,Flawil,SO,,,
1733,Muotathal,SZ,,,
1734,Valendas,GR,46.783055555556,9.2666666666667,https://www.wikidata.org/wiki/Q65549
1735,Drei Höfe,SO,,,
1736,Elberfeld,Etranger,,,
1737,Güttingen,TG,,,
1738,Möriken-Wildegg,AG,,,
1739,Siebnen,SZ,47.174444444444,8.8969444444444,https://www.wikidata.org/wiki/Q687976
1740,Olot,Etranger,,,
1741,Timisoara,Etranger,,,
1742,Kuopio,Etranger,62.8925,27.678333333333,https://www.wikidata.org/wiki/Q162279
1743,Ravenna,Etranger,44.416111111111114,12.201666666666666,https://www.wikidata.org/wiki/Q13364
1744,Biberach,Etranger,,,
1745,Heiligenstadt,Etranger,,,
1746,Obfelden,ZH,47.26413,8.4215,https://www.wikidata.org/wiki/Q22421959
1747,Zollikofen,ZH,,,
1748,Villette,VD,,,
1749,Hemberg,SG,,,
1750,Niedereggenen,Etranger,47.75444412,7.62555552,https://www.wikidata.org/wiki/Q15549872
1751,Muttenz,BL,,,
1752,Lindau,Etranger,,,
1753,Wiedlisbach,BE,47.25194,7.6461,https://www.wikidata.org/wiki/Q22615308
1754,Moncófar,Etranger,39.80895751,-0.14347418,https://www.wikidata.org/wiki/Q120172533
1755,Le Dézaley,VD,,,
1756,Semsales,FR,46.57375,6.93018,https://www.wikidata.org/wiki/Q22561595
1757,Savigny,VD,,,
1758,Vouvry,VS,46.333333333333,6.8833333333333,https://www.wikidata.org/wiki/Q68889
1759,Torgau,Etranger,51.560277777778,13.005555555556,https://www.wikidata.org/wiki/Q12062
1760,Nidfurn,GL,,,
1761,Wohlenschwil,AG,,,
1762,Speicher,AR,,,
1763,Saint-Cierges,VD,46.683333333333,6.7333333333333,https://www.wikidata.org/wiki/Q68923
1764,Gondiswil,BE,47.14677,7.87136,https://www.wikidata.org/wiki/Q22365042
1765,Oberwil bei Büren,BE,,,
1766,Wollerau,SZ,47.19478,8.71903,https://www.wikidata.org/wiki/Q22632539
1767,Manchester,Etranger,,,
1768,Guebwiller,Etranger,,,
1769,Halifax,Etranger,,,
1770,Boudevilliers,NE,47.033333333333,6.8833333333333,https://www.wikidata.org/wiki/Q70488
1771,Neubrunn,ZH,,,
1772,Reinach,AG,,,
1773,Weiningen,ZH,,,
1774,Stein,AR,,,
1775,Seedorf,UR,,,
1776,Chézard-Saint-Martin,NE,,,
1777,Trasadingen,SH,,,
1778,Beringen,SH,,,
1779,Rüegsau,BE,,,
1780,Straubenzell,SG,47.4072,9.32964,https://www.wikidata.org/wiki/Q2353984
1781,Büsserach,SO,47.39464,7.54116,https://www.wikidata.org/wiki/Q22368950
1782,Hesse,Etranger,-38.0844,143.887,https://www.wikidata.org/wiki/Q18165728
1783,Thunstetten,BE,47.8680721,12.6875435,https://www.wikidata.org/wiki/Q121758609
1784,Tecuci,Etranger,,,
1785,Mengestorf,BE,46.8991,7.38737,https://www.wikidata.org/wiki/Q1629251
1786,Kempten,ZH,,,
1787,Worben,BE,47.10279,7.29518,https://www.wikidata.org/wiki/Q22637087
1788,Liebewil,BE,46.9032,7.3755,https://www.wikidata.org/wiki/Q56256706
1789,Bärau,BE,,,
1790,Bürerwald,SG,,,
1791,Laupen,BE,,,
1792,Boningen,SO,,,
1793,Aeschi bei Spiez,BE,46.65848,7.6965,https://www.wikidata.org/wiki/Q22363232
1794,Schangnau,BE,46.82784,7.85987,https://www.wikidata.org/wiki/Q22441573
1795,Wynigen,BE,47.10586,7.66681,https://www.wikidata.org/wiki/Q22641085
1796,Bütschwil,SG,47.349722222222,9.0666666666667,https://www.wikidata.org/wiki/Q65676
1797,Toggenburg,SG,,,
1798,Paspels,GR,,,
1799,Hitzkirch,LU,,,
1800,Leuzigen,BE,47.17458,7.45775,https://www.wikidata.org/wiki/Q22418693
1801,Günzburg,Etranger,,,
1802,Alpnach,OW,46.94227,8.2718,https://www.wikidata.org/wiki/Q22396943
1803,Bad Säckingen,Etranger,47.553333333333,7.9472222222222,https://www.wikidata.org/wiki/Q522362
1804,Wattenwil,BE,,,
1805,Oberengstringen,ZH,47.40841,8.46515,https://www.wikidata.org/wiki/Q22420032
1806,Echandens,VD,,,
1807,Commentry,Etranger,,,
1808,Piémont,Etranger,,,
1809,Aarhus,Etranger,56.156388888889,10.209722222222,https://www.wikidata.org/wiki/Q25319
1810,Bardonnex,GE,,,
1811,Macon,Etranger,,,
1812,Vallée de Joux,VD,,,
1813,Niederschwarzbach,Etranger,,,
1814,Embrach,ZH,47.50561,8.59406,https://www.wikidata.org/wiki/Q22398804
1815,Dillingen,Etranger,,,
1816,Colombe,Etranger,,,
1817,Bayeux,Etranger,-7.125,-34.93222,https://www.wikidata.org/wiki/Q22027403
1818,Garches,Etranger,,,
1819,Friedrichsdorf,Etranger,,,
1820,Aclens,VD,46.566666666667,6.5166666666667,https://www.wikidata.org/wiki/Q30986
1821,Kehrsatz,BE,46.91035,7.47096,https://www.wikidata.org/wiki/Q22369922
1822,Völkermarkt,Etranger,,,
1823,Poméranie,Etranger,,,
1824,Galgenen,SZ,,,
1825,Unterseen,BE,46.6872,7.8497,https://www.wikidata.org/wiki/Q67097
1826,Mackenzie,Etranger,,,
1827,Pollegio,TI,,,
1828,Erlangen,Etranger,,,
1829,Wiesendangen,ZH,47.522222222222,8.7911111111111,https://www.wikidata.org/wiki/Q64853
1830,Bisaccia,Etranger,41.00923,15.37699,https://www.wikidata.org/wiki/Q30022848
1831,Campolongo sul Brenta,Etranger,45.8271,11.7008,https://www.wikidata.org/wiki/Q30023529
1832,Bossuet,Etranger,,,
1833,Fischenthal,ZH,47.33122,8.92052,https://www.wikidata.org/wiki/Q22471682
1834,Zuchwil,SO,,,
1835,Guttet,VS,46.32497,7.66541,https://www.wikidata.org/wiki/Q2610573
1836,Welschenrohr,SO,47.281388888889,7.5288888888889,https://www.wikidata.org/wiki/Q66376
1837,Lengnau,BE,47.18155,7.36814,https://www.wikidata.org/wiki/Q22407645
1838,Bingen,Etranger,,,
1839,Riedt,TG,,,
1840,Borex,VD,46.37891,6.1762,https://www.wikidata.org/wiki/Q56461204
1841,Signau,BE,46.91944,7.72418,https://www.wikidata.org/wiki/Q22623683
1842,Avry-devant-Pont,FR,46.683338,7.083329,https://www.wikidata.org/wiki/Q791529
1843,Saint-Gingolph,Etranger,,,
1844,Chavannes-près-Renens,VD,,,
1845,Menden DE,Etranger,,,
1846,Dagmersellen,LU,47.21366,7.98466,https://www.wikidata.org/wiki/Q22554261
1847,Anduze,Etranger,,,
1848,Birmingham,Etranger,,,
1849,Pontaix,Etranger,,,
1850,Valence,Etranger,44.111111111111114,0.8902777777777777,https://www.wikidata.org/wiki/Q109316531
1851,Bourg-en-Bresse,Etranger,,,
1852,Deudehom,Etranger,,,
1853,Bourdigny,GE,46.2259,6.0428,https://www.wikidata.org/wiki/Q56261094
1854,Amiens,Etranger,,,
1855,Mariastein,SO,,,
1856,Lenzburg,AG,47.3875,8.1802777777778,https://www.wikidata.org/wiki/Q69433
1857,Villmergen,AG,47.34917,8.24583,https://www.wikidata.org/wiki/Q22423982
1858,Alost,Etranger,,,
1859,Safenwil,AG,47.3214,7.98122,https://www.wikidata.org/wiki/Q22376909
1860,Kirchberg,Etranger,,,
1861,Elbistan,Etranger,,,
1862,Poebene,Etranger,,,
1863,Tarcento,Etranger,46.21251,13.21514,https://www.wikidata.org/wiki/Q30031007
1864,Wohlen,BE,,,
1865,Sankt Stephan,BE,,,
1866,Märstetten,TG,,,
1867,Tenero,TI,,,https://www.wikidata.org/wiki/Q121434857
1868,Niederhallwil,AG,,,
1869,Au,SG,,,
1870,Oberägeri,SZ,,,
1871,Oftringen,AG,,,
1872,Stein am Rhein,SH,47.65933,8.85964,https://www.wikidata.org/wiki/Q22389728
1873,Corcelles-près-Concise,VD,46.833333333333,6.7,https://www.wikidata.org/wiki/Q57102
1874,Chur,GR,46.85212,9.52965,https://www.wikidata.org/wiki/Q69007
1875,Cernier,NE,47.06055555555555,6.901944444444444,https://www.wikidata.org/wiki/Q68535
1876,Malans,GR,,,
1877,Vauderens,FR,46.616667,6.850003,https://www.wikidata.org/wiki/Q1784573
1878,Gstaad,BE,46.466666666667,7.2833333333333,https://www.wikidata.org/wiki/Q37149
1879,Schüpfheim,LU,,,
1880,Hohenrain,LU,,,
1881,Cormoret,BE,,,
1882,Dürnten,ZH,47.27572,8.85378,https://www.wikidata.org/wiki/Q22609364
1883,St-Imier,BE,,,
1884,Kirchlindach,BE,47.001561,7.41555,https://www.wikidata.org/wiki/Q124363357
1885,Saxeten,BE,46.63658,7.83087,https://www.wikidata.org/wiki/Q22437488
1886,Bévilard,BE,,,
1887,Châlons-en-Champagne,Etranger,,,
1888,Villnachern,AG,47.47098,8.15975,https://www.wikidata.org/wiki/Q22424021
1889,Dättwil,AG,,,
1890,Zollikon et Affoltern,ZH,,,
1891,Veltheim,AG,,,
1892,Ramosch,GR,46.833055555556,10.383333333333,https://www.wikidata.org/wiki/Q65089
1893,Hölstein,BL,,,
1894,Transvaal,Etranger,,,
1895,Lausen,BL,,,
1896,Ettiswil,LU,,,
1897,Weissenburg,BE,,,
1898,Breil/Brigels,GR,,,
1899,Schocherswil,TG,,,
1900,Dietikon,ZH,,,
1901,Libingen,SG,47.328787,9.022927,https://www.wikidata.org/wiki/Q29015141
1902,Kräiligen,BE,47.150646,7.535816,https://www.wikidata.org/wiki/Q126142068
1903,Illnau-Effretikon,ZH,47.415833333333,8.7197222222222,https://www.wikidata.org/wiki/Q64873
1904,Rothrist,AG,47.30508,7.89196,https://www.wikidata.org/wiki/Q22467400
1905,Eysins,VD,46.3817,6.20695,https://www.wikidata.org/wiki/Q22449726
1906,Málaga,Etranger,,,
1907,Krillberg,TG,47.4797,8.9478,https://www.wikidata.org/wiki/Q15824448
1908,Uman,Etranger,,,
1909,Schinznach-Dorf,AG,,,
1910,Oberstammheim,ZH,47.633888888889,8.7994444444444,https://www.wikidata.org/wiki/Q67902
1911,La Jonchère,NE,,,
1912,Cully,VD,,,
1913,Morbio Inferiore,TI,45.85341,9.01644,https://www.wikidata.org/wiki/Q22386770
1914,Willisdorf,TG,47.6814,8.738,https://www.wikidata.org/wiki/Q15854709
1915,Eichberg,SG,,,
1916,Vira,TI,,,
1917,Les Bayards,NE,,,
1918,Chaluet,BE,,,
1919,Sonceboz,BE,,,
1920,Zauggenried,BE,47.072777777778,7.5405555555556,https://www.wikidata.org/wiki/Q67424
1921,Lyssach,BE,47.06445,7.58228,https://www.wikidata.org/wiki/Q22614061
1922,Corsier-sur-Vevey,VD,46.466666666667,6.85,https://www.wikidata.org/wiki/Q57110
1923,Vuippens,FR,46.66,7.075,https://www.wikidata.org/wiki/Q2535226
1924,Mur,VD,,,
1925,Montana,VS,,,
1926,Campli,Etranger,,,
1927,Schönholzerswilen,TG,47.51702,9.14089,https://www.wikidata.org/wiki/Q22548825
1928,Abtwil,AG,47.4187,9.31558,https://www.wikidata.org/wiki/Q183419
1929,Nürtingen,Etranger,48.626666666667,9.3352777777778,https://www.wikidata.org/wiki/Q14853
1930,Moosaffoltern,BE,47.04313,7.43995,https://www.wikidata.org/wiki/Q56257480
1931,L'Auberson,VD,46.8178,6.4594,https://www.wikidata.org/wiki/Q3202583
1932,Ambrì,TI,46.509166666667,8.6947222222222,https://www.wikidata.org/wiki/Q459932
1933,Montpreveyres,VD,46.58264,6.74114,https://www.wikidata.org/wiki/Q22368452
1934,Berlingen,TG,50.8175,5.3103,https://www.wikidata.org/wiki/Q2897282
1935,Roggwil,TG,,,
1936,Faoug,VD,46.90829,7.07803,https://www.wikidata.org/wiki/Q22455588
1937,Grosswangen,LU,47.13282,8.04781,https://www.wikidata.org/wiki/Q22650825
1938,Erschwil,SO,47.37386,7.54137,https://www.wikidata.org/wiki/Q22420493
1939,Ilanz,GR,46.766388888889,9.2,https://www.wikidata.org/wiki/Q64213
1940,Täsch,VS,,,
1941,Udligenswil,LU,47.09005,8.40335,https://www.wikidata.org/wiki/Q22380388
1942,Thal,SG,,,
1943,Saint-Antoine,FR,,,
1944,Sins,AG,47.19216,8.39578,https://www.wikidata.org/wiki/Q22630461
1945,Stockton,Etranger,,,
1946,Basel,BS,47.560555555556,7.5905555555556,https://www.wikidata.org/wiki/Q78
1947,Człuchów,Etranger,53.66722222222222,17.35861111111111,https://www.wikidata.org/wiki/Q640469
1948,Dulliken,SO,,,
1949,Rotkreuz,ZG,,,
1950,Siviriez,FR,46.65852,6.87774,https://www.wikidata.org/wiki/Q22632316
1951,Seigneux,VD,46.733333333333,6.8833333333333,https://www.wikidata.org/wiki/Q668843
1952,Bouquenom,Etranger,48.94065,7.08912,https://www.wikidata.org/wiki/Q895168
1953,Nîmes,Etranger,,,
1954,Mazamet,Etranger,,,
1955,Mont-la-Ville,VD,46.64661,6.40898,https://www.wikidata.org/wiki/Q22358431
1956,Feldbrunnen,SO,,,
1957,Tesserete,TI,46.0667,8.96667,https://www.wikidata.org/wiki/Q3387646
1958,Eggiwil,BE,46.87575,7.79567,https://www.wikidata.org/wiki/Q67393
1959,Airolo,TI,46.52847,8.60881,https://www.wikidata.org/wiki/Q56435141
1960,Zwickau,Etranger,,,
1961,Étampes,Etranger,,,
1962,Wilno,Etranger,,,
1963,Neumarkt in Steiermark,Etranger,,,
1964,Savièse,VS,46.25115,7.34558,https://www.wikidata.org/wiki/Q22433869
1965,Lodi,Etranger,,,
1966,Miami,Etranger,,,
1967,Alexandria,Etranger,,,
1968,Wilster,Etranger,,,
1969,Caen,Etranger,49.18138888888889,-0.3636111111111111,https://www.wikidata.org/wiki/Q41185
1970,Katowice,Etranger,,,
1971,Wipperfürth,Etranger,,,
1972,Neckarau,Etranger,49.453511111111,8.4909194444444,https://www.wikidata.org/wiki/Q1973682
1973,Montandon,Etranger,40.9653,-76.8531,https://www.wikidata.org/wiki/Q6022205
,,,40.9647,-76.8547,
1974,Wittenberge,Etranger,52.997734,11.75041,https://www.wikidata.org/wiki/Q541956
1975,"Reddemitz, Westpreussen",Etranger,,,
1976,Tuttlingen,Etranger,,,
1977,Höngg-Zürich,ZH,,,
1978,Glovelier,BE,47.333333333333,7.2,https://www.wikidata.org/wiki/Q68494
1979,Diemtigen,BE,46.64928,7.56477,https://www.wikidata.org/wiki/Q22630083
1980,Duisburg,Etranger,,,
1981,Karachi,Etranger,,,
1982,Haslen,GL,,,
1983,Dijon,Etranger,47.323055555556,5.0419444444444,https://www.wikidata.org/wiki/Q7003
1984,Groningen,Etranger,,,
1985,Eupen,Etranger,,,
1986,Cinuos-chel,GR,46.642583333333334,10.024055555555556,https://www.wikidata.org/wiki/Q1092598
1987,Gampel,VS,,,
1988,Le Mans,Etranger,48.004166666667,0.19694444444444,https://www.wikidata.org/wiki/Q1476
1989,Condrieu,Etranger,,,
1990,The Bronx,Etranger,,,
1991,Riggisberg,BE,,,
1992,Seeberg,BE,,,
1993,Littau,LU,,,
1994,Saint-Loup,VD,43.2733146,5.4399194,https://www.wikidata.org/wiki/Q3462787
1995,Stans,LU,,,
1996,Vilters-Wangs,SG,,,
1997,Obstalden,GL,47.116944444444,9.1502777777778,https://www.wikidata.org/wiki/Q659922
1998,Unterkulm,AG,,,
1999,Lengnau,AG,47.18155,7.36814,https://www.wikidata.org/wiki/Q22407645
2000,Schwändi,GL,,,
2001,Ankara,Etranger,,,
2002,Wildberg,ZH,,,
2003,Bruggen,SG,,,
2004,Seuzach,ZH,,,
2005,Großbartloff (kapital sa munisipyo),Etranger,51.25,10.21667,https://www.wikidata.org/wiki/Q49283511
2006,Recherswil,SO,,,
2007,Ziegelbrücke,GL,,,
2008,Balterswil,TG,47.45277778,8.9375,https://www.wikidata.org/wiki/Q4852642
2009,Yerevan,Etranger,40.181388888889,44.514444444444,https://www.wikidata.org/wiki/Q1953
2010,Montagny,VD,46.79289,6.61222,https://www.wikidata.org/wiki/Q22364149
2011,Merseburg,Etranger,,,
2012,Apples,VD,,,
2013,Rennaz,VD,,,
2014,Wörgl,Etranger,,,
2015,Saint Petersburg,Etranger,,,
2016,Oberrieden,ZH,,,
2017,Riddes,VS,46.173083333333,7.2224444444444,https://www.wikidata.org/wiki/Q22380056
2018,Gossau,ZH,,,
2019,Urdorf,ZH,,,
2020,Ottiswil,BE,,,
2021,Prévonloup,VD,,,
2022,Leimbach,AG,,,
2023,Egringen,Etranger,,,
2024,Schüpfen,BE,47.03661,7.37723,https://www.wikidata.org/wiki/Q22548525
2025,Baselaugst,BL,,,
2026,Chavornay,VD,46.70244,6.5694,https://www.wikidata.org/wiki/Q22485145
2027,Montfaucon,BE,,,
2028,Vesin,FR,,,
2029,Savièse,VS,46.25115,7.34558,https://www.wikidata.org/wiki/Q22433869
2030,Fiorano,Etranger,,,
2031,Lüsslingen,SO,47.19,7.5013888888889,https://www.wikidata.org/wiki/Q67217
2032,Bailén,Etranger,,,
2033,Schlierbach,LU,,,
2034,Ostiano,Etranger,45.2226,10.2545,https://www.wikidata.org/wiki/Q30028458
2035,Grub,SG,,,
2036,Igis,GR,46.949722222222,9.5666666666667,https://www.wikidata.org/wiki/Q658739
2037,Gränichen,AG,,,
2038,Därligen,BE,46.66175,7.80808,https://www.wikidata.org/wiki/Q22610065
2039,Pedrinate,TI,,,
2040,Neuenegg,BE,,,
2041,Kriegstetten,SO,47.17449,7.59799,https://www.wikidata.org/wiki/Q22557922
2042,Schaplava,Etranger,,,
2043,Berneck,SG,,,
2044,Allschwil,BL,,,
2045,Bramstedt,Etranger,,,
2046,Zihlschlacht,TG,47.5233,9.2604,https://www.wikidata.org/wiki/Q15855734
2047,Tamins,GR,,,
2048,Oberegg,AI,,,
2049,Schänis,SG,47.15995,9.04549,https://www.wikidata.org/wiki/Q22548580
2050,Obersteckholz,BE,47.199722222222,7.8194444444444,https://www.wikidata.org/wiki/Q67233
2051,Buchrain,LU,,,
2052,Seißen,Etranger,48.4171,9.7449,https://www.wikidata.org/wiki/Q1260145
2053,Hasle-Rüegsau,BE,47.016269444444,7.6557777777778,https://www.wikidata.org/wiki/Q1517092
2054,Rüeggisberg,BE,46.82216,7.4389,https://www.wikidata.org/wiki/Q22369006
2055,Torny-le-Grand,FR,,,
2056,Le Cateau,Etranger,,,
2057,Brusino,TI,,,
2058,Porza,TI,,,
2059,Les Petits-Ponts,NE,,,
2060,Brügg,BE,,,
2061,Pampigny,VD,,,
2062,Agriswil,FR,,,
2063,Matten,BE,,,
2064,Miesbach,Etranger,,,
2065,Le Bry,FR,46.699998,7.083337,https://www.wikidata.org/wiki/Q1809758
2066,Oberhofen,BE,,,
2067,Reichenbach im Kandertal,BE,,,
2068,Les Geneveys-sur-Coffrane,NE,47.016666666667,6.85,https://www.wikidata.org/wiki/Q70448
2069,Autigny,FR,,,
2070,Dietlikon,ZH,,,
2071,Bümpliz,BE,,,
2072,Rust,Etranger,,,
2073,Russikon,ZH,47.39669,8.77515,https://www.wikidata.org/wiki/Q22364982
2074,Kemptthal,ZH,47.448321,8.7021,https://www.wikidata.org/wiki/Q22377938
2075,Rüschlikon,ZH,,,
2076,Zeiningen,AG,,,
2077,Wangen,BE,,,
2078,Nottingham,Etranger,,,
2079,Niederbüren,SG,47.46547,9.20568,https://www.wikidata.org/wiki/Q22610605
2080,Wigoltingen,TG,47.5977,9.03141,https://www.wikidata.org/wiki/Q22615859
2081,Kaltbrunn,SG,,,
2082,Oberbach,FR,,,
2083,Derendingen,SO,,,
2084,Hochfelden,ZH,,,
2085,Bettwiesen,TG,,,
2086,Recklinghauser,Etranger,,,
2087,Horw,LU,,,
2088,Päwesin,Etranger,52.5167,12.7167,https://www.wikidata.org/wiki/Q32701576
2089,Kleinhandelfingen,ZH,,,
2090,Othmarsingen,AG,47.40149,8.21852,https://www.wikidata.org/wiki/Q22452667
2091,Widnau,SG,,,
2092,Gerlafingen,SO,47.16978,7.57505,https://www.wikidata.org/wiki/Q22637456
2093,Niederhünigen,BE,,,
2094,Saint-Ursanne,BE,47.36504648359477,7.154645583908892,https://www.wikidata.org/wiki/Q661799
2095,Péry,BE,,,
2096,Buchs b. Aarau,AG,,,
2097,Kirchberg,SG,,,
2098,S. Vito al Tagliamento,Etranger,,,
2099,Titterten,BL,47.40213,7.71617,https://www.wikidata.org/wiki/Q22509894
2100,Romainmôtier,VD,,,
2101,Promasens,FR,,,
2102,Giubiasco,TI,,,
2103,Treycovagnes,VD,,,
2104,Nendaz,VS,,,
2105,Châtel-St-Denis,FR,46.52691,6.90083,https://www.wikidata.org/wiki/Q22484469
2106,Brescia,Etranger,45.538888888889,10.220280555556,https://www.wikidata.org/wiki/Q6221
2107,Comologno,TI,,,
2108,Grüningen,ZH,,,
2109,Bollingen,SG,,,
2110,Strengelbach,AG,47.27917,7.92895,https://www.wikidata.org/wiki/Q22416317
2111,Canobbio,TI,46.03426,8.96566,https://www.wikidata.org/wiki/Q22404957
2112,Estavayer-le-Lac,FR,46.85,6.847222,https://www.wikidata.org/wiki/Q67516
2113,Engi,GL,46.981944444444,9.1527777777778,https://www.wikidata.org/wiki/Q661652
2114,Saas-Balen,VS,46.15233,7.93531,https://www.wikidata.org/wiki/Q22371898
2115,Grenchen,SO,,,
2116,Sovramonte - Belluno,Etranger,,,
2117,Reggio Emilia,Etranger,44.7,10.633333333333,https://www.wikidata.org/wiki/Q13360
2118,Villeurbanne,Etranger,45.766111111111,4.8794444444444,https://www.wikidata.org/wiki/Q582
2119,Altensteigdorf,Etranger,,,
2120,Lotzwil,BE,47.19135,7.79102,https://www.wikidata.org/wiki/Q22660578
2121,Rickenbach,LU,,,
2122,Rupperswil,AG,47.40131,8.12877,https://www.wikidata.org/wiki/Q22360739
2123,Ammerswil,AG,,,
2124,Röthenbach,BE,,,
2125,Rothenburg,LU,,,
2126,Uerkheim,AG,47.30289,8.02371,https://www.wikidata.org/wiki/Q22380761
2127,Suhr,AG,,,
2128,Mastrils,GR,46.966111111111,9.5425,https://www.wikidata.org/wiki/Q659822
2129,Grächen,VS,46.195277777778,7.8375,https://www.wikidata.org/wiki/Q22652016
2130,Saint-Léonard,VS,,,
2131,Verviers-Hodimont,Etranger,,,
2132,St-imier,BE,,,
2133,Saint-Blaise,NE,47.0131,6.9864,https://www.wikidata.org/wiki/Q70424
2134,Delémont,BE,47.365277777778,7.3472222222222,https://www.wikidata.org/wiki/Q63896
2135,Chermignon,VS,46.28530555555555,7.477777777777778,https://www.wikidata.org/wiki/Q69532
2136,Niederbipp,BE,47.26613,7.69461,https://www.wikidata.org/wiki/Q22610571
2137,Oerlikon,ZH,47.416666666667,8.55,https://www.wikidata.org/wiki/Q167179
2138,Lengwil,TG,,,
2139,Niederrohrdorf,AG,47.42352,8.30643,https://www.wikidata.org/wiki/Q22610798
2140,Sondrio,Etranger,,,
2141,Fregiécourt,BE,47.416666666667,7.2,https://www.wikidata.org/wiki/Q671107
2142,Neuchàtel,NE,,,
2143,Alt Wallmoden/Goslar,Etranger,,,
2144,Matzendorf,SO,,,
2145,Montignez,BE,47.483333333333,7.05,https://www.wikidata.org/wiki/Q668705
2146,Bollion,FR,46.817778,6.827222,https://www.wikidata.org/wiki/Q674405
2147,Champoz,BE,,,
2148,Riniken,AG,,,
2149,Collombey,VS,46.27008,6.94835,https://www.wikidata.org/wiki/Q22701994
2150,Coffrane,NE,47.016666666667,6.8666666666667,https://www.wikidata.org/wiki/Q70485
2151,Langwiesen,ZH,,,
2152,Selzach,SO,,,
2153,Oltigen,BE,,,
2154,Bofflens,VD,46.7,6.5,https://www.wikidata.org/wiki/Q52267
2155,Fraubrunnen,BE,47.0862,7.52727,https://www.wikidata.org/wiki/Q22507987
2156,Römerswil,LU,,,
2157,Uetikon am See,ZH,,,
2158,Collebeato,Etranger,45.58118,10.21017,https://www.wikidata.org/wiki/Q30024926
2159,Bercher,VD,,,
2160,Stein am Rhein,SH,47.65933,8.85964,https://www.wikidata.org/wiki/Q22389728
2161,Malleray,BE,47.23809,7.26642,https://www.wikidata.org/wiki/Q22389202
,,,47.23839,7.27286,
2162,Obergesteln,VS,46.5,8.3166666666667,https://www.wikidata.org/wiki/Q662541
2163,Coppet,VD,,,
2164,Velký Osek,Etranger,,,
2165,Staad,SG,,,
2166,Altona,Etranger,,,
2167,Neuburg am Inn,Etranger,,,
2168,Nürnberg,Etranger,,,
2169,Piancastagnaio,Etranger,42.85067,11.69014,https://www.wikidata.org/wiki/Q30028786
2170,Erzurum,Etranger,,,
2171,Wald,AR,,,
2172,Sorvilier,BE,,,
2173,Müswangen,LU,47.237777777778,8.2883333333333,https://www.wikidata.org/wiki/Q669332
2174,Klein-Sangerberg,Etranger,,,
2175,Veltheim,ZH,,,
2176,Marly,FR,,,
2177,Buus,BL,47.50542,7.86476,https://www.wikidata.org/wiki/Q22364264
2178,Mézières,VD,,,
2179,Ennetbürgen,NW,46.98423,8.41003,https://www.wikidata.org/wiki/Q22412498
2180,La Bosse,BE,47.2697,7.0179,https://www.wikidata.org/wiki/Q56260854
2181,Puidoux,VD,,,
2182,Laconnex,GE,,,
2183,Niedergösgen,SO,47.37217,7.99122,https://www.wikidata.org/wiki/Q22610708
2184,Reiden,LU,,,
2185,Mülchi,BE,47.102222222222,7.4783333333333,https://www.wikidata.org/wiki/Q67579
2186,Rivaz,VD,46.466666666667,6.7666666666667,https://www.wikidata.org/wiki/Q70515
2187,Walchwil,ZG,47.10169,8.51693,https://www.wikidata.org/wiki/Q22440729
2188,Felsberg,GR,,,
2189,Unterengstringen,ZH,47.41396,8.44761,https://www.wikidata.org/wiki/Q22388401
2190,Ennetmoos,NW,,,
2191,Landquart,GR,46.967283,9.563295,https://www.wikidata.org/wiki/Q119086132
2192,Schwadernau,BE,,,
2193,Engelburg,SG,47.4442,9.34079,https://www.wikidata.org/wiki/Q1342030
2194,Wila,ZH,36.616725,-89.783417,https://www.wikidata.org/wiki/Q27995293
2195,Mörigen,BE,47.0851,7.21413,https://www.wikidata.org/wiki/Q22645003
2196,Cadenazzo,TI,46.15108,8.94199,https://www.wikidata.org/wiki/Q22376384
2197,Krattigen,BE,46.66139,7.72777,https://www.wikidata.org/wiki/Q22557587
2198,Goldiwil,BE,46.733327777778,7.6833305555556,https://www.wikidata.org/wiki/Q1359643
2199,Simrishamn,Etranger,55.550793241987,14.347881242183,https://www.wikidata.org/wiki/Q648536
2200,Umeå,Etranger,63.828453583518,20.270566462023,https://www.wikidata.org/wiki/Q25579
2201,Flüelen,UR,,,
2202,Grosshöchstetten,BE,,,
2203,Kappel,SG,,,
2204,Balerna,TI,45.84638,9.00724,https://www.wikidata.org/wiki/Q22505683
2205,Bevaix,NE,,,
2206,Ballaigues,VD,46.73055,6.41556,https://www.wikidata.org/wiki/Q22506746
2207,Yvorne,VD,46.33122,6.95872,https://www.wikidata.org/wiki/Q22653162
2208,Hofen,SH,,,
2209,Schinznach-Dorf,AG,47.448333333333,8.1444444444444,https://www.wikidata.org/wiki/Q66991
2210,Montilier,FR,,,
2211,Bätterkinden,BE,47.13363,7.54103,https://www.wikidata.org/wiki/Q22369910
2212,Zizers,GR,,,
2213,Auswil,BE,,,
2214,Neggio,TI,,,
2215,Ueken,AG,,,
2216,Bachenbülach,ZH,47.50317,8.54556,https://www.wikidata.org/wiki/Q22469699
2217,"Masein, Homalin",GR,24.65,94.96666667,https://www.wikidata.org/wiki/Q6782961
2218,Merenschwand,AG,47.2587,8.37532,https://www.wikidata.org/wiki/Q22496906
2219,Saint Petersburg,Etranger,59.95,30.316666666667,https://www.wikidata.org/wiki/Q656
2220,Gléresse,BE,,,
2221,Gähwil,SG,47.3978,9.00139,https://www.wikidata.org/wiki/Q1558754
2222,La Chaux-du-Milieu,NE,,,
2223,Chevilly,VD,46.65,6.4833333333333,https://www.wikidata.org/wiki/Q52785
2224,Giornico,TI,46.40141,8.87369,https://www.wikidata.org/wiki/Q22644598
2225,Villarzel,VD,,,
2226,Wabern,BE,,,
2227,Veysonnaz,VS,46.195556,7.336389,https://www.wikidata.org/wiki/Q22419057
2228,Forel-sur-Lucens,VD,46.733333333333,6.8166666666667,https://www.wikidata.org/wiki/Q52605
2229,Oberrohrdorf,AG,47.41833,8.31983,https://www.wikidata.org/wiki/Q22421229
2230,Lützelflüh,BE,47.00757,7.69165,https://www.wikidata.org/wiki/Q22614392
2231,Reverolle,VD,46.533333333333,6.4333333333333,https://www.wikidata.org/wiki/Q68886
2232,Hauterive,NE,,,
2233,Le Pâquier,NE,,,
2234,Suberg,BE,47.06098,7.33726,https://www.wikidata.org/wiki/Q125392125
2235,Trun,GR,,,
2236,Küssnacht am Rigi,SZ,47.083,8.4395,https://www.wikidata.org/wiki/Q56284520
2237,Neuendorf,SO,,,
2238,Romoos,LU,,,
2239,Englisberg,BE,46.898055555556,7.47,https://www.wikidata.org/wiki/Q365964
2240,Binn,VS,,,
2241,Mörel,VS,,,
2242,Häggenschwil,SG,,,
2243,Schlieren,ZH,,,
2244,Billens,FR,46.6904,6.8994,https://www.wikidata.org/wiki/Q15788657
2245,Bâle,BL,,,
2246,Ebnat-Kappel,SG,47.26195,9.12473,https://www.wikidata.org/wiki/Q22362998
2247,Rheinklingen,TG,47.6764,8.8085,https://www.wikidata.org/wiki/Q15241660
2248,Pratval,GR,46.716388888889,9.4333333333333,https://www.wikidata.org/wiki/Q64682
2249,Stalden,VS,,,
2250,Lauperswil,BE,46.96564,7.74214,https://www.wikidata.org/wiki/Q22373292
2251,Vilters,SG,47.02444444444444,9.451944444444445,https://www.wikidata.org/wiki/Q70537737
2252,Vnà,GR,,,
2253,Donat,GR,46.62916666666667,9.429444444444444,https://www.wikidata.org/wiki/Q65102
2254,Attiswil,BE,47.24673,7.61353,https://www.wikidata.org/wiki/Q22461450
2255,Séville,Etranger,,,
2256,Waldkirch,SG,,,
2257,Lossy,FR,,,
2258,Baldingen,AG,,,
2259,Vaz/Obervaz,GR,,,
2260,Schluein,GR,,,
2261,Bourg-Saint-Pierre,VS,,,
2262,Neuheim,ZG,,,
2263,Kerns,OW,,,
2264,Heiden,AR,,,
2265,Flühli,LU,46.88391,8.01558,https://www.wikidata.org/wiki/Q22487066
2266,Uesslingen,TG,47.5816,8.8327,https://www.wikidata.org/wiki/Q7877472
2267,Cabbio,TI,45.883333333333,9.05,https://www.wikidata.org/wiki/Q666147
2268,Mathod,VD,,,
2269,Läufelfingen,BL,47.39457,7.85578,https://www.wikidata.org/wiki/Q22614554
2270,Bühler,AR,,,
2271,Wassen,UR,,,
2272,Neuenkirch,LU,,,
2273,Chapelle-sur-Moudon,VD,46.669722222222,6.7358333333333,https://www.wikidata.org/wiki/Q52697
2274,Untersiggenthal,AG,47.50213,8.25554,https://www.wikidata.org/wiki/Q22388730
2275,Rüttenen,SO,,,
2276,Dornach,SO,,,
2277,Erlinsbach,AG,,,
2278,Thalheim an der Thur,ZH,,,
2279,Hägglingen,AG,47.38849,8.25323,https://www.wikidata.org/wiki/Q22652879
2280,Bösingen,FR,46.89229,7.2277,https://www.wikidata.org/wiki/Q22370465
2281,Gachnang,TG,47.53935,8.85311,https://www.wikidata.org/wiki/Q22620576
2282,Rechthalten,FR,46.76766,7.24028,https://www.wikidata.org/wiki/Q22584903
2283,Laupersdorf,SO,47.31423,7.65543,https://www.wikidata.org/wiki/Q22373217
2284,Icogne,VS,,,
2285,Falera,GR,,,
2286,Rossrüti,SG,47.47436,9.06116,https://www.wikidata.org/wiki/Q101244637
2287,Alberswil,LU,47.14998,8.00313,https://www.wikidata.org/wiki/Q22378535
2288,Vollèges,VS,46.083333333333,7.1666666666667,https://www.wikidata.org/wiki/Q70034
2289,Ruswil,LU,47.08425,8.12645,https://www.wikidata.org/wiki/Q22365684
2290,Mägenwil,AG,,,
2291,Neu Sankt-Johann,SG,,,
2292,Boswil,AG,,,
2293,Visperterminen,VS,,,
2294,Escholzmatt,LU,46.913333333333,7.9344444444444,https://www.wikidata.org/wiki/Q66908
2295,Laax,GR,,,
2296,Bissone,TI,45.14326,9.42355,https://www.wikidata.org/wiki/Q3640467
2297,Quarten,SG,47.107,9.24199,https://www.wikidata.org/wiki/Q22635134
2298,Trimmis,GR,,,
2299,Saint-Blaise,NE,47.0131,6.9864,https://www.wikidata.org/wiki/Q70424
2300,Dizy,VD,46.63544,6.49648,https://www.wikidata.org/wiki/Q22635789
2301,Villars-Lussery,VD,,,
2302,Vétroz,VS,46.22414,7.28903,https://www.wikidata.org/wiki/Q22418739
2303,Capolago,TI,,,
2304,Sugnens,VD,46.65,6.6666666666667,https://www.wikidata.org/wiki/Q657274
2305,Burinaux,VD,,,
2306,Merzligen,BE,,,
2307,Montreux-Vieux,Etranger,,,
2308,Staffelbach,AG,,,
2309,Oensingen,SO,,,
2310,Oppligen,BE,,,
2311,Oberkulm,AG,48.3543,14.3678,https://www.wikidata.org/wiki/Q98057618
2312,Mammern,TG,47.64625,8.91519,https://www.wikidata.org/wiki/Q22396031
2313,Griesenberg,TG,47.56888889,9.01166667,https://www.wikidata.org/wiki/Q5608713
2314,Simplon-Village,VS,,,
2315,Bussigny,VD,46.55,6.55,https://www.wikidata.org/wiki/Q52300
2316,Räuchlisberg,TG,,,
2317,Thalkirch,GR,,,
2318,Grossaffoltern,BE,47.06595,7.36232,https://www.wikidata.org/wiki/Q22650628
2319,Grasswil b. Seeberg,BE,,,
2320,Benken,ZH,,,
2321,Suscévaz,VD,,,
2322,La Sarraz,VD,,,
2323,Boujean,BE,47.154166666667,7.2683333333333,https://www.wikidata.org/wiki/Q1020193
2324,Neuhaus,Etranger,,,
2325,Cham,LU,,,
2326,Hundwil,AR,47.36464,9.31847,https://www.wikidata.org/wiki/Q22649990
2327,Königsfelden bei Brugg,AG,,,
2328,Coglio,TI,46.268730555556,8.6847027777778,https://www.wikidata.org/wiki/Q86765
2329,Céphalonie,Etranger,,,
2330,St. Antoni,FR,,,
2331,Château-d'Œx,VD,46.474,7.1295,https://www.wikidata.org/wiki/Q22484411
2332,Combremont-le-Grand,VD,,,
2333,Dompierre,FR,,,
2334,Brigue-Glis,VS,,,
2335,Brugg,BE,,,
2336,Champvent,VD,46.7829,6.57188,https://www.wikidata.org/wiki/Q22478342
2337,Forst,BE,,,
2338,Guntmadingen,SH,47.683055555556,8.5497222222222,https://www.wikidata.org/wiki/Q66366
2339,Wettswil,ZH,,,
2340,Schlarigna/Celerina,GR,,,
2341,Brigels,GR,,,
2342,Rüderswil,BE,46.98415,7.72061,https://www.wikidata.org/wiki/Q22368866
2343,Aristau,AG,47.28692,8.36356,https://www.wikidata.org/wiki/Q22450934
2344,Havelange,Etranger,,,
2345,Itzehoe,Etranger,53.925,9.5163888888889,https://www.wikidata.org/wiki/Q16073
2346,Pasadena,Etranger,,,
2347,Bendorf,Etranger,,,
2348,Campo Vallemaggia,TI,,,
2349,Sumatra,Etranger,,,
2350,Bingum,Etranger,53.222222222222,7.4144444444444,https://www.wikidata.org/wiki/Q863848
2351,Pekin,Etranger,,,
2352,Champex,VS,,,
2353,La Chaux-de-Fonds,NE,47.099627777778,6.8295583333333,https://www.wikidata.org/wiki/Q68124
2354,Thonon-les-Bains,Etranger,,,
2355,Dorfchemnitz,Etranger,50.663611111111,12.836388888889,https://www.wikidata.org/wiki/Q1243980
2356,Baden,Etranger,48.0075,16.234444444444,https://www.wikidata.org/wiki/Q486450
2357,Oberwart,Etranger,,,
2358,Kirchheim/Teck,Etranger,,,
2359,Newmachar,Etranger,57.267,-2.192,https://www.wikidata.org/wiki/Q1009979
2360,Lerida,Etranger,,,
2361,Lauchheim,Etranger,,,
2362,Dussnang,TG,47.4167,8.96667,https://www.wikidata.org/wiki/Q1267662
2363,Gelsenkirchen,Etranger,,,
2364,Leverkusen,Etranger,,,
2365,Lausanne,VS,,,
2366,Geesthacht,Etranger,,,
2367,Tel Aviv,Etranger,32.08,34.78,https://www.wikidata.org/wiki/Q33935
2368,Saint-Brieuc,Etranger,,,
2369,La Paz,Etranger,,,
2370,Örkelljunga,Etranger,56.283478469695,13.288120659266,https://www.wikidata.org/wiki/Q297922
2371,Bayonne,Etranger,,,
2372,Ehingen,Etranger,,,
2373,Combremont-le-Petit,VD,46.75,6.8166666666667,https://www.wikidata.org/wiki/Q669555
2374,Bassersdorf,ZH,,,
2375,Etat de New-York,Etranger,,,
2376,Farsala,Etranger,39.283333333333,22.383333333333,https://www.wikidata.org/wiki/Q985596
2377,Duffel,Etranger,,,
2378,Trzemeszno,Etranger,52.56138888888889,17.823055555555555,https://www.wikidata.org/wiki/Q1002696
2379,Gevelsberg,Etranger,,,
2380,Troyes,Etranger,,,
2381,Hoensbroek,Etranger,50.916666666667,5.9333333333333,https://www.wikidata.org/wiki/Q783094
2382,Edlibach,ZG,,,
2383,Neuenhof,AG,,,
2384,Saint-Gingolph,VS,,,
2385,Savagnier,NE,47.05,6.95,https://www.wikidata.org/wiki/Q70483
2386,Blumenau,Etranger,,,
2387,Près de Francfort,Etranger,,,
2388,Salgesch,VS,,,
2389,Hochdorf,LU,,,
2390,Liddes,VS,,,
2391,Giez,VD,,,
2392,Vals,GR,,,
2393,Perlen,LU,,,
2394,Sessa,TI,,,
2395,Corseaux-sur-Vevey,VD,,,
2396,Rekingen,AG,,,
2397,Valeyres-sous-Rances,VD,,,
2398,"Bülach, Rafz",ZH,,,
2399,Dürrenroth,BE,47.08816,7.7913,https://www.wikidata.org/wiki/Q22609464
2400,Endingen am Kaiserstuhl,Etranger,,,
2401,Sydney,Etranger,,,
2402,Frütigen,BE,,,
2403,Ermensee,LU,,,
2404,Glaris Sud,GL,,,
2405,Lignerolle,VD,,,
2406,Riaz,FR,46.64224,7.06183,https://www.wikidata.org/wiki/Q22373896
2407,Gurtendorf bei Wabern,BE,,,
2408,Volketswil,ZH,47.390555555556,8.6952777777778,https://www.wikidata.org/wiki/Q69754
2409,Versam,GR,,,
2410,Erlenbach,ZG,,,
2411,Bern,LU,,,
2412,Comano,TI,,,
2413,Erlenbach im Simmental,BE,46.66021,7.55445,https://www.wikidata.org/wiki/Q22419144
2414,Udupi,Etranger,13.332222222222,74.746111111111,https://www.wikidata.org/wiki/Q584295
,,,13.33467,74.74617,
2415,Saillon,VS,46.166666666667,7.1833333333333,https://www.wikidata.org/wiki/Q70710
2416,Hagenbuch,ZH,,,
2417,Gordola,TI,,,
2418,Gossliwil,SO,47.1375,7.4347222222222,https://www.wikidata.org/wiki/Q67916
2419,Rüfenach,AG,,,
2420,Stettlen,BE,46.95835,7.52508,https://www.wikidata.org/wiki/Q22393385
2421,Rohren-Toos,TG,,,
2422,Flims,GR,,,
2423,Trub,BE,,,
2424,Wildhaus,SG,47.199722222222,9.3497222222222,https://www.wikidata.org/wiki/Q597413
2425,Bünzen,AG,,,
2426,Wavre,NE,,,
2427,Wauwil,LU,,,
2428,Beinwil,AG,,,
2429,Sonogno,TI,46.35,8.7833333333333,https://www.wikidata.org/wiki/Q70699
2430,Bosco Gurin,TI,,,
2431,Founex,VD,46.33277,6.19243,https://www.wikidata.org/wiki/Q22498734
2432,Prangins,VD,46.39396,6.24948,https://www.wikidata.org/wiki/Q22562712
2433,Mittelhäusern,BE,46.87653,7.36796,https://www.wikidata.org/wiki/Q63789984
2434,Bettswil,ZH,47.3325,8.87715,https://www.wikidata.org/wiki/Q22701271
2435,Bäretswil,ZH,,,
2436,Feusisberg,SZ,47.18707,8.74724,https://www.wikidata.org/wiki/Q22463784
2437,Pfungen,ZH,47.51394,8.6423,https://www.wikidata.org/wiki/Q22535357
2438,Badenweiler,Etranger,,,
2439,Brügglen,SO,,,
2440,Bleiken,TG,,,
2441,Achern,Etranger,,,
2442,Bodenfelde an der Weser,Etranger,,,
2443,Bärschwil,SO,47.3822,7.47229,https://www.wikidata.org/wiki/Q22369806
2444,Nänikon,ZH,,,
2445,Schloss Reichenau,GR,,,
2446,Cologne,Etranger,50.942222222222,6.9577777777778,https://www.wikidata.org/wiki/Q365
2447,Thessaloniki,Etranger,40.640277777777776,22.935555555555556,https://www.wikidata.org/wiki/Q17151
2448,Agiez,VD,46.716666666667,6.5,https://www.wikidata.org/wiki/Q43188
2449,Klosters,GR,,,
2450,Chingford,Etranger,51.631,0.016,https://www.wikidata.org/wiki/Q3778007
2451,Wyden,AG,,,
2452,Noiraigue,NE,46.95,6.7166666666667,https://www.wikidata.org/wiki/Q661817
2453,Veyrier,GE,46.16699,6.18436,https://www.wikidata.org/wiki/Q22419003
2454,Emmenweid,LU,,,
2455,Berlin,ZH,,,
2456,Broc,FR,46.60513,7.09891,https://www.wikidata.org/wiki/Q22596066
2457,Worb,BE,46.92984,7.56306,https://www.wikidata.org/wiki/Q22637066
2458,Trüllikon,ZH,,,
2459,Golaten,BE,46.983333333333,7.2333333333333,https://www.wikidata.org/wiki/Q67406
2460,Toledo,Etranger,,,
2461,Lungern,OW,46.78678,8.16736,https://www.wikidata.org/wiki/Q22606190
2462,Schafisheim,AG,47.37529,8.14076,https://www.wikidata.org/wiki/Q22441049
2463,Hammern,Etranger,,,
2464,Irgenhausen,ZH,,,
2465,Winznau,SO,,,
2466,Doncaster,Etranger,,,
2467,Vendlincourt,BE,47.45193,7.14692,https://www.wikidata.org/wiki/Q22413544
2468,Oberendingen,AG,47.53636,8.29339,https://www.wikidata.org/wiki/Q22702045
2469,Arni bei Biglen,BE,,,
2470,Constantinople,Etranger,,,
2471,Heidelsheim,Etranger,49.1003,8.6466,https://www.wikidata.org/wiki/Q28786228
2472,Céligny,GE,46.35069,6.195,https://www.wikidata.org/wiki/Q22455957
2473,Davos Glaris,GR,46.7414,9.77667,https://www.wikidata.org/wiki/Q1178318
2474,Blonay,VD,46.466666666667,6.9,https://www.wikidata.org/wiki/Q52266
2475,Ursenbach,BE,,,
2476,Menzberg,LU,47.04055556,7.99722222,https://www.wikidata.org/wiki/Q1921004
2477,Kämmoos/Bübikon,ZH,,,
2478,Oron-la-Ville,VD,46.566666666667,6.8333333333333,https://www.wikidata.org/wiki/Q689091
2479,Mosnang,SG,47.3625,9.0430555555556,https://www.wikidata.org/wiki/Q22400547
2480,Ostermundigen,BE,,,
2481,Somvix,GR,,,
2482,Mühleberg,BE,46.95466,7.26102,https://www.wikidata.org/wiki/Q22643710
2483,Pise,Etranger,,,
2484,Splügen,GR,,,
2485,Filisur,GR,46.672222222222,9.6875,https://www.wikidata.org/wiki/Q66214
2486,Ormalingen,BL,47.46936,7.87248,https://www.wikidata.org/wiki/Q22449071
2487,Tüscherz-Alfermée,BE,47.1,7.1833333333333,https://www.wikidata.org/wiki/Q688554
2488,Oberbuchsiten,SO,,,
2489,Schmitten,FR,,,
2490,Hilterfingen,BE,46.73521,7.66185,https://www.wikidata.org/wiki/Q22626375
2491,Gais,AR,,,
2492,Rickenbach bei Wil,TG,,,
2493,Muri,BE,,,
2494,Metzerlen-Mariastein,SO,,,
2495,Bournemouth,Etranger,,,
2496,Aesch bei Birmensdorf,ZH,,,
2497,Angoulème,Etranger,,,
2498,Wildegg,AG,47.41865,8.17015,https://www.wikidata.org/wiki/Q56342147
2499,Padang,Etranger,,,
2500,Flums,SG,,,
2501,Endingen,AG,,,
2502,Urnäsch,AR,47.31669,9.2795,https://www.wikidata.org/wiki/Q22398526
2503,Cernobbio,Etranger,,,
2504,Lommis,TG,47.51729,8.99669,https://www.wikidata.org/wiki/Q22647570
2505,Euseigne,VS,46.171667,7.422778,https://www.wikidata.org/wiki/Q971334
2506,Bodio,TI,,,
2507,Kradolf,TG,47.53333333,9.2,https://www.wikidata.org/wiki/Q6435794
2508,Ringgenberg,BE,46.70114,7.89445,https://www.wikidata.org/wiki/Q22385186
2509,Givisiez,FR,46.81201,7.12639,https://www.wikidata.org/wiki/Q22645650
2510,Guemligen,BE,,,
2511,Sudbury,Etranger,,,
2512,Brandenburg an der Havel,Etranger,52.414138888888886,12.554083333333333,https://www.wikidata.org/wiki/Q3931
2513,Wattwil,SO,47.29955,9.08657,https://www.wikidata.org/wiki/Q22555103
2514,Weggis,LU,47.03208,8.43219,https://www.wikidata.org/wiki/Q22559314
2515,Vacallo,TI,,,
2516,Mauensee,LU,47.16847,8.06617,https://www.wikidata.org/wiki/Q22453881
2517,Schöftland,AG,47.30572,8.05138,https://www.wikidata.org/wiki/Q22548656
2518,Kappelen,BE,47.06015,7.2686,https://www.wikidata.org/wiki/Q22535146
2519,Kobe,Etranger,,,
2520,Zollikofen,BE,,,
2521,Senarclens,VD,,,
2522,Soral,GE,,,
2523,Reust,BE,50.8319,12.2008,https://www.wikidata.org/wiki/Q1739954
2524,Götighofen,TG,47.5363,9.2172,https://www.wikidata.org/wiki/Q15818800
2525,Daviaz,VS,,,
2526,Salvenach,FR,46.916666666667,7.15,https://www.wikidata.org/wiki/Q69902
2527,Wolhusen,LU,47.05983,8.07389,https://www.wikidata.org/wiki/Q22632439
2528,Conthey,VS,,,
2529,Vignogn,GR,46.683055555556,9.1497222222222,https://www.wikidata.org/wiki/Q65567
2530,Granges,VS,,,
2531,Anrath,Etranger,,,
2532,Lauterbrunnen,BE,46.599722222222,7.9086111111111,https://www.wikidata.org/wiki/Q64011
2533,Nebikon,LU,47.19257,7.97806,https://www.wikidata.org/wiki/Q22589894
2534,Schongau,LU,,,
2535,Sumvitg,GR,,,
2536,Sarn,GR,,,
2537,Reitnau,AG,,,
2538,Malters,LU,47.03628,8.18193,https://www.wikidata.org/wiki/Q22391884
2539,Epsach,BE,,,
2540,Sennwald,SG,,,
2541,Gebenstorf,AG,47.48136,8.23949,https://www.wikidata.org/wiki/Q22633025
2542,Montcherand,VD,,,
2543,Kesswil,TG,47.5935,9.31723,https://www.wikidata.org/wiki/Q22388447
2544,Altstätten,ZH,,,
2545,Neuegg,BE,47.27554,8.71836,https://www.wikidata.org/wiki/Q22597019
2546,Steinenbrünnen,BE,,,
2547,Dinhard,ZH,,,
2548,Adlikon,ZH,,,
2549,Müllheim,TG,,,
2550,Niedermuhlern,BE,,,
2551,Courgevaux,FR,46.90648,7.11215,https://www.wikidata.org/wiki/Q67456
2552,Silenen,UR,,,
2553,Anchettes,VS,,,
2554,Portalban,FR,46.9181,6.9562,https://www.wikidata.org/wiki/Q10637952
2555,Gretschins,SG,47.0977,9.4855,https://www.wikidata.org/wiki/Q1512869
2556,Rüti,GL,,,
2557,Itaslen,TG,,,
2558,Schwellbrunn,AR,47.35255,9.24894,https://www.wikidata.org/wiki/Q22548256
2559,Schmiedrued,AG,,,
2560,Bangerten,BE,,,
2561,Flerden,GR,,,
2562,Wattwiller,Etranger,,,
2563,Seengen,AG,47.32852,8.20509,https://www.wikidata.org/wiki/Q22559065
2564,Wängi,TG,,,
2565,Spengelried,BE,46.92672,7.26338,https://www.wikidata.org/wiki/Q130318245
2566,Reppischmühle,ZH,,,
2567,Russo,TI,,,
2568,Neunforn,TG,,,
2569,Collombey-Muraz,VS,,,
2570,Arogno,TI,45.966666666667,8.9833333333333,https://www.wikidata.org/wiki/Q68449
2571,Hemmerswil,TG,,,
2572,Chêne-Bourg,GE,46.19534,6.19406,https://www.wikidata.org/wiki/Q22488659
2573,Altendorf,SZ,,,
2574,Lampenberg,BL,47.42559,7.75884,https://www.wikidata.org/wiki/Q22358042
2575,Ebnat,SG,,,
2576,Loèche,VS,,,
2577,Enggistein,BE,46.93348,7.59787,https://www.wikidata.org/wiki/Q126277544
2578,Nesslau,SG,47.22694444444444,9.200111111111111,https://www.wikidata.org/wiki/Q61721821
2579,Bärenwil bei Langenbruck,BL,,,
2580,Tablat,SG,,,
2581,Bovenden bei Göttingen,Etranger,,,
2582,Untervaz,GR,,,
2583,Les Echerins,VD,,,
2584,Hellsau,BE,,,
2585,Signy-Avenex,VD,,,
2586,Böblingen,Etranger,,,
2587,Castiel,GR,,,
2588,Bussy,FR,,,
2589,Saint-Martin,VS,,,
2590,Aetingen,SO,47.133055555556,7.5055555555556,https://www.wikidata.org/wiki/Q66468
2591,Schlatt,ZH,,,
2592,Lisora,TI,,,https://www.wikidata.org/wiki/Q121463124
2593,Plan-les-Ouates,GE,46.166666666667,6.1166666666667,https://www.wikidata.org/wiki/Q65273
2594,Tägerwilen,TG,47.65698,9.13999,https://www.wikidata.org/wiki/Q22378830
2595,San Vittore,GR,,,
2596,Busslingen,AG,,,
2597,Obergösgen,SO,47.36406,7.95275,https://www.wikidata.org/wiki/Q22420400
2598,Egerkingen,SO,47.31957,7.78424,https://www.wikidata.org/wiki/Q22375175
2599,Naters,VS,46.32536,7.98912,https://www.wikidata.org/wiki/Q54963861
2600,Brig-Glis,VS,,,
2601,Mariahilf,FR,,,
2602,Chalais,VS,,,
2603,Saint-Pierre-de-Clages,VS,46.192112,7.237043,https://www.wikidata.org/wiki/Q455708
2604,La Chaux-de-Fonds,NE,47.099627777778,6.8295583333333,https://www.wikidata.org/wiki/Q68124
2605,Grand-Lancy,GE,,,
2606,Hendschiken,AG,47.38648,8.21782,https://www.wikidata.org/wiki/Q22616490
2607,Gonten,AI,,,
2608,Starrkirch,SO,,,
2609,Winkeln,SG,,,
2610,Jouxtens-Mézery,VD,,,
2611,Ascona,TI,,,
2612,L'Haÿ-les-Roses,Etranger,,,
2613,Andernach/Rhein,Etranger,,,
2614,Cambrai,Etranger,-34.65,139.283,https://www.wikidata.org/wiki/Q5025235
2615,Cincinnati,Etranger,39.1,-84.5125,https://www.wikidata.org/wiki/Q43196
2616,Schleswig,Etranger,,,
2617,Donzhausen,TG,47.5555,9.1974,https://www.wikidata.org/wiki/Q15806331
2618,Küssnacht,SZ,47.08557,8.44206,https://www.wikidata.org/wiki/Q22565125
2619,Wuppenau ou Wil,TG,,,
2620,Rebstein,SG,,,
2621,Sandgrub-Liebenau,Etranger,,,
2622,Gauselfingen,Etranger,48.2757,9.167,https://www.wikidata.org/wiki/Q1496276
2623,Sankt-Fiden,SG,,,
2624,Crest,Etranger,,,
2625,Bruzella,TI,45.883333333333,9.0333333333333,https://www.wikidata.org/wiki/Q639028
2626,Nuolen,SZ,47.199722222222,8.8833333333333,https://www.wikidata.org/wiki/Q687848
2627,Ems-Domat,GR,,,
2628,Villeret,BE,,,
2629,Aschaffenburg,Etranger,,,
2630,Olten,AG,,,
2631,Luino,Etranger,46.00185,8.74512,https://www.wikidata.org/wiki/Q30026769
2632,Malagny,GE,46.27015,6.158553,https://www.wikidata.org/wiki/Q99437613
2633,Liepāja,Etranger,56.508333333333,21.011111111111,https://www.wikidata.org/wiki/Q167668
2634,Witikon,ZH,,,
2635,Etoy,VD,,,
2636,Corsier,GE,46.26297,6.22461,https://www.wikidata.org/wiki/Q22351925
2637,Verscio,TI,46.183333333333,8.7333333333333,https://www.wikidata.org/wiki/Q67662
2638,Trogen,AI,,,
2639,Dongio,TI,46.433333333333,8.95,https://www.wikidata.org/wiki/Q1651126
2640,Bioggio,TI,46.01694444,8.90833333,https://www.wikidata.org/wiki/Q3640144
,,,46.01961,8.91438,
2641,Camorino,TI,,,
2642,Melano,TI,,,
2643,Wittwil,AG,47.2918,8.0406,https://www.wikidata.org/wiki/Q15854905
2644,Morschwiller-le-Bas,Etranger,,,
2645,Vernand-près-Lausanne,VD,,,
2646,Sézegnin,GE,46.14485,6.00672,https://www.wikidata.org/wiki/Q56261077
2647,Cugy,FR,46.81479,6.88888,https://www.wikidata.org/wiki/Q22547699
2648,Vailly-sur-Aisne,Etranger,,,
2649,Ensisheim,Etranger,,,
2650,Bürglen,UR,,,
2651,"Poissy, Seine-et-Oise",Etranger,,,
2652,Berg,TG,,,
2653,Göppingen,Etranger,,,
2654,Rottenschwil,AG,,,
2655,Frontenex,GE,,,
2656,Matt,GL,,,
2657,Möriken,AG,,,https://www.wikidata.org/wiki/Q121434847
2658,Schötz,LU,47.16896,7.9887,https://www.wikidata.org/wiki/Q22548852
2659,Gontenbad,AI,47.333130555555556,9.373669444444445,https://www.wikidata.org/wiki/Q106595911
2660,Eschlikon,TG,,,
2661,Rünenberg,BL,47.43477,7.8829,https://www.wikidata.org/wiki/Q22369921
2662,Schiltigheim,Etranger,,,
2663,Böckten,BL,,,
2664,Tuggen,SZ,47.20291,8.94896,https://www.wikidata.org/wiki/Q22540496
2665,Dallenwil,NW,46.9242,8.38785,https://www.wikidata.org/wiki/Q22555935
2666,Oberdorf,NW,,,
2667,Näfels,OW,,,
2668,Engelberg,NW,,,
2669,Saxon,VS,,,
2670,Oberstrass,ZH,,,
2671,Aadorf,TG,47.49204,8.90099,https://www.wikidata.org/wiki/Q56434808
2672,Hemmental,SH,47.733055555556,8.5830555555556,https://www.wikidata.org/wiki/Q662513
2673,Ründeroth b Köln,Etranger,,,
2674,Horn,Etranger,,,
2675,Fez,Etranger,,,
2676,Ruschein,GR,46.783055555556,9.1833333333333,https://www.wikidata.org/wiki/Q66006
2677,Port Elizabeth,Etranger,,,
2678,Belfort,Etranger,,,
2679,San Salvador,Etranger,,,
2680,Öhringen,Etranger,49.2,9.5,https://www.wikidata.org/wiki/Q294783
2681,Hall,Etranger,,,
2682,Burnley,Etranger,,,
2683,Buchholterberg,BE,46.813611111111,7.6747222222222,https://www.wikidata.org/wiki/Q22603197
2684,Québec,Etranger,,,
2685,Gilly,Etranger,,,
2686,Vinzel,VD,46.44827,6.27817,https://www.wikidata.org/wiki/Q22425277
2687,Coutances,GE,49.045277777778,-1.4452777777778,https://www.wikidata.org/wiki/Q202565
2688,Küsnacht,ZH,47.318055555556,8.5825,https://www.wikidata.org/wiki/Q69216
2689,Lubochowo,Etranger,53.89666667,19.46138889,https://www.wikidata.org/wiki/Q6695473
,,,53.89576,19.45794,
2690,Maur,ZH,,,
2691,Bassins,VD,46.466666666667,6.2333333333333,https://www.wikidata.org/wiki/Q43243
2692,Tier,Etranger,,,
2693,Lignières,NE,,,
2694,Colombo,Etranger,,,
2695,Bahia,Etranger,,,
2696,Hessen,Etranger,52.0183,10.7805,https://www.wikidata.org/wiki/Q896361
2697,Acquarossa,TI,,,
2698,Wales,Etranger,,,
2699,Thörigen,BE,,,
2700,Honnef,Etranger,,,
2701,Friedrich-Wilhelms-Hütte,Etranger,50.8007,7.15081,https://www.wikidata.org/wiki/Q1457929
2702,Laufen-Uhwiesen,ZH,,,
2703,Fourneaux près de Modane,Etranger,,,
2704,Hüttwilen,TG,47.60674,8.87343,https://www.wikidata.org/wiki/Q22652813
2705,Zwochau,Etranger,,,
2706,Poznan,Etranger,,,
2707,Rimini,Etranger,,,
2708,Nijmegen,Etranger,51.8425,5.85278,https://www.wikidata.org/wiki/Q13188714
2709,Châtillens,VD,46.566666666667,6.8,https://www.wikidata.org/wiki/Q678690
2710,Les Planches-sur-Montreux,VD,,,
2711,Kraków,Etranger,50.061388888889,19.937222222222,https://www.wikidata.org/wiki/Q31487
2712,Jessenetz bei Konitz,Etranger,,,
2713,Rombach,AG,,,
2714,Jena,Etranger,,,
2715,Stockach,Etranger,,,
2716,Lerbach,Etranger,,,
2717,Paderborn,Etranger,,,
2718,Grünstadt,Etranger,,,
2719,"Fiesole, Florence",Etranger,,,
2720,Hildesheim,Etranger,,,
2721,Fiaugères,FR,,,
2722,Dippach,Etranger,,,
2723,"Myszków, près de Poznań",Etranger,,,
2724,Puławy,Etranger,,,
2725,Ersigen,BE,47.09368,7.59507,https://www.wikidata.org/wiki/Q22420533
2726,Usingen,Etranger,,,
2727,Grosshockenheim,Etranger,,,
2728,Beaumont,Etranger,,,
2729,Wesel,Etranger,,,
2730,Pouilly-sur-Saône,Etranger,,,
2731,Bobrezowo,Etranger,,,
2732,Pfeffingen,BL,,,
2733,Kastelruth,Etranger,46.56662,11.56098,https://www.wikidata.org/wiki/Q30024316
2734,Bad Radkersburg,Etranger,46.689722222222,15.988611111111,https://www.wikidata.org/wiki/Q698465
2735,Kremenets,Etranger,,,
2736,Hechtsberg,Etranger,,,
2737,Tschugg,BE,,,
2738,Bowil,BE,46.89304,7.69757,https://www.wikidata.org/wiki/Q22581925
2739,St Veit an der Glan,Etranger,,,
2740,Esslingen am Neckar,Etranger,,,
2741,Pohlern bei Thoune,BE,,,
2742,Ham bei Hamburg,Etranger,,,
2743,"Saint-Ay, Loiret",Etranger,,,
2744,Arnhem,Etranger,51.983333333333,5.9166666666667,https://www.wikidata.org/wiki/Q1310
2745,Voerde in Westfalen,Etranger,,,
2746,Hittnau,ZH,,,
2747,Kürenz,Etranger,49.7667,6.66667,https://www.wikidata.org/wiki/Q883351
2748,Indersdorf,Etranger,,,
2749,Brilon,Etranger,,,
2750,Beiersdorf,Etranger,,,
2751,Allondans,Etranger,,,
2752,Gernsbach,Etranger,,,
2753,Oetwil am See,ZH,,,
2754,Berneck,Etranger,,,
2755,Kyiv,Etranger,50.45,30.523611111111,https://www.wikidata.org/wiki/Q1899
2756,Charlottenburg,Etranger,,,
2757,Montevideo,Etranger,,,
2758,Breckerfeld,Etranger,51.26111111111111,7.466666666666667,https://www.wikidata.org/wiki/Q11323
2759,Illnau,ZH,,,
2760,Unterlangenegg,BE,,,
2761,Chomutov,Etranger,,,
2762,Halberstadt,Etranger,51.895833333333,11.046666666667,https://www.wikidata.org/wiki/Q7072
2763,Forchheim,Etranger,,,
2764,Flamatt,FR,46.88994,7.32204,https://www.wikidata.org/wiki/Q22700500
2765,Phyangtong,Etranger,,,
2766,La Joux,FR,46.633341,6.933334,https://www.wikidata.org/wiki/Q1117955
2767,Sarrebourg,Etranger,,,
2768,Chavannes-sous-Orsonnens,FR,,,
2769,Bannes,Etranger,47.981666666667,-0.35138888888889,https://www.wikidata.org/wiki/Q49345329
2770,Rheinland,Etranger,52.4166666666667,-106.500555555556,https://www.wikidata.org/wiki/Q115865986
2771,Lambach,Etranger,,,
2772,Mühlehorn,GL,47.118333333333,9.1730555555556,https://www.wikidata.org/wiki/Q661640
2773,Hauterive,FR,,,
2774,Lecce,Etranger,40.352011111111,18.169138888889,https://www.wikidata.org/wiki/Q13386
2775,Saint-Légier-La Chiésaz,VD,46.466666666667,6.8833333333333,https://www.wikidata.org/wiki/Q68432
2776,Nalliers,Etranger,46.470833333333,-1.0277777777778,https://www.wikidata.org/wiki/Q49357278
2777,Bullet,VD,,,
2778,Rose-Hill,Etranger,,,
2779,"Sancoins, Cher",Etranger,,,
2780,Suchy,VD,,,
2781,"Rjeshitza, Rezekne",Etranger,,,
2782,Dabovo,Etranger,,,
2783,Serrières,NE,46.983333,6.903333,https://www.wikidata.org/wiki/Q3479987
2784,Neukirch an der Thur,TG,47.511,9.173,https://www.wikidata.org/wiki/Q7001862
2785,Amsteg,UR,,,
2786,Pinneberg,Etranger,,,
2787,Cremin,VD,46.716666666667,6.8333333333333,https://www.wikidata.org/wiki/Q57119
2788,Paudex,VD,46.50548,6.66819,https://www.wikidata.org/wiki/Q22501878
2789,Bad Schussenried,Etranger,48.006666666667,9.6586111111111,https://www.wikidata.org/wiki/Q522513
2790,Gräbschen,Etranger,,,
2791,Schiers,GR,,,
2792,Detmold,Etranger,,,
2793,Posen/Poznan,Etranger,,,
2794,Altenklingen,TG,47.60283,9.07987,https://www.wikidata.org/wiki/Q56285451
2795,Casale Monferrato,Etranger,45.13338,8.4525,https://www.wikidata.org/wiki/Q30023910
2796,Gryon,VD,,,
2797,Cittadella,Etranger,,,
2798,Castro,TI,,,
2799,Pertuis,Etranger,,,
2800,Beatenberg,BE,46.69896,7.79428,https://www.wikidata.org/wiki/Q22351633
2801,Kernenried,BE,47.06968,7.54679,https://www.wikidata.org/wiki/Q22386367
2802,Livorno,Etranger,43.55,10.316666666667,https://www.wikidata.org/wiki/Q6761
2803,Chamonix-Mont-Blanc,Etranger,45.922222222222,6.8688888888889,https://www.wikidata.org/wiki/Q83236
2804,Jekaterinoslaw,Etranger,,,
2805,Boulogne Sur Mer,Etranger,-34.5,-58.566666666667,https://www.wikidata.org/wiki/Q2922134
2806,"Montargis, Loiret",Etranger,,,
2807,Kaiserslautern,Etranger,49.444722222222,7.7688888888889,https://www.wikidata.org/wiki/Q3758
2808,Dantzig,Etranger,,,
2809,Auboranges,FR,,,
2810,"Gagnac, Lot",Etranger,,,
2811,Saarburg,Etranger,49.609166666667,6.5502777777778,https://www.wikidata.org/wiki/Q543639
2812,Strzegom,Etranger,50.95861111111111,16.348333333333333,https://www.wikidata.org/wiki/Q246288
2813,"Saint-Pierre-de-Trivizy, Tarn",Etranger,,,
2814,"Frameries, Hainaut",Etranger,,,
2815,Cherbourg,Etranger,,,
2816,La Neuveville,NE,47.0684,7.09955,https://www.wikidata.org/wiki/Q22655396
2817,Saint-Pierre,Etranger,,,
2818,Saint-Fort-sur-Gironde,Etranger,45.46088,-0.72117,https://www.wikidata.org/wiki/Q49365451
2819,Capellades,Etranger,,,
2820,Riedholz,SO,,,
2821,Douanne,BE,,,
2822,"Rougemont-le-Château, Belfort",Etranger,,,
2823,Vic sur Seille,Etranger,,,
2824,Traiguen,Etranger,,,
2825,Romans,Etranger,45.89943,13.01908,https://www.wikidata.org/wiki/Q18452477
2826,Schwarmstedt,Etranger,52.67794,9.61767,https://www.wikidata.org/wiki/Q32291227
2827,Kalisz,Etranger,,,
2828,Otelfingen,ZH,47.46053,8.39141,https://www.wikidata.org/wiki/Q22452476
2829,Plzeň,Etranger,,,
2830,Idaho,Etranger,39.08805556,-83.14194444,https://www.wikidata.org/wiki/Q22133849
2831,Montlingen,SG,47.3346,9.58883,https://www.wikidata.org/wiki/Q1946364
2832,Oberthal,BE,,,
2833,Flensburg,Etranger,54.781944444444,9.4366666666667,https://www.wikidata.org/wiki/Q3798
2834,Sasbach bei Achern,Etranger,,,
2835,Buttisholz,LU,47.11442,8.09425,https://www.wikidata.org/wiki/Q22363323
2836,Brunstatt,Etranger,,,
2837,Mont-la-Ville,VD,46.64661,6.40898,https://www.wikidata.org/wiki/Q22358431
2838,Yiyang,Etranger,28.583333333333,112.33333333333,https://www.wikidata.org/wiki/Q416669
2839,Castelló de la Plana,Etranger,,,
2840,Buzau,Etranger,,,
2841,Losone,TI,46.16866,8.75928,https://www.wikidata.org/wiki/Q22659847
2842,Fontaines-sur-Grandson,VD,,,
2843,Zittau,Etranger,,,
2844,Lavey-Morcles,VD,,,
2845,Neuchatel,NE,,,
2846,Uetendorf,BE,46.773888888889,7.5725,https://www.wikidata.org/wiki/Q22380782
2847,Altenbögge,Etranger,51.59675,7.74583333,https://www.wikidata.org/wiki/Q19834454
2848,Trachselwald,BE,47.016944444444,7.7363888888889,https://www.wikidata.org/wiki/Q22520432
2849,Dürrenroth,BE,47.08816,7.7913,https://www.wikidata.org/wiki/Q22609464
2850,Caudéran,Etranger,44.8512,-0.6169,https://www.wikidata.org/wiki/Q2943078
2851,Bristol,Etranger,,,
2852,Eggenburg,Etranger,,,
2853,Jaegerndorf,Etranger,,,
2854,Bitche,Etranger,,,
2855,Lodz,Etranger,,,
2856,Bursinel,VD,46.43957,6.30581,https://www.wikidata.org/wiki/Q22353365
2857,Wittlich,Etranger,49.986944444444,6.8897222222222,https://www.wikidata.org/wiki/Q559514
2858,Schwenningen,Etranger,,,
2859,Ixelles,Etranger,,,
2860,Erfurt,Etranger,,,
2861,Rubigen,BE,46.89868,7.5446,https://www.wikidata.org/wiki/Q22473460
2862,Mexico,Etranger,,,
2863,Geuensee,LU,47.1997,8.10689,https://www.wikidata.org/wiki/Q22638501
2864,Kosice,Etranger,,,
2865,Jauer,Etranger,,,
2866,Seon,AG,47.3449,8.15607,https://www.wikidata.org/wiki/Q22563067
2867,Jhelum,Etranger,32.93333333333333,73.73333333333333,https://www.wikidata.org/wiki/Q121551
,,,32.93313,73.72637,
2868,Ilford,Etranger,,,
2869,Krefeld,Etranger,51.333333333333,6.5666666666667,https://www.wikidata.org/wiki/Q2805
2870,Novi Sad,Etranger,45.264444444444,19.831666666667,https://www.wikidata.org/wiki/Q55630
2871,nord de la france,Etranger,,,
2872,Kladno,Etranger,,,
2873,Villanueva de Córdoba,Etranger,38.32277,-4.62873,https://www.wikidata.org/wiki/Q24011686
,,,38.32241888,-4.62846311,
2874,"Meaux, Seine et Marne",Etranger,,,
2875,Tarakan,Etranger,3.3,117.63333333333,https://www.wikidata.org/wiki/Q14501
2876,Nove Mesto nad Metuji,Etranger,,,
2877,Waltershausen,Etranger,,,
2878,Sari,Etranger,,,
2879,"Empoli, Florence",Etranger,,,
2880,Valentigney,Etranger,,,
2881,Luck,Etranger,,,
2882,Moutiers,Etranger,47.966666666667,-1.2138888888889,https://www.wikidata.org/wiki/Q35734990
2883,Kaunas,Etranger,,,
2884,Iseltwald,BE,46.71076,7.96415,https://www.wikidata.org/wiki/Q22450923
2885,Chernyakhovsk,Etranger,54.633333333333,21.816666666667,https://www.wikidata.org/wiki/Q5655
2886,Leiden,Etranger,,,
2887,"Figline Valdarno, Florence",Etranger,,,
2888,"Pontarlier, Doubs",Etranger,,,
2889,Cysoing,Etranger,,,
2890,Selb,Etranger,,,
2891,Bell,Etranger,,,
2892,Retford,Etranger,53.3169,-0.9408,https://www.wikidata.org/wiki/Q2462685
2893,Morlaix,Etranger,,,
2894,Kalima,Etranger,,,
2895,Neishabour,Etranger,,,
2896,Ludwigshafen,Etranger,,,
2897,Rodewisch,Etranger,,,
2898,Wernburg,Etranger,50.67775,11.60199,https://www.wikidata.org/wiki/Q49292941
2899,Hammond,Etranger,41.6111,-87.4931,https://www.wikidata.org/wiki/Q856860
2900,Fürth,Etranger,,,
2901,Pilsen,Etranger,,,
2902,Sankt Goarshausen,Etranger,50.154722222222,7.7163888888889,https://www.wikidata.org/wiki/Q564757
2903,Zrenjanin,Etranger,45.377777777778,20.386111111111,https://www.wikidata.org/wiki/Q201125
2904,Burg,Etranger,,,
2905,Lommel,Etranger,,,
2906,Baarland,Etranger,51.4083,3.885,https://www.wikidata.org/wiki/Q797495
2907,Tinzen,GR,,,
2908,Nordhausen,Etranger,51.505,10.791111111111,https://www.wikidata.org/wiki/Q7033
2909,Lice,Etranger,38.455,40.651944444444446,https://www.wikidata.org/wiki/Q1012828
2910,Bischofshofen,Etranger,,,
2911,Beli Manastir,Etranger,45.766666666667,18.6,https://www.wikidata.org/wiki/Q397645
2912,Salavaux,VD,,,
2913,Peterborough,Etranger,,,
2914,Pavie,Etranger,,,
2915,Raiatea,Etranger,,,
2916,Norfolk,Etranger,,,
2917,"Umanak, Groenland",Etranger,,,
2918,Kampen,Etranger,,,
2919,Burgsteinfurt,Etranger,52.15,7.35,https://www.wikidata.org/wiki/Q9182180
2920,Schiedam,Etranger,51.916666666667,4.4,https://www.wikidata.org/wiki/Q204709
2921,Breme,Etranger,,,
2922,Mayen,Etranger,,,
2923,Meknes,Etranger,33.883333333333,-5.55,https://www.wikidata.org/wiki/Q178663
2924,Charmoille,JU,47.416666666667,7.2,https://www.wikidata.org/wiki/Q668749
2925,"Neuwiller, Haut-Rhin",Etranger,,,
2926,Münchberg,Etranger,,,
2927,Tarbes,Etranger,,,
2928,Sainte-Elisabeth/Joliette,Etranger,,,
2929,Rheinbach,Etranger,,,
2930,Wikon,LU,,,
2931,Hard,Etranger,,,
2932,Altötting,Etranger,,,
2933,"Casalmaggiore, Cremona",Etranger,,,
2934,Southampton,Etranger,,,
2935,Fachsenfeld,Etranger,48.884444444444,10.046666666667,https://www.wikidata.org/wiki/Q1391491
2936,Bözen,AG,,,
2937,Örnsköldsvik,Etranger,63.265490487805,18.676183350641,https://www.wikidata.org/wiki/Q28327
2938,Blida,Etranger,,,
2939,Edesheim/Pfalz,Etranger,,,
2940,Wolfsburg,Etranger,,,
2941,Moers,Etranger,,,
2942,Puerto-Rico,Etranger,,,
2943,Oran,Etranger,,,
2944,"Brownsville, Pennsylvanie",Etranger,,,
2945,Neugersdorf in Sachsen,Etranger,,,
2946,Kansas City,Etranger,,,
2947,Turtmann,VS,46.301943,7.703883,https://www.wikidata.org/wiki/Q70054
2948,"Sallanches, Haute-Savoie",Etranger,,,
2949,Neumünster,Etranger,,,
2950,Al Khums,Etranger,32.649722222222,14.264444444444,https://www.wikidata.org/wiki/Q310381
2951,Posen,Etranger,,,
2952,Palermo,Etranger,38.115658055555556,13.361261944444445,https://www.wikidata.org/wiki/Q2656
2953,Bad Essen,Etranger,,,
2954,Varnsdorf,Etranger,,,
2955,Colombes,Etranger,48.923611111111,2.2522222222222,https://www.wikidata.org/wiki/Q174002
2956,Oberzeiring,Etranger,47.25,14.483333333333,https://www.wikidata.org/wiki/Q684378
2957,Baden,ZH,,,
2958,Douala,Etranger,4.05,9.7,https://www.wikidata.org/wiki/Q132830
2959,Cavergno,TI,46.333333333333,8.6,https://www.wikidata.org/wiki/Q76476
2960,Cambridge,Etranger,,,
2961,Aix-en-Provence,Etranger,43.527777777778,5.4455555555556,https://www.wikidata.org/wiki/Q47465
2962,Meldorf,Etranger,54.083333333333336,9.066666666666666,https://www.wikidata.org/wiki/Q498545
2963,Anderlecht,Etranger,50.839166666666664,4.329722222222222,https://www.wikidata.org/wiki/Q12886
2964,Betschkerek im Banat,Etranger,,,
2965,St-Aubin,NE,,,
2966,Backnang,Etranger,,,
2967,Arnsdorf,Etranger,,,
2968,Eisenberg,Etranger,,,
2969,Preonzo,TI,46.266666666667,9,https://www.wikidata.org/wiki/Q70070
2970,Grandfontaine,JU,,,
2971,Louvain,Etranger,,,
2972,Pistoia,Etranger,,,
2973,Hillegom,Etranger,52.291666666666664,4.579444444444444,https://www.wikidata.org/wiki/Q932116
2974,Leonberg,Etranger,,,
2975,Wohlen bei Bern,BE,,,
2976,Świdnica,Etranger,50.84378,16.48859,https://www.wikidata.org/wiki/Q387396
2977,Minden,Etranger,,,
2978,Calw,Etranger,48.714444444444,8.7375,https://www.wikidata.org/wiki/Q487921
2979,Battle Creek,Etranger,,,
2980,Mittweida,Etranger,,,
2981,Pont l'Evêque,Etranger,,,
2982,Hawai,Etranger,,,
2983,Eberbach,Etranger,,,
2984,Sulz,Etranger,,,
2985,Neustadt an der Waldnaab,Etranger,,,
2986,Norwich,Etranger,,,
2987,Zweisimmen,BE,46.55452,7.37385,https://www.wikidata.org/wiki/Q12379369
2988,Aurillac,Etranger,,,
2989,Shawinigan,Etranger,46.5667,-72.75,https://www.wikidata.org/wiki/Q141980
2990,Szotland,Etranger,54.7875,18.4106,https://www.wikidata.org/wiki/Q671564
2991,Malines,Etranger,,,
2992,Avereest,Etranger,,,
2993,Helpsen,Etranger,52.31131,9.11676,https://www.wikidata.org/wiki/Q32056418
2994,Sao Paulo,Etranger,,,
2995,Meiningen,Etranger,50.55,10.416666666667,https://www.wikidata.org/wiki/Q487278
2996,Ile de Wight,Etranger,,,
2997,London,Etranger,,,
2998,"Hittisau, Vorarlberg",Etranger,,,
2999,Durban,Etranger,,,
3000,Oulu,Etranger,,,
3001,Cincinnati,Etranger,,,
3002,Elze,Etranger,,,
3003,Vorau,Etranger,,,
3004,Marburg,Etranger,50.816666666667,8.7666666666667,https://www.wikidata.org/wiki/Q3869
3005,Speyer a. Rh.,Etranger,,,
3006,Teheran,Etranger,,,
3007,Malmö,Etranger,,,
3008,Bludenz,Etranger,,,
3009,Wassenaar,Etranger,52.14527777777778,4.400555555555556,https://www.wikidata.org/wiki/Q505601
3010,Augustodunum,Etranger,46.95166667,4.29944444,https://www.wikidata.org/wiki/Q2871714
3011,Głogów,Etranger,51.658888888889,16.080277777778,https://www.wikidata.org/wiki/Q66013
3012,Wahlern,BE,46.816388888889,7.35,https://www.wikidata.org/wiki/Q869534
3013,Heitlern,Etranger,47.57914,10.55743,https://www.wikidata.org/wiki/Q126616178
3014,Koblenz,Etranger,50.359722222222,7.5977777777778,https://www.wikidata.org/wiki/Q3104
3015,St. Urban,LU,,,
3016,Heffingen,Etranger,49.77,6.24,https://www.wikidata.org/wiki/Q13103029
3017,Châteaudun,Etranger,,,
3018,Rocourt,Etranger,,,
3019,Kortrÿk,Etranger,,,
3020,Vernon,Etranger,,,
3021,Portici,Etranger,,,
3022,"Momignies, Hainaut",Etranger,,,
3023,Merano,Etranger,,,
3024,Nenzing/Vorarlberg,Etranger,,,
3025,Putzleinsdorf,Etranger,48.518333333333,13.874444444444,https://www.wikidata.org/wiki/Q670221
3026,Bazna,Etranger,46.196666666667,24.282222222222,https://www.wikidata.org/wiki/Q812683
3027,Marl,Etranger,,,
3028,Biella,Etranger,45.566388888889,8.0533333333333,https://www.wikidata.org/wiki/Q18021
3029,Worms,Etranger,,,
3030,"Wauseon, Ohio",Etranger,,,
3031,Saint-Cloud,Etranger,,,
3032,Henniez,VD,,,
3033,Penthéréaz,VD,,,
3034,Bussigny,VD,,,
3035,Champagne,VD,,,
3036,La Côte-aux-Fées,NE,,,
3037,Gland,VD,46.416666666667,6.2666666666667,https://www.wikidata.org/wiki/Q69300
3038,Intragna,TI,,,
3039,Chamalières,Etranger,,,
3040,Munster,VS,,,
3041,Colorado Springs,Etranger,,,
3042,Oberembrach,ZH,47.4878,8.61828,https://www.wikidata.org/wiki/Q22419944
3043,Holziken,AG,,,
3044,Lemgo,Etranger,,,
3045,Harare,Etranger,,,
3046,Genève,Etranger,,,
3047,"Young America, Minnesota",Etranger,,,
3048,Mumpf,AG,47.54563,7.92123,https://www.wikidata.org/wiki/Q22578650
3049,Diepenbeek,Etranger,,,
3050,Zurich,Etranger,,,
3051,Etterbeek,Etranger,50.832222,4.388889,https://www.wikidata.org/wiki/Q66311780
3052,Quierschied,Etranger,49.31667,7.05,https://www.wikidata.org/wiki/Q32243073
3053,Flawil,Etranger,,,
3054,Rabat,Etranger,,,
3055,Hoogezand-Sappemeer,Etranger,,,
3056,Neyruz-sur-Moudon,VD,46.7,6.7833333333333,https://www.wikidata.org/wiki/Q70576
3057,Saigon,Etranger,,,
3058,Herzogenbuchsee,AG,47.18795,7.7062,https://www.wikidata.org/wiki/Q22619637
3059,Arcachon,Etranger,,,
3060,Sindelfingen,Etranger,,,
3061,Herznach,AG,47.474722222222,8.0513888888889,https://www.wikidata.org/wiki/Q67338
3062,Inkwil,BE,,,
3063,Diesbach,GL,,,
3064,Tangier,Etranger,35.776666666666664,-5.803888888888888,https://www.wikidata.org/wiki/Q126148
3065,Oberbüren,SG,,,
3066,Monforte de Lemos,Etranger,42.52165,-7.51422,https://www.wikidata.org/wiki/Q12393479
3067,Remscheid,Etranger,51.1798706,7.1943544,https://www.wikidata.org/wiki/Q3097
3068,Redcar,Etranger,54.618561111111,-1.0685611111111,https://www.wikidata.org/wiki/Q1193749
3069,Würzburg,Etranger,,,
3070,Antsiranana,Etranger,-12.322444444444445,49.295,https://www.wikidata.org/wiki/Q218928
3071,Cleveland,Etranger,,,
3072,Castagnola,TI,46.001661,8.979409,https://www.wikidata.org/wiki/Q25238183
3073,Bad Marienberg,Etranger,,,
3074,Caransebeș,Etranger,45.421388888889,22.221944444444,https://www.wikidata.org/wiki/Q16898167
3075,Winden,TG,,,
3076,Boppelsen,ZH,47.46945,8.40614,https://www.wikidata.org/wiki/Q22580755
3077,Bernex,GE,,,
3078,Reinsberg,Etranger,,,
3079,Etziken,SO,,,
3080,Coburg,Etranger,,,
3081,Frischborn,Etranger,50.610555555556,9.3652777777778,https://www.wikidata.org/wiki/Q1464986
3082,Neustadt,Etranger,,,
3083,Gmünd,Etranger,,,
3084,Landsberg am Lech,Etranger,48.05276944444444,10.868930555555556,https://www.wikidata.org/wiki/Q494299
3085,Gottlieben,TG,47.6638,9.13371,https://www.wikidata.org/wiki/Q22383643
3086,Herisau,AI,47.3851,9.2786,https://www.wikidata.org/wiki/Q63970
3087,Uetikon,ZH,,,
3088,Timelkam,Etranger,,,
3089,Radolfzell am Bodensee,Etranger,47.736944444444,8.9697222222222,https://www.wikidata.org/wiki/Q16113
3090,Forch,ZH,,,
3091,Boenigen,BE,,,
3092,Montecatini Terme,Etranger,43.88153,10.7723,https://www.wikidata.org/wiki/Q30027798
3093,San Valentino in Abruzzo Citeriore,Etranger,42.23304,13.98561,https://www.wikidata.org/wiki/Q30030172
3094,Terni,Etranger,,,
3095,Kilinochchi,Etranger,9.383333333333333,80.40861111111111,https://www.wikidata.org/wiki/Q303317
3096,Soglio,GR,,,
3097,Sicile,Etranger,,,
3098,Tägerig,AG,,,
3099,Lødingen,Etranger,68.41388889,15.995,https://www.wikidata.org/wiki/Q17582142
,,,68.41373,15.99626,
,,,68.4137,15.9963,
3100,Oleyres,VD,46.853666666667,7.0375,https://www.wikidata.org/wiki/Q668325
3101,Oberschmitten bei Darmstadt,Etranger,,,
3102,Ménières,FR,,,
3103,Kappel am Albis,ZH,,,
3104,Ursins,VD,,,
3105,Vex,VS,,,
3106,Ayent,VS,46.28249,7.41028,https://www.wikidata.org/wiki/Q56438338
3107,Mattwil,TG,47.5785,9.2064,https://www.wikidata.org/wiki/Q15834452
3108,Davos-Platz,GR,,,
3109,Hornussen,AG,,,
3110,Hedingen,ZH,,,
3111,Le Fleix,Etranger,,,
3112,Tangermünde,Etranger,,,
3113,Toluca,Etranger,,,
3114,Hünshoven,Etranger,50.96305556,6.12472222,https://www.wikidata.org/wiki/Q15056814
3115,Bischwiller,Etranger,,,
3116,Toffen,BE,46.86031,7.49216,https://www.wikidata.org/wiki/Q22511826
3117,Colonie Alsen sur le Wannsee,Etranger,,,
3118,Fréjus,Etranger,,,
3119,Vincennes,Etranger,,,
3120,Diepoldsau,SG,47.386,9.65558,https://www.wikidata.org/wiki/Q22630126
3121,Nakel,Etranger,,,
3122,Essertines-sur-Yverdon,VD,,,
3123,Greiz,Etranger,,,
3124,Saint-Saphorin-sur-Morges,VD,46.5459,6.4874,https://www.wikidata.org/wiki/Q678787
3125,Bottighofen,TG,47.63643,9.20882,https://www.wikidata.org/wiki/Q22581119
3126,Maloja,GR,,,
3127,Sulz,LU,,,
3128,Torgon,VS,46.319474,6.875305,https://www.wikidata.org/wiki/Q2444039
3129,Mühlrüti,SG,47.37083333,8.985,https://www.wikidata.org/wiki/Q6931942
3130,Swakopmund,Etranger,-22.666666666667,14.533333333333,https://www.wikidata.org/wiki/Q59698
3131,Fontenais,BE,,,
3132,Grüsch,GR,,,
3133,Buchs/Frauenfeld,TG,,,
3134,Plumieux,Etranger,48.103055555556,-2.5838888888889,https://www.wikidata.org/wiki/Q49361346
3135,Delémont,JU,47.365277777778,7.3472222222222,https://www.wikidata.org/wiki/Q63896
3136,Origlio,TI,,,
3137,Kell am See,Etranger,,,
3138,Seen,ZH,47.4764,8.76972,https://www.wikidata.org/wiki/Q2265422
3139,Mettlen,TG,,,
3140,Gurzelen (SO),BE,,,https://www.wikidata.org/wiki/Q99456093
3141,Vessy,GE,46.1723,6.15902,https://www.wikidata.org/wiki/Q117808761
3142,Dombresson,NE,47.0711,6.9557,https://www.wikidata.org/wiki/Q70459
3143,Billens-Hennens,FR,,,
3144,Oulens-sous-Échallens,VD,,,
3145,Bogatynia,Etranger,50.9075,14.953888888888889,https://www.wikidata.org/wiki/Q123438
3146,Pailly,VD,46.70123,6.6754,https://www.wikidata.org/wiki/Q22466627
3147,Höllstein im Wiesental,Etranger,,,
3148,Soulce,JU,47.3039,7.2699,https://www.wikidata.org/wiki/Q70399
3149,Kiesen,BE,,,
3150,Kandergrund,BE,46.56212,7.659,https://www.wikidata.org/wiki/Q22526533
3151,Adelboden,BE,46.49142,7.56031,https://www.wikidata.org/wiki/Q56434970
3152,Niederwald,VS,,,
3153,Schaffouse,SH,,,
3154,Yverdon-les-Bains,VD,46.7785,6.6408333333333,https://www.wikidata.org/wiki/Q63946
3155,St. Gallen,SG,47.423333333333,9.3772222222222,https://www.wikidata.org/wiki/Q25607
3156,Hereq,ZH,,,
3157,baden,AG,,,
3158,Valangin,NE,,,
3159,Le Pont-de-Beauvoisin,Etranger,45.5361,5.6723,https://www.wikidata.org/wiki/Q363932
3160,Kirchenthurnen,BE,46.823055555556,7.5016666666667,https://www.wikidata.org/wiki/Q65912
3161,Sommeri,TG,,,
3162,Boltigen,BE,,,
3163,Büron,LU,,,
3164,La Chaux-de-Fonds,NE,47.099627777778,6.8295583333333,https://www.wikidata.org/wiki/Q68124
3165,Allens,VD,,,
3166,Ponts-de-Martel,NE,,,
3167,Eiken,AG,58.47861111,7.20833333,https://www.wikidata.org/wiki/Q28448399
3168,Mont-sur-Lausanne,VD,,,
3169,Bellano,Etranger,46.04426,9.30734,https://www.wikidata.org/wiki/Q30022699
3170,Radelfingen,BE,47.02146,7.27178,https://www.wikidata.org/wiki/Q22647671
3171,La Ferrière,BE,,,
3172,Villars-sur-Marly,FR,46.7735,7.1966,https://www.wikidata.org/wiki/Q56260876
3173,La Roche,FR,,,
3174,Courtion,FR,46.8583,7.0707,https://www.wikidata.org/wiki/Q15803959
3175,La Chaux-de-Fonds,NE,47.099627777778,6.8295583333333,https://www.wikidata.org/wiki/Q68124
3176,Franenfeld,TG,,,
3177,Roeselare,Etranger,,,
3178,Bad Salzuflen,Etranger,52.083333333333336,8.746666666666666,https://www.wikidata.org/wiki/Q4108
3179,Gächlingen,SH,47.70329,8.49878,https://www.wikidata.org/wiki/Q22583768
3180,Cava Manara,Etranger,45.14014,9.10774,https://www.wikidata.org/wiki/Q30024423
3181,Fétigny,FR,,,
3182,Hünenberg,ZG,,,
3183,Boczki,Etranger,,,
3184,Ramsberg,ZH,,,
3185,Tegerfelden,AG,47.55809,8.28914,https://www.wikidata.org/wiki/Q22472478
3186,Grolley,FR,46.8336,7.07116,https://www.wikidata.org/wiki/Q22650127
3187,Kamianets-Podilskyi,Etranger,48.680555555556,26.580555555556,https://www.wikidata.org/wiki/Q193965
3188,Rapperswil,BE,,,
3189,Rüti bei Büren,BE,,,
3190,La Magne,FR,46.633341,6.933334,https://www.wikidata.org/wiki/Q1798920
3191,Meggen,LU,,,
3192,La Chaux,VD,,,
3193,Langnau bei Reiden,LU,47.23,7.9616666666667,https://www.wikidata.org/wiki/Q689592
3194,Lottigna,TI,46.46666667,8.95,https://www.wikidata.org/wiki/Q1651140
3195,Gimel,VD,,,
3196,Château-d'Œx,VD,46.474,7.1295,https://www.wikidata.org/wiki/Q22484411
3197,Coppet,GE,,,
3198,Wuppenau,TG,47.49633,9.10904,https://www.wikidata.org/wiki/Q22640221
3199,Montagny,FR,46.79289,6.61222,https://www.wikidata.org/wiki/Q22364149
3200,Rütschelen,BE,,,
3201,Marsens,FR,46.65649,7.06167,https://www.wikidata.org/wiki/Q22436523
3202,Kirchberg BE,BE,,,
3203,Ladenburg,Etranger,,,
3204,Tscheppach,SO,47.146944444444,7.4791666666667,https://www.wikidata.org/wiki/Q70015
3205,Unterentfelden,AG,,,
3206,Cuarnens,VD,,,
3207,Le Locle,NE,47.05317,6.74816,https://www.wikidata.org/wiki/Q64093
3208,Landeron,NE,,,
