id,name,birth_canton,lat,long,wikidata_uri
0,Frienisberg,BE,47.02734,7.33101,https://www.wikidata.org/wiki/Q1464603
1,Lichtensteig,SG,47.32381,9.08758,https://www.wikidata.org/wiki/Q22425811
2,St. Gallen,SG,47.423333333333,9.3772222222222,https://www.wikidata.org/wiki/Q25607
3,Solothurn,SO,47.208055555556,7.5375,https://www.wikidata.org/wiki/Q68965
4,Isenfluh,BE,46.616666666667,7.8833333333333,https://www.wikidata.org/wiki/Q1673825
5,La Chaux-de-Fonds,NE,47.099627777778,6.8295583333333,https://www.wikidata.org/wiki/Q68124
6,Bottens,VD,,,
7,Montreux,VD,46.435,6.9125,https://www.wikidata.org/wiki/Q69354
8,Meilen,ZH,47.270277777778,8.6411111111111,https://www.wikidata.org/wiki/Q68261
9,Visp,VS,46.292222222222,7.8827777777778,https://www.wikidata.org/wiki/Q64147
10,Zurich,ZH,47.37444444444444,8.54111111111111,https://www.wikidata.org/wiki/Q72
11,Quinto,TI,,,
12,Gresso,TI,46.216666666667,8.6166666666667,https://www.wikidata.org/wiki/Q68352
13,Sorengo,TI,46,8.9333333333333,https://www.wikidata.org/wiki/Q69995
14,Neuchâtel,NE,46.990277777778,6.9305555555556,https://www.wikidata.org/wiki/Q69345
15,Wädenswil,ZH,47.230277777778,8.6722222222222,https://www.wikidata.org/wiki/Q69718
16,Hamburg,Etranger,53.55,10,https://www.wikidata.org/wiki/Q1055
17,Basel,BS,47.560555555556,7.5905555555556,https://www.wikidata.org/wiki/Q78
18,Bielefeld,Etranger,52.016666666667,8.5333333333333,https://www.wikidata.org/wiki/Q2112
19,Wil,SG,47.466388888889,9.0497222222222,https://www.wikidata.org/wiki/Q64077
20,Geneva,GE,46.2,6.15,https://www.wikidata.org/wiki/Q71
21,Lucerne,LU,47.0523,8.3059,https://www.wikidata.org/wiki/Q4191
22,Sissach,BL,47.46408,7.80888,https://www.wikidata.org/wiki/Q22631389
23,Alsace,Etranger,,,
24,Gerliswil,LU,47.0775,8.27388889,https://www.wikidata.org/wiki/Q99437739
25,Nyon,VD,46.38196166666667,6.23888,https://www.wikidata.org/wiki/Q64027
26,Frauenfeld,TG,47.555833333333,8.8963888888889,https://www.wikidata.org/wiki/Q68120
27,Arbon,TG,47.516666666667,9.4333333333333,https://www.wikidata.org/wiki/Q64156
28,Turin,Etranger,45.079166666666666,7.676111111111111,https://www.wikidata.org/wiki/Q495
29,Heerbrugg,SG,47.416666666667,9.6166666666667,https://www.wikidata.org/wiki/Q486284
30,Büren,SO,,,
31,Hütten,ZH,47.174166666667,8.6663888888889,https://www.wikidata.org/wiki/Q66892
32,Chur,GR,46.85212,9.52965,https://www.wikidata.org/wiki/Q69007
33,Winterthur,ZH,47.4992,8.72671,https://www.wikidata.org/wiki/Q9125
34,Laufen,BE,,,
35,Emmen,LU,47.077222222222,8.3,https://www.wikidata.org/wiki/Q4225
36,Olten,SO,47.353055555556,7.9077777777778,https://www.wikidata.org/wiki/Q68129
37,Petit-Saconnex,GE,46.22427,6.12076,https://www.wikidata.org/wiki/Q3225401
38,Sarnen,OW,46.896944444444,8.2469444444444,https://www.wikidata.org/wiki/Q63964
39,Schaffhausen,SH,47.69653,8.63386,https://www.wikidata.org/wiki/Q9009
40,District 4,ZH,47.375,8.527,https://www.wikidata.org/wiki/Q677133
41,Montreal,Etranger,45.5033426,-73.5868411,https://www.wikidata.org/wiki/Q340
42,Fluntern,ZH,,,
43,Frankfurt,Etranger,50.11055555555556,8.682222222222222,https://www.wikidata.org/wiki/Q1794
44,Frankfurt,Etranger,50.11055555555556,8.682222222222222,https://www.wikidata.org/wiki/Q1794
45,Sainte-Croix,VD,46.82203,6.50283,https://www.wikidata.org/wiki/Q22384825
46,Rio de Janeiro,Etranger,-22.91111111111111,-43.205555555555556,https://www.wikidata.org/wiki/Q8678
47,Sevgein,GR,46.76553,9.21998,https://www.wikidata.org/wiki/Q65703
48,Freiburg im Breisgau,Etranger,47.995,7.85,https://www.wikidata.org/wiki/Q2833
49,Hauptwil,TG,,,
50,Bern,BE,46.94798,7.44743,https://www.wikidata.org/wiki/Q70
51,Füllinsdorf,BL,47.50688,7.73129,https://www.wikidata.org/wiki/Q22619754
52,Bulle FR,FR,46.616666666667,7.05,https://www.wikidata.org/wiki/Q68308
53,Clarens,VD,,,
54,Berlin,Etranger,52.516666666667,13.383333333333,https://www.wikidata.org/wiki/Q64
55,Schleitheim,SH,47.7493,8.4851,https://www.wikidata.org/wiki/Q69111
56,Danzig,Etranger,,,
57,Thalwil,ZH,47.295277777778,8.5647222222222,https://www.wikidata.org/wiki/Q68959
58,Affoltern am Albis,ZH,47.28167,8.45023,https://www.wikidata.org/wiki/Q68290
59,Wülflingen,ZH,,,
60,Savognin,GR,46.5975,9.5997222222222,https://www.wikidata.org/wiki/Q65096
61,Conches,GE,46.1841,6.17459,https://www.wikidata.org/wiki/Q2991947
62,Biel/Bienne,BE,47.137222222222,7.2472222222222,https://www.wikidata.org/wiki/Q1034
63,Plainpalais,GE,46.19388889,6.14138889,https://www.wikidata.org/wiki/Q2546289
64,Erlach,BE,,,
65,Sursee,LU,47.174166666667,8.1080555555556,https://www.wikidata.org/wiki/Q7123
66,Romont,FR,46.69652,6.91898,https://www.wikidata.org/wiki/Q22460676
67,Lausanne,VD,46.533333333333,6.6333333333333,https://www.wikidata.org/wiki/Q807
68,Payerne,VD,46.816666666667,6.9333333333333,https://www.wikidata.org/wiki/Q69525
69,Saint-Aubin,NE,50.2483,4.5781,https://www.wikidata.org/wiki/Q2860747
70,Yverdon-les-Bains,VD,46.7785,6.6408333333333,https://www.wikidata.org/wiki/Q63946
71,Wohlen,AG,47.350555555556,8.2777777777778,https://www.wikidata.org/wiki/Q68244
72,Eaux-Vives,GE,46.204399,6.159833,https://www.wikidata.org/wiki/Q248321
73,Vevey,VD,46.466666666667,6.85,https://www.wikidata.org/wiki/Q68160
74,Paris,Etranger,48.85666666666667,2.352222222222222,https://www.wikidata.org/wiki/Q90
75,Poschiavo,GR,46.3244,10.05721,https://www.wikidata.org/wiki/Q22557399
76,Lutry,VD,46.50241,6.68647,https://www.wikidata.org/wiki/Q22610628
77,Kölliken,AG,47.33882,8.02644,https://www.wikidata.org/wiki/Q22565297
78,Burgdorf,BE,47.056666666667,7.6263888888889,https://www.wikidata.org/wiki/Q68311
79,Moscow,Etranger,55.75055555555556,37.6175,https://www.wikidata.org/wiki/Q649
80,Maienfeld,GR,47.007777777778,9.5308333333333,https://www.wikidata.org/wiki/Q64178
81,Aarau,AG,47.3923,8.0446,https://www.wikidata.org/wiki/Q14274
82,Emmenbrücke-Littau (LU),LU,,,
83,Witzwil,BE,,,
84,Rüschegg,BE,46.77977,7.39167,https://www.wikidata.org/wiki/Q22369963
85,Spiegel bei Bern,BE,,,
86,Crans-près-Céligny,VD,,,
87,Genoa,Etranger,44.407186111111,8.9339833333333,https://www.wikidata.org/wiki/Q1449
88,Berikon,AG,47.35137,8.37209,https://www.wikidata.org/wiki/Q22396636
89,Carouge,GE,46.18166,6.14037,https://www.wikidata.org/wiki/Q69364
90,Kefikon,TG,,,
91,Winterthur,ZH,47.4992,8.72671,https://www.wikidata.org/wiki/Q9125
92,Grenchen,SO,47.193055555556,7.3958333333333,https://www.wikidata.org/wiki/Q68248
93,Cologne,Etranger,44.771666666667,-93.781388888889,https://www.wikidata.org/wiki/Q2346558
94,Niederuzwil,SG,47.44482088291444,9.142102462709122,https://www.wikidata.org/wiki/Q18446606
95,Cham,UR,,,
96,Varese,Etranger,,,
97,Liestal,BL,47.483888888889,7.735,https://www.wikidata.org/wiki/Q68972
98,Rüti,ZH,47.261388888889,8.8555555555556,https://www.wikidata.org/wiki/Q69752
99,Riehen,BS,47.580555555555556,7.649166666666667,https://www.wikidata.org/wiki/Q5262
100,Pratteln,BL,47.5185,7.69275,https://www.wikidata.org/wiki/Q64679
101,Le Locle,NE,47.05317,6.74816,https://www.wikidata.org/wiki/Q64093
102,Zürich-Hottingen,ZH,,,
103,Aigle,VD,46.3173,6.9646,https://www.wikidata.org/wiki/Q43195
104,Oberentfelden,AG,47.35639,8.04594,https://www.wikidata.org/wiki/Q22420179
105,Küsnacht,ZH,47.318055555556,8.5825,https://www.wikidata.org/wiki/Q69216
106,Unterägeri,ZG,47.13645,8.5853,https://www.wikidata.org/wiki/Q22388864
107,Zwingen,BL,,,
108,Aubonne,VD,46.5,6.3833333333333,https://www.wikidata.org/wiki/Q43232
109,Grindelwald,BE,46.625555555556,8.0333333333333,https://www.wikidata.org/wiki/Q64004
110,Neudorf,LU,,,
111,Liebefeld (Köniz),BE,,,
112,Agarn,VS,,,
113,Cresciano,TI,,,
114,Hauenstein-Ifenthal,SO,,,
115,Cham,ZG,,,
116,Forel,VD,46.876111,6.888333,https://www.wikidata.org/wiki/Q386895
117,Herisau,AR,47.3851,9.2786,https://www.wikidata.org/wiki/Q63970
118,La Tour-de-Peilz,VD,46.45,6.8666666666667,https://www.wikidata.org/wiki/Q69721
119,Seewen,SZ,47.028611111111,8.6302777777778,https://www.wikidata.org/wiki/Q687961
120,Erstfeld,UR,46.81237,8.59937,https://www.wikidata.org/wiki/Q69642
121,Bassecourt,JU,47.35,7.2333333333333,https://www.wikidata.org/wiki/Q66705
122,Wyssachen,BE,47.07851,7.82922,https://www.wikidata.org/wiki/Q22641364
123,Reichenbach,BE,,,
124,Scharnachtal,BE,46.6162,7.69798,https://www.wikidata.org/wiki/Q125398477
125,Caslano,TI,45.97153,8.88261,https://www.wikidata.org/wiki/Q22448948
126,Milan,Etranger,45.466944444444,9.19,https://www.wikidata.org/wiki/Q490
127,Schübelbach,SZ,47.17326,8.92811,https://www.wikidata.org/wiki/Q22548451
128,Rieden (auj. Wallisellen),ZH,,,
129,Baar,ZG,47.195555555556,8.5263888888889,https://www.wikidata.org/wiki/Q64087
130,Appenzell,AI,47.330555555556,9.4086111111111,https://www.wikidata.org/wiki/Q209270
131,Buochs,NW,46.97463,8.42068,https://www.wikidata.org/wiki/Q64567
132,Brienz,BE,,,
133,Stallikon,ZH,47.32582,8.48965,https://www.wikidata.org/wiki/Q22377050
134,Les Verrières,NE,46.90413,6.48039,https://www.wikidata.org/wiki/Q22415997
135,Heimiswil,BE,47.06755,7.66665,https://www.wikidata.org/wiki/Q22613320
136,Uster,ZH,47.349166666667,8.7191666666667,https://www.wikidata.org/wiki/Q64032
137,Homburg,TG,,,
138,Gelfingen (auj. comm. Hitzkirch),LU,,,
139,Riex,VD,46.4935,6.7357,https://www.wikidata.org/wiki/Q520036
140,Lancy,GE,46.18969,6.11578,https://www.wikidata.org/wiki/Q64065
141,Massongex,VS,,,
142,Eglisau,ZH,47.57738,8.52122,https://www.wikidata.org/wiki/Q22376806
143,Brünigen,BE,46.75144,8.13825,https://www.wikidata.org/wiki/Q56257356
144,St. Josefen,SG,47.4246,9.33571,https://www.wikidata.org/wiki/Q1703664
145,Schönenwerd,SO,47.3691,8.00167,https://www.wikidata.org/wiki/Q22548796
146,Mümliswil,SO,47.342881,7.703711,https://www.wikidata.org/wiki/Q121434809
147,Verbier,VS,46.1,7.2166666666667,https://www.wikidata.org/wiki/Q688517
148,Cologny,GE,46.216666666667,6.1833333333333,https://www.wikidata.org/wiki/Q69245
149,Zurzach,AG,47.58771111111111,8.29331111111111,https://www.wikidata.org/wiki/Q65246908
150,Faido,TI,46.477,8.80125,https://www.wikidata.org/wiki/Q22450710
151,Alexandria,Etranger,31.1975,29.8925,https://www.wikidata.org/wiki/Q87
152,Samedan,GR,46.533611111111,9.8719444444444,https://www.wikidata.org/wiki/Q69085
153,Lyss,BE,47.075,7.3069444444444,https://www.wikidata.org/wiki/Q69512
154,Konolfingen,BE,46.87909,7.62013,https://www.wikidata.org/wiki/Q22552090
155,Sion,VS,46.23045,7.36606,https://www.wikidata.org/wiki/Q68136
156,Engelberg,OW,46.820555555556,8.4027777777778,https://www.wikidata.org/wiki/Q64108
157,Sierre,VS,46.29192,7.53559,https://www.wikidata.org/wiki/Q22623308
158,Cadiz,Etranger,,,
159,Stans,NW,46.959444444444,8.3666666666667,https://www.wikidata.org/wiki/Q63931
160,Le Sentier,VD,46.616666666667,6.2333333333333,https://www.wikidata.org/wiki/Q3058100
161,Ottenbach,ZH,47.281388888889,8.4038888888889,https://www.wikidata.org/wiki/Q67513
162,Chêne-Bougeries,GE,46.183333333333,6.1833333333333,https://www.wikidata.org/wiki/Q69530
163,Oregon,Etranger,,,
164,Lugano,TI,46.010277777778,8.9625,https://www.wikidata.org/wiki/Q7024
165,Herzogenbuchsee,BE,47.18795,7.7062,https://www.wikidata.org/wiki/Q22619637
166,Sachseln,OW,46.86718,8.23344,https://www.wikidata.org/wiki/Q22374565
167,Chancy,GE,46.1476,5.9789111111111115,https://www.wikidata.org/wiki/Q117808835
168,Nancy,Etranger,48.692777777778,6.1836111111111,https://www.wikidata.org/wiki/Q40898
169,Rüdlingen,SH,47.566666666667,8.5663888888889,https://www.wikidata.org/wiki/Q66796
170,Wettingen,AG,47.46586,8.32666,https://www.wikidata.org/wiki/Q27576
171,Bellinzona,TI,46.195555,9.023809,https://www.wikidata.org/wiki/Q64044
172,Petit-Veyrier,GE,,,
173,Perly-Certoux,GE,,,
174,New York City,Etranger,40.71277777777778,-74.00611111111111,https://www.wikidata.org/wiki/Q60
175,Landecy (comm. Bardonnex),GE,,,
176,Lyon,Etranger,45.7675,4.835,https://www.wikidata.org/wiki/Q456
177,Mont-sur-Rolle,VD,,,
178,Bex,VD,46.2503,7.013,https://www.wikidata.org/wiki/Q56273444
179,Peissy,GE,46.2111,6.0269,https://www.wikidata.org/wiki/Q56261096
180,Sécheron,GE,46.221474,6.143575,https://www.wikidata.org/wiki/Q2405588
181,Veytaux,VD,46.42129,6.93048,https://www.wikidata.org/wiki/Q22419098
182,Vernier,GE,46.2,6.1,https://www.wikidata.org/wiki/Q63922
183,Genthod,GE,46.266666666667,6.15,https://www.wikidata.org/wiki/Q48923
184,Hombrechtikon,ZH,47.25298,8.77212,https://www.wikidata.org/wiki/Q22635601
185,Trögen,AR,51.6794,9.81417,https://www.wikidata.org/wiki/Q2457153
186,Niederweningen,ZH,,,
187,Monthey,VS,46.25,6.95,https://www.wikidata.org/wiki/Q64051
188,Churwalden,GR,46.78143,9.54377,https://www.wikidata.org/wiki/Q56512215
189,Balgach (SG),SG,,,
190,Spiez,BE,,,
191,Andermatt,UR,46.63565,8.59388,https://www.wikidata.org/wiki/Q56435547
192,Turin,VS,,,
193,Balgach,SG,47.40544,9.6095,https://www.wikidata.org/wiki/Q56447093
194,Niederglatt,ZH,,,
195,Horgen,ZH,47.260833333333,8.5975,https://www.wikidata.org/wiki/Q68286
196,"Lori, Armenien, Osmanisches Reich",Etranger,,,
197,Lingen,Etranger,,,
198,The Hague,Etranger,52.08,4.31,https://www.wikidata.org/wiki/Q36600
199,Pfäffikon,ZH,47.366666666667,8.7822222222222,https://www.wikidata.org/wiki/Q68269
200,Pontresina,GR,46.4907,9.9052,https://www.wikidata.org/wiki/Q56292838
201,Petit-Saconnex,GE,46.22427,6.12076,https://www.wikidata.org/wiki/Q3225401
202,Monte-Carlo,Etranger,,,
203,Bubikon,ZH,,,
204,Eaux-Vives (auj. comm. Genève),GE,,,
205,Courtételle,JU,47.34074,7.31827,https://www.wikidata.org/wiki/Q22401758
206,Auw,AG,,,
207,Zofingen,AG,47.28836,7.94754,https://www.wikidata.org/wiki/Q63986
208,Binningen,BL,47.533333333333,7.5666666666667,https://www.wikidata.org/wiki/Q69621
209,Seebach,ZH,47.4194,8.54783,https://www.wikidata.org/wiki/Q276792
210,Baden,AG,47.47291,8.30799,https://www.wikidata.org/wiki/Q63939
211,Entlebuch,LU,46.99559,8.06354,https://www.wikidata.org/wiki/Q22414457
212,Fribourg,FR,46.8,7.15,https://www.wikidata.org/wiki/Q36378
213,Mendrisio,TI,45.866666666667,8.9833333333333,https://www.wikidata.org/wiki/Q69041
214,Féchy,VD,,,
215,Niederhelfenschwil,SG,47.47487,9.18543,https://www.wikidata.org/wiki/Q22610753
216,Wäschenbeuren (Baden-Württemberg),Etranger,,,
217,Beirut,Etranger,33.886944444444,35.513055555556,https://www.wikidata.org/wiki/Q3820
218,Wilderswil,BE,46.666388888889,7.8666666666667,https://www.wikidata.org/wiki/Q69256
219,La Sagne,NE,47.04591,6.80946,https://www.wikidata.org/wiki/Q22584593
220,Budapest,Etranger,47.498333333333,19.040833333333,https://www.wikidata.org/wiki/Q1781
221,Cartigny,GE,,,
222,Avignon,Etranger,,,
223,Naples,Etranger,40.83583333333333,14.248611111111112,https://www.wikidata.org/wiki/Q2634
224,Altstetten,ZH,47.387530555556,8.4858416666667,https://www.wikidata.org/wiki/Q445711
225,Satigny,GE,46.21462,6.03553,https://www.wikidata.org/wiki/Q22429026
226,Lyss,BE,47.075,7.3069444444444,https://www.wikidata.org/wiki/Q69512
227,Wetzikon,ZH,47.320833333333,8.7930555555556,https://www.wikidata.org/wiki/Q68305
228,Les Hauts-Geneveys,NE,47.05,6.8833333333333,https://www.wikidata.org/wiki/Q68694
229,Trieste,Etranger,45.65027777777778,13.770277777777778,https://www.wikidata.org/wiki/Q546
230,Warsaw,Etranger,52.23,21.011111111111113,https://www.wikidata.org/wiki/Q270
231,Macerata Feltria,Etranger,43.80285,12.44204,https://www.wikidata.org/wiki/Q30026821
232,Elgg,ZH,47.49715,8.86523,https://www.wikidata.org/wiki/Q22387433
233,Sépey-près-Vulliens,VD,,,
234,Schwarzenegg,BE,46.79536,7.71704,https://www.wikidata.org/wiki/Q99437662
235,Vallorbe,VD,46.716666666667,6.3833333333333,https://www.wikidata.org/wiki/Q68587
236,Modena,Etranger,44.64582,10.92572,https://www.wikidata.org/wiki/Q279
237,Zollikon,ZH,47.342222222222,8.5783333333333,https://www.wikidata.org/wiki/Q218691
238,Grandchamp (comm. Boudry),NE,,,
239,"Dorpat (Russie, auj. Tartu en Estonie)",Etranger,,,
240,Elsau,ZH,,,
241,"Krzecin (Galicie, Autriche-Hongrie, auj. Pologne)",Etranger,,,
242,Stade près de l'Elbe,Etranger,,,
243,Wülflingen,ZH,47.51,8.683,https://www.wikidata.org/wiki/Q2596602
244,Fleurier,NE,46.9,6.58333,https://www.wikidata.org/wiki/Q628354
245,Illzach (Alsace),Etranger,,,
246,Kiel,Etranger,54.323333333333,10.139444444444,https://www.wikidata.org/wiki/Q1707
247,Brülisau (comm. Rüte),AI,,,
248,Heiden,SG,,,
249,Rolle,VD,46.45755,6.33167,https://www.wikidata.org/wiki/Q69570
250,Pully,VD,46.516666666667,6.6666666666667,https://www.wikidata.org/wiki/Q69738
251,Göttingen,Etranger,51.533888888889,9.9355555555556,https://www.wikidata.org/wiki/Q3033
252,Lauenen,BE,,,
253,Montpellier,Etranger,43.610919444444,3.8772305555556,https://www.wikidata.org/wiki/Q6441
254,Buchdorf (Bavière),Etranger,,,
255,Giessen,Etranger,50.583333333333336,8.666666666666666,https://www.wikidata.org/wiki/Q3874
256,Frankfurt,Etranger,50.11055555555556,8.682222222222222,https://www.wikidata.org/wiki/Q1794
257,Bonn,Etranger,50.735277777777775,7.102222222222222,https://www.wikidata.org/wiki/Q586
258,Delémont,BE,47.365277777778,7.3472222222222,https://www.wikidata.org/wiki/Q63896
259,Utrecht,Etranger,,,
260,Wünnewil,FR,46.8744,7.2789,https://www.wikidata.org/wiki/Q97170360
261,Strasbourg,Etranger,48.573333333333,7.7522222222222,https://www.wikidata.org/wiki/Q6602
262,Saint-Pargoire (Languedoc),Etranger,,,
263,Heilbronn (Wurtemberg),Etranger,,,
264,Amriswil,TG,47.549722222222,9.3,https://www.wikidata.org/wiki/Q69768
265,Walzenhausen (AR),AR,,,
266,Münchenbuchsee (BE),BE,,,
267,Trubschachen,BE,46.92228,7.8452,https://www.wikidata.org/wiki/Q22529221
268,Steffisburg,BE,46.783055555556,7.6333333333333,https://www.wikidata.org/wiki/Q69668
269,Lemberg,Etranger,,,
270,Oberburg (BE),BE,,,
271,Sonvilier (BE),BE,,,
272,Hirzel,ZH,47.216944444444,8.6102777777778,https://www.wikidata.org/wiki/Q66338
273,Orpund,BE,47.13891,7.30775,https://www.wikidata.org/wiki/Q22449580
274,Gossau,SG,47.416388888889,9.25,https://www.wikidata.org/wiki/Q69777
275,Weinfelden,TG,47.5698,9.112,https://www.wikidata.org/wiki/Q68258
276,Saint-Mihiel (Lorraine),Etranger,,,
277,Barcelona,Etranger,41.3825,2.1769444444444,https://www.wikidata.org/wiki/Q1492
278,Nuremberg,Etranger,49.45388888888889,11.0775,https://www.wikidata.org/wiki/Q2090
279,Walenstadt,SG,47.12411,9.31194,https://www.wikidata.org/wiki/Q22441445
280,Brest,Etranger,,,
281,Annemasse,Etranger,,,
282,Olten,SO,47.353055555556,7.9077777777778,https://www.wikidata.org/wiki/Q68129
283,Sholapore,Etranger,,,
284,Nantes,Etranger,,,
285,Fully,VS,,,
286,"Grisolia Cipollina, Cosenza",Etranger,,,
287,Brig,VS,46.316389,7.966389,https://www.wikidata.org/wiki/Q15582
288,Karlsruhe,Etranger,49.016666666667,8.4,https://www.wikidata.org/wiki/Q1040
289,Suhl,Etranger,50.610555555556,10.693055555556,https://www.wikidata.org/wiki/Q14891
290,Arnstadt,Etranger,,,
291,Nankin,Etranger,,,
292,Atzelsdorf,Etranger,,,
293,Bremerhaven,Etranger,53.55,8.5833333333333,https://www.wikidata.org/wiki/Q2706
294,Marseille,Etranger,43.296666666667,5.3763888888889,https://www.wikidata.org/wiki/Q23482
295,Thun,BE,46.759,7.63,https://www.wikidata.org/wiki/Q68978
296,Athens,Etranger,37.98416666666667,23.728055555555557,https://www.wikidata.org/wiki/Q1524
297,Guggisberg,BE,46.76756,7.32946,https://www.wikidata.org/wiki/Q22652800
298,Polska Cerekiew,Etranger,50.23333333,18.13333333,https://www.wikidata.org/wiki/Q10567299
299,Arosa,GR,46.783055555556,9.6830555555556,https://www.wikidata.org/wiki/Q63954
300,Aurich (Frise orientale),Etranger,,,
301,Altishofen,LU,47.19916,7.96964,https://www.wikidata.org/wiki/Q22397857
302,Moutiers,BE,47.966666666667,-1.2138888888889,https://www.wikidata.org/wiki/Q35734990
303,Hasle bei Burgdorf,BE,,,
304,Wald,ZH,47.275277777778,8.9144444444444,https://www.wikidata.org/wiki/Q67272
305,Madrid,Etranger,40.41694444444445,-3.703333333333333,https://www.wikidata.org/wiki/Q2807
306,Hohenems,Etranger,47.366666666667,9.6666666666667,https://www.wikidata.org/wiki/Q698591
307,Wolfhalden,AR,,,
308,Schaffhausen,ZH,47.69653,8.63386,https://www.wikidata.org/wiki/Q9009
309,Locarno,TI,46.166388888889,8.7997222222222,https://www.wikidata.org/wiki/Q11935
310,Stein,AG,47.544166666667,7.9513888888889,https://www.wikidata.org/wiki/Q65914
311,Trimbach,SO,47.36561,7.8868,https://www.wikidata.org/wiki/Q22525325
312,Stuttgart,Etranger,48.7775,9.18,https://www.wikidata.org/wiki/Q1022
313,Nordhausen,Etranger,,,
314,Saarbrücken,Etranger,49.233333333333,7,https://www.wikidata.org/wiki/Q1724
315,Saint-Imier,BE,47.15284,6.99692,https://www.wikidata.org/wiki/Q22382417
316,Dresden,Etranger,51.0493286,13.7381437,https://www.wikidata.org/wiki/Q1731
317,Tobel,TG,,,
318,Köniz,BE,46.925,7.4152777777778,https://www.wikidata.org/wiki/Q64058
319,Kloten,ZH,47.448055555556,8.5827777777778,https://www.wikidata.org/wiki/Q68165
320,Leon,Etranger,,,
321,"Prien, Bavière",Etranger,,,
322,Nepi,Etranger,42.24221,12.34355,https://www.wikidata.org/wiki/Q30028168
323,Orbe,VD,46.72504,6.53069,https://www.wikidata.org/wiki/Q22447721
324,Sulgen,TG,,,
325,Bordeaux,Etranger,44.837777777778,-0.57944444444444,https://www.wikidata.org/wiki/Q1479
326,Echallens,VD,46.6413,6.63317,https://www.wikidata.org/wiki/Q22364065
327,Bellegarde,Etranger,,,
328,Iowa City,Etranger,,,
329,Toronto,Etranger,,,
330,Verrières,Etranger,,,
331,Treysa,Etranger,,,
332,Blaubeuren,Etranger,,,
333,Tübingen,Etranger,48.52,9.0555555555556,https://www.wikidata.org/wiki/Q3806
334,Ilmenau,Etranger,,,
335,Radès,Etranger,,,
336,Neuchâtel,VD,,,
337,Prague,Etranger,50.0875,14.421388888888888,https://www.wikidata.org/wiki/Q1085
338,Môtiers,NE,46.916666666667,6.6166666666667,https://www.wikidata.org/wiki/Q689691
339,Berleburg (Westphalie),Etranger,,,
340,Chemnitz,Etranger,,,
341,Darmstadt,Etranger,49.866666666667,8.65,https://www.wikidata.org/wiki/Q2973
342,Eschweiler,Etranger,,,
343,Cham,ZG,47.180277777778,8.4594444444444,https://www.wikidata.org/wiki/Q69235
344,Fällanden,ZH,,,
345,Kilchberg,ZH,48.4889,9.01583,https://www.wikidata.org/wiki/Q119603
346,Kleinandelfingen,ZH,47.60058,8.68362,https://www.wikidata.org/wiki/Q22442585
347,Richterswil,ZH,47.208055555556,8.7058333333333,https://www.wikidata.org/wiki/Q68227
348,Morges,VD,46.509447222222,6.4986111111111,https://www.wikidata.org/wiki/Q69401
349,Granges-près-Marnand,VD,46.766666666667,6.8833333333333,https://www.wikidata.org/wiki/Q668880
350,Le Lieu,VD,46.6468,6.2817,https://www.wikidata.org/wiki/Q56273583
351,Begnins,VD,46.44152,6.24762,https://www.wikidata.org/wiki/Q22369788
352,Avenches,VD,46.88004,7.04071,https://www.wikidata.org/wiki/Q56438249
353,Arzier,VD,46.45962,6.20813,https://www.wikidata.org/wiki/Q22697039
354,Crissier,VD,46.55,6.5833333333333,https://www.wikidata.org/wiki/Q57121
355,Vladimir,Etranger,56.12861111111111,40.405833333333334,https://www.wikidata.org/wiki/Q2684
356,Chexbres,VD,46.48208,6.77805,https://www.wikidata.org/wiki/Q22490557
357,"Jongny (Vevey, Switzerland)",VD,46.47883,6.84114,https://www.wikidata.org/wiki/Q22487158
358,Bière,VD,46.533333333333,6.3333333333333,https://www.wikidata.org/wiki/Q52262
359,Lucens,VD,46.70854,6.83931,https://www.wikidata.org/wiki/Q22595619
360,"Amillis, Seine-et-Marne",Etranger,,,
361,Cressier,NE,47.0508,7.0356,https://www.wikidata.org/wiki/Q70139
362,Moudon,VD,46.66947,6.80127,https://www.wikidata.org/wiki/Q22409836
363,Château-d'Œx,VD,46.474,7.1295,https://www.wikidata.org/wiki/Q22484411
364,Buenos Aires,Etranger,-34.599722222222,-58.381944444444,https://www.wikidata.org/wiki/Q1486
365,Grasswil,BE,47.145803567657246,7.666631214658664,https://www.wikidata.org/wiki/Q99437716
366,Ennetbühl SG,SG,,,
367,Krompach,Etranger,,,
368,Zug,ZG,47.168055555555554,8.516944444444444,https://www.wikidata.org/wiki/Q68144
369,Wrocław,Etranger,51.11,17.0325,https://www.wikidata.org/wiki/Q1799
370,Merksem-Antwerpen,Etranger,,,
371,Kirberg (Nassau),Etranger,,,
372,Poggio A Caiano,Etranger,43.81378,11.05186,https://www.wikidata.org/wiki/Q49288097
373,Providence,Etranger,,,
374,Teufen,AR,47.3908,9.38644,https://www.wikidata.org/wiki/Q22479398
375,Saint-Yrieix-la-Perche,Etranger,,,
376,Muri,AG,47.274722222222,8.3416666666667,https://www.wikidata.org/wiki/Q69011
377,Couvet,NE,46.923056,6.633889,https://www.wikidata.org/wiki/Q688493
378,Rio Novo (Brésil),Etranger,,,
379,Arnsberg,Etranger,,,
380,Lauchhammer/Senftenberg,Etranger,,,
381,Lucerne,Lucerne,,,
382,Viganello,TI,46.016666666667,8.9833333333333,https://www.wikidata.org/wiki/Q693420
383,Croglio,TI,45.98849,8.84214,https://www.wikidata.org/wiki/Q70212
384,Heemstede,Etranger,,,
385,Istanbul,Etranger,41.01,28.960277777778,https://www.wikidata.org/wiki/Q406
386,Sullens,VD,,,
387,Rorbas,ZH,47.53092,8.57555,https://www.wikidata.org/wiki/Q22462138
388,Männedorf,ZH,47.255277777778,8.6916666666667,https://www.wikidata.org/wiki/Q64627
389,Beggingen,SH,47.76737,8.53535,https://www.wikidata.org/wiki/Q22369547
390,Berg am Irchel,ZH,,,
391,Regensberg,ZH,,,
392,Glattfelden,ZH,,,
393,Pfäffikon,ZH,47.366666666667,8.7822222222222,https://www.wikidata.org/wiki/Q68269
394,Lienheim (Bade),Etranger,,,
395,Mümliswil-Ramiswil,SO,,,
396,Gamshurst (Bade),Etranger,,,
397,Dielsdorf,ZH,47.48146,8.4585,https://www.wikidata.org/wiki/Q22630050
398,Turbenthal,ZH,47.43633,8.84629,https://www.wikidata.org/wiki/Q22357290
399,Rapperswil-Jona,SG,47.228611111111,8.8316666666667,https://www.wikidata.org/wiki/Q69729
400,Bauma,ZH,47.368055555556,8.8777777777778,https://www.wikidata.org/wiki/Q67145
401,Stadel,ZH,,,
402,Rümlang,ZH,,,
403,Füssen,Etranger,,,
404,Seegraben,ZH,47.895833333333336,15.913333333333334,https://www.wikidata.org/wiki/Q83952046
405,Burgdorf,BE,47.056666666667,7.6263888888889,https://www.wikidata.org/wiki/Q68311
406,Glarus,GL,47.033055555556,9.0663888888889,https://www.wikidata.org/wiki/Q63912
407,Bonneville,Etranger,,,
408,Kappel,SO,,,
409,Andelfingen,ZH,47.594722222222,8.6788888888889,https://www.wikidata.org/wiki/Q68423
410,Reute,AR,,,
411,Auvernier,NE,46.9763,6.8783,https://www.wikidata.org/wiki/Q70385
412,Champéry,VS,,,
413,Mettmenstetten,ZH,47.24529,8.46347,https://www.wikidata.org/wiki/Q22499750
414,Corbeyrier,VD,,,
415,Meyrin,GE,46.23222,6.07911,https://www.wikidata.org/wiki/Q68230
416,Egelshofen,TG,,,
417,Oberuzwil,SG,47.43076,9.12724,https://www.wikidata.org/wiki/Q22421580
418,Münchenbuchsee,BE,47.016388888889,7.45,https://www.wikidata.org/wiki/Q69071
419,Volken,ZH,,,
420,Maschwanden,ZH,,,
421,Biglen,BE,46.92629,7.62508,https://www.wikidata.org/wiki/Q22435266
422,"Germersheim (Palatinat bavarois, auj. Rhénanie Palatinat)",Etranger,,,
423,Feuerthalen,ZH,47.69054,8.64357,https://www.wikidata.org/wiki/Q22463759
424,Affeltrangen,TG,47.525833333333,9.0330555555556,https://www.wikidata.org/wiki/Q22363434
425,Uhwiesen,ZH,47.67074,8.63542,https://www.wikidata.org/wiki/Q22699445
426,Flaach,ZH,47.576388888889,8.6091666666667,https://www.wikidata.org/wiki/Q70367
427,Hottingen-Zurich,ZH,,,
428,Hirzel,ZH,47.216944444444,8.6102777777778,https://www.wikidata.org/wiki/Q66338
429,Waltalingen,ZH,,,
430,Hersfeld,Etranger,,,
431,Wasterkingen,ZH,,,
432,Braunwald,GL,46.933055555556,9,https://www.wikidata.org/wiki/Q617569
433,Osterfingen,SH,,,
434,Jussy,GE,46.2359,6.26701,https://www.wikidata.org/wiki/Q22492286
435,Lanzenmoos (comm. Fischenthal),ZH,,,
436,Vordemwald,AG,47.27585,7.90114,https://www.wikidata.org/wiki/Q22429969
437,Langnau im Emmental,BE,46.943333333333,7.7852777777778,https://www.wikidata.org/wiki/Q66300
438,Wattenwil,ZH,46.76973,7.50835,https://www.wikidata.org/wiki/Q22554839
439,Porrentruy,JU (BE historique),47.416666666667,7.0833333333333,https://www.wikidata.org/wiki/Q68256
440,Altnau,TG,47.61052,9.2616,https://www.wikidata.org/wiki/Q22397987
441,Arlesheim,BL,47.492222222222,7.6202777777778,https://www.wikidata.org/wiki/Q581647
442,Copponex (Haute-Savoie),Etranger,,,
443,Troinex,GE,,,
444,Villars-Mendraz,VD,46.65,6.7333333333333,https://www.wikidata.org/wiki/Q678869
445,Bülach,ZH,47.518888888889,8.5422222222222,https://www.wikidata.org/wiki/Q9093
446,Würzburg,Etranger,49.794444444444,9.9294444444444,https://www.wikidata.org/wiki/Q2999
447,Unterstrass,ZH,47.391447222222,8.5387694444444,https://www.wikidata.org/wiki/Q656446
448,Waldenburg (Saxe),Etranger,,,
449,Schaffhausen? Siblingen?,SH,,,
450,Saint-Julien-en-Genevois,Etranger,,,
451,Chicago,Etranger,41.88194444444444,-87.62777777777778,https://www.wikidata.org/wiki/Q1297
452,Oberhofen,TG,47.6186,9.1933,https://www.wikidata.org/wiki/Q7074740
453,Gross-Strehlitz (Silésie),Etranger,,,
454,Cannstatt (Wurtemberg),Etranger,,,
455,Frick,AG,47.51169,8.02471,https://www.wikidata.org/wiki/Q22578706
456,Altdorf,UR,46.880555555556,8.6394444444444,https://www.wikidata.org/wiki/Q68150
457,Anet,BE,,,
458,Feldbrunnen-Sankt Niklaus,SO,,,
459,Herrliberg,ZH,47.29064,8.61464,https://www.wikidata.org/wiki/Q22619435
460,Kyburg,ZH,47.457777777778,8.745,https://www.wikidata.org/wiki/Q65779
461,Stampa,GR,46.343,9.5905,https://www.wikidata.org/wiki/Q688507
462,Flawil,SG,47.40532,9.19771,https://www.wikidata.org/wiki/Q65506
463,Wolfwil,SO,47.26819,7.78967,https://www.wikidata.org/wiki/Q22632420
464,Fahrwangen,AG,,,
465,Brugg,AG,47.486388888889,8.2083333333333,https://www.wikidata.org/wiki/Q64099
466,Ganterschwil,SG,47.383055555556,9.0830555555556,https://www.wikidata.org/wiki/Q65461
467,Bubendorf,BL,,,
468,Graz,Etranger,47.07083333333333,15.438611111111111,https://www.wikidata.org/wiki/Q13298
469,L'Isle,VD,,,
470,Kulmbach,Etranger,,,
471,Caluire-et-Cuire,Etranger,,,
472,London,Etranger,51.507222222222,-0.1275,https://www.wikidata.org/wiki/Q84
473,Annonay (Ardèche),Etranger,,,
474,Pforzheim,Etranger,,,
475,Hottingen (auj. Zurich),ZH,,,
476,Langenthal,BE,47.215277777778,7.7888888888889,https://www.wikidata.org/wiki/Q69726
477,Heidelberg,Etranger,49.412222222222,8.71,https://www.wikidata.org/wiki/Q2966
478,Courtelary,BE,47.17822,7.07236,https://www.wikidata.org/wiki/Q22401642
479,Wattwil,SG,47.29955,9.08657,https://www.wikidata.org/wiki/Q22555103
480,Einsiedeln,SZ,47.127777777778,8.7430555555556,https://www.wikidata.org/wiki/Q68950
481,Murten,BE,,,
482,Mels,SG,46.17645,13.10948,https://www.wikidata.org/wiki/Q18452138
483,Hinwil,ZH,47.303333333333,8.8444444444444,https://www.wikidata.org/wiki/Q69383
484,Kehl-Kork,Etranger,,,
485,Oberägeri,ZG,,,
486,Binzhou,Etranger,,,
487,Schönenberg,ZH,,,
488,Schwyz,SZ,47.020546,8.658332,https://www.wikidata.org/wiki/Q68155
489,Alvaneu,GR,46.683055555556,9.6497222222222,https://www.wikidata.org/wiki/Q64229
490,Casablanca,Etranger,-33.316666666667,-71.416666666667,https://www.wikidata.org/wiki/Q3742
491,Munich,Etranger,48.1375,11.575,https://www.wikidata.org/wiki/Q1726
492,Třinec,Etranger,49.677609314509,18.670814768494,https://www.wikidata.org/wiki/Q986102
493,Mitlödi,GL,47.012222222222,9.0805555555556,https://www.wikidata.org/wiki/Q661465
494,Eriswil,BE,47.07816,7.85149,https://www.wikidata.org/wiki/Q22418761
495,Zernez,GR,,,
496,"Emmendingen, Breisgau, Baden",Etranger,,,
497,Lennep,Etranger,,,
498,Münchenstein,BL,47.51857,7.61739,https://www.wikidata.org/wiki/Q69030
499,Presinge,GE,46.21975,6.25517,https://www.wikidata.org/wiki/Q22564712
500,Kerzers,FR,46.97586,7.1957,https://www.wikidata.org/wiki/Q22387822
501,Langenbruck,BL,47.34917,7.76802,https://www.wikidata.org/wiki/Q22362386
502,Kriens,LU,47.034444444444,8.28,https://www.wikidata.org/wiki/Q14571
503,Thun,ZH,46.759,7.63,https://www.wikidata.org/wiki/Q68978
504,Wollishofen (auj. comm. Zurich),ZH,,,
505,Galaţi,Etranger,,,
506,Grandvaux,VD,46.483333333333,6.7166666666667,https://www.wikidata.org/wiki/Q664153
507,Froideville,VD,,,
508,Le Fuet,BE,47.2433,7.1815805555556,https://www.wikidata.org/wiki/Q1289387
509,Schwanden,GL,46.994166666667,9.0738888888889,https://www.wikidata.org/wiki/Q659947
510,Pfäfers,SG,,,
511,Mulhouse,Etranger,47.748611111111,7.3391666666667,https://www.wikidata.org/wiki/Q79815
512,Croy,VD,,,
513,Goumoëns,VD,,,
514,Bursins,VD,,,
515,Sous-Gare/Ouchy,VD,46.507072222222,6.6267638888889,https://www.wikidata.org/wiki/Q870499
516,Montheron,VD,46.590222,6.664222,https://www.wikidata.org/wiki/Q3322727
517,L'Abbaye,VD,,,
518,Amsterdam,Etranger,52.36666666666667,4.883333333333333,https://www.wikidata.org/wiki/Q727
519,Versailles,Etranger,48.805,2.135,https://www.wikidata.org/wiki/Q621
520,Jassy,Etranger,,,
521,Edinburgh,Etranger,55.95333333333333,-3.1891666666666665,https://www.wikidata.org/wiki/Q23436
522,Quakenbrück,Etranger,,,
523,Osterode,Etranger,,,
524,Rothenfluh,BL,47.461944444444,7.9161111111111,https://www.wikidata.org/wiki/Q66801
525,Münster,Etranger,51.9625,7.6255555555556,https://www.wikidata.org/wiki/Q2742
526,Frenkendorf,BL,47.50686,7.71648,https://www.wikidata.org/wiki/Q22511682
527,Grandval,BE,47.28278,7.42504,https://www.wikidata.org/wiki/Q22406510
528,Lons-le-Saunier,Etranger,,,
529,Davos,GR,46.809055555556,9.8398333333333,https://www.wikidata.org/wiki/Q68097
530,Coinsins,VD,,,
531,Neuilly-sur-Seine,Etranger,48.887222222222,2.2675,https://www.wikidata.org/wiki/Q48958
532,Copenhagen,Etranger,55.676111111111,12.568888888889,https://www.wikidata.org/wiki/Q1748
533,Yverdon-les-Bains,VD,46.7785,6.6408333333333,https://www.wikidata.org/wiki/Q63946
534,Stockholm,Etranger,59.329444444444,18.068611111111,https://www.wikidata.org/wiki/Q1754
535,Spreitenbach,AG,,,
536,Onex,GE,46.18333333333333,6.1,https://www.wikidata.org/wiki/Q117808928
537,Neydens,Etranger,,,
538,Corcelles-près-Payerne,VD,,,
539,Wallisellen,ZH,47.412222222222,8.5922222222222,https://www.wikidata.org/wiki/Q69374
540,Frankfurt (Oder),Etranger,52.342083333333335,14.551666666666666,https://www.wikidata.org/wiki/Q4024
541,Uerikon Stäfa,ZH,,,
542,Hallau,SH,47.6966,8.4578,https://www.wikidata.org/wiki/Q69172
543,Herrenhof,TG,,,
544,Vandœuvres,GE,46.22179,6.20285,https://www.wikidata.org/wiki/Q22409062
545,Tannay,VD,,,
546,Avully,GE,46.16747,5.9985,https://www.wikidata.org/wiki/Q69200
547,Gingins,VD,46.4091,6.17809,https://www.wikidata.org/wiki/Q22644451
548,Enge,ZH,,,
549,Koppigen,BE,47.134444444444,7.6041666666667,https://www.wikidata.org/wiki/Q66668
550,Diessenhofen,TG,,,
551,Le Grand-Saconnex,GE,46.233333333333,6.1166666666667,https://www.wikidata.org/wiki/Q69714
552,"Schwarzenegg, Unterlangenegg",BE,,,
553,Törbel,VS,,,
554,Münster,VS,,,
555,Chamoson,VS,46.2,7.2166666666667,https://www.wikidata.org/wiki/Q70178
556,Bramois,VS,,,
557,Oron,VD,,,
558,Downtown Bolligen,BE,46.9751,7.49697,https://www.wikidata.org/wiki/Q22579925
559,Eptingen,BL,,,
560,Heiligenschwendi,BE,46.75109,7.68391,https://www.wikidata.org/wiki/Q22613267
561,Villars-Bozon,VD,,,
562,Thun,BE,46.759,7.63,https://www.wikidata.org/wiki/Q68978
563,Porrentruy,JU,47.416666666667,7.0833333333333,https://www.wikidata.org/wiki/Q68256
564,Hasle,LU,,,
565,Wittenbach,SG,47.46108,9.38601,https://www.wikidata.org/wiki/Q22629807
566,Boudry,NE,46.9489,6.8357,https://www.wikidata.org/wiki/Q56260984
567,Luchsingen,GL,46.966944444444,9.0369444444444,https://www.wikidata.org/wiki/Q659932
568,Fontainemelon,NE,47.05,6.8833333333333,https://www.wikidata.org/wiki/Q68544
569,Saint-Aubin-Sauges,NE,,,
570,Perroy,VD,46.46821,6.36622,https://www.wikidata.org/wiki/Q22516446
571,Versoix,GE,46.283333333333,6.1666666666667,https://www.wikidata.org/wiki/Q63979
572,Collonge-Bellerive,GE,46.25,6.2,https://www.wikidata.org/wiki/Q69037
573,Chéserex,VD,,,
574,Saint-Livres,VD,46.50794,6.38753,https://www.wikidata.org/wiki/Q22383039
575,Ellikon an der Thur,ZH,,,
576,Udine,Etranger,46.066666666667,13.233333333333,https://www.wikidata.org/wiki/Q2790
577,Los Angeles,Etranger,34.05223,-118.24368,https://www.wikidata.org/wiki/Q65
578,Filderstadt,Etranger,,,
579,Cortaillod,NE,46.9434,6.8454,https://www.wikidata.org/wiki/Q56261001
580,"Baumgartenhof, comm. Bernardvillé (Alsace)",Etranger,,,
581,Heidenheim,Etranger,,,
582,Wittenwil,TG,47.50306,8.92167,https://www.wikidata.org/wiki/Q2178276
583,Silvaplana,GR,,,
584,Islikon,TG,47.5469,8.8429,https://www.wikidata.org/wiki/Q1674267
585,Azmoos,SG,47.082,9.47579,https://www.wikidata.org/wiki/Q793951
586,Tavannes,BE,47.22079,7.19759,https://www.wikidata.org/wiki/Q22467577
587,Düsseldorf,Etranger,51.22555555555556,6.776666666666666,https://www.wikidata.org/wiki/Q1718
588,Tramelan,BE,47.22393,7.0995,https://www.wikidata.org/wiki/Q22521364
589,Bützberg,BE,,,
590,Bochum,Etranger,,,
591,Wartau,SG,,,
592,Ittigen,BE,,,
593,Brittnau,AG,47.25954,7.94689,https://www.wikidata.org/wiki/Q22595470
594,Pontirone,TI,46.38195,9.02228,https://www.wikidata.org/wiki/Q56221033
595,Klosters Serneus,GR,46.88918,9.83826,https://www.wikidata.org/wiki/Q22699156
596,Andiast,GR,46.783055555556,9.1163888888889,https://www.wikidata.org/wiki/Q65167
597,Meikirch,BE,,,
598,Romanshorn,TG,47.56354,9.35639,https://www.wikidata.org/wiki/Q65125
599,Palazzuolo di Romagna,Etranger,,,
600,Le Châble,VS,,,
601,Lengnau bei Biel,BE,,,
602,Wagenhausen,TG,,,
603,Dessau,Etranger,,,
604,Wipkingen,ZH,,,
605,Uettligen,BE,46.98734,7.38556,https://www.wikidata.org/wiki/Q124537427
606,Aesch (LU),LU,,,
607,Bossonnens,FR,46.516666666667,6.85,https://www.wikidata.org/wiki/Q68429
608,Eschenbach (LU),LU,,,
609,Aurigeno,TI,46.233333333333,8.7,https://www.wikidata.org/wiki/Q1056013
610,Weimar,Etranger,50.98111111111111,11.329444444444444,https://www.wikidata.org/wiki/Q3955
611,Glarisegg,TG,47.655966,8.957588,https://www.wikidata.org/wiki/Q131935371
612,Krauchtal,BE,,,
613,Bernrain,TG,,,
614,Castelrotto,TI,,,
615,Ambrì,TI,46.509166666667,8.6947222222222,https://www.wikidata.org/wiki/Q459932
616,Contra,TI,,,
617,Muralto,TI,46.166666666667,8.8,https://www.wikidata.org/wiki/Q69961
618,Le Châtelard,VD,,,
619,Brenles,VD,46.666666666667,6.85,https://www.wikidata.org/wiki/Q52284
620,Sumiswald,BE,47.02747,7.74526,https://www.wikidata.org/wiki/Q22434595
621,Courroux,BE,47.36069,7.37371,https://www.wikidata.org/wiki/Q22361890
622,Roggwil,BE,47.24119,7.82141,https://www.wikidata.org/wiki/Q22459368
623,Dättlikon,ZH,,,
624,Altstätten,SG,47.37766,9.54746,https://www.wikidata.org/wiki/Q56435459
625,Reckingen,VS,,,
626,Borken,Etranger,51.843888888889,6.8583333333333,https://www.wikidata.org/wiki/Q453
627,Chieti,Etranger,,,
628,Lanciano,Etranger,,,
629,Villach,Etranger,,,
630,Eisenharz (comm. Argenbühl dans l'Allgäu),Etranger,,,
631,Stellenbosch (Cap),Etranger,,,
632,Huttwil,BE,47.11502,7.86209,https://www.wikidata.org/wiki/Q22652058
633,Bremen,Etranger,53.13333333333333,8.733333333333333,https://www.wikidata.org/wiki/Q1209
634,Gansingen,AG,,,
635,Pompaples,VD,46.666666666667,6.5166666666667,https://www.wikidata.org/wiki/Q70675
636,Vaduz,Etranger,,,
637,Derby,Etranger,,,
638,Möhlin,AG,,,
639,Buhl,Etranger,,,
640,Zell (Bade),Etranger,,,
641,Töss,ZH,,,
642,Lutzenberg,AR,,,
643,Murten,FR,46.928055555556,7.1169444444444,https://www.wikidata.org/wiki/Q68283
644,St Huberts,Etranger,,,
645,Provence,VD,,,
646,Saint Petersburg,Etranger,59.95,30.316666666667,https://www.wikidata.org/wiki/Q656
647,Colmar,Etranger,48.081111111111,7.355,https://www.wikidata.org/wiki/Q130994
648,Pregny,GE,46.234889,6.139557,https://www.wikidata.org/wiki/Q133573605
649,Bachs,ZH,,,
650,Schwanden,BE,47.0363,7.40198,https://www.wikidata.org/wiki/Q2253008
651,San Francisco,Etranger,37.775,-122.41944444444445,https://www.wikidata.org/wiki/Q62
652,Lenzburg,AG,47.3875,8.1802777777778,https://www.wikidata.org/wiki/Q69433
653,Töss (auj. comm. Winterthour),ZH,,,
654,Mollis,GL,47.093611111111,9.0752777777778,https://www.wikidata.org/wiki/Q644055
655,Montricher,VD,46.60005,6.37695,https://www.wikidata.org/wiki/Q22368948
656,Allahabad,Etranger,,,
657,Ilsenburg am Harz,Etranger,,,
658,Cannes,Etranger,43.5525,7.0213888888889,https://www.wikidata.org/wiki/Q39984
659,Territet,VD,46.4245,6.92475,https://www.wikidata.org/wiki/Q2733559
660,Porrentruy,BE (aujourd'hui JU),47.416666666667,7.0833333333333,https://www.wikidata.org/wiki/Q68256
661,Dottikon,AG,47.38437,8.23981,https://www.wikidata.org/wiki/Q22588230
662,Wiesbaden,Etranger,50.0825,8.24,https://www.wikidata.org/wiki/Q1721
663,Saint-André-d'Argenteuil,Etranger,,,https://www.wikidata.org/wiki/Q138013254
664,Les Bois,BE (aujourd'hui JU),47.17715,6.90498,https://www.wikidata.org/wiki/Q22412191
665,Manila,Etranger,14.595833333333333,120.97722222222222,https://www.wikidata.org/wiki/Q1461
666,Essen,Etranger,51.450833333333,7.0130555555556,https://www.wikidata.org/wiki/Q2066
667,Sempach,LU,47.13577,8.19149,https://www.wikidata.org/wiki/Q22561491
668,Bussnang,TG,,,
669,Dresden,Etranger,51.0493286,13.7381437,https://www.wikidata.org/wiki/Q1731
670,Frankfurt,Etranger,50.11055555555556,8.682222222222222,https://www.wikidata.org/wiki/Q1794
671,Latterbach,BE,,,
672,Neustadt an der Weinstraße,Etranger,,,
673,Münchwilen,TG,47.47719,8.99677,https://www.wikidata.org/wiki/Q22643918
674,Pockau,Etranger,,,
675,Dübendorf,ZH,,,
676,Täuffelen,BE,47.06524,7.19704,https://www.wikidata.org/wiki/Q22379293
677,Le Creusot,Etranger,46.807222222222,4.4163888888889,https://www.wikidata.org/wiki/Q34797549
678,Sagogn,GR,,,
679,Hamburg,Etranger,53.55,10,https://www.wikidata.org/wiki/Q1055
680,S-chanf,GR,,,
681,Bresse (Ain),Etranger,,,
682,Oberwichtrach,BE,46.8428,7.5767,https://www.wikidata.org/wiki/Q15837303
683,Foëcy,Etranger,,,
684,Münchenstein,BS,,,
685,Former charterhouse La Lance,VD,46.85896,6.73724,https://www.wikidata.org/wiki/Q2961267
686,Rome,Etranger,41.893055555556,12.482777777778,https://www.wikidata.org/wiki/Q220
687,Breitenbach,SO,,,
688,Kreuzlingen,TG,47.645833333333,9.1783333333333,https://www.wikidata.org/wiki/Q63905
689,Ermatingen,TG,47.67057,9.08573,https://www.wikidata.org/wiki/Q22419347
690,Arona,Etranger,,,
691,Bargen,BE,,,
692,Pernambouc,Etranger,,,
693,Birsfelden,BL,,,
694,Steinach,SG,,,
695,Sent,GR,46.816666666667,10.333333333333,https://www.wikidata.org/wiki/Q69709
696,Grellingen,BE,47.44231,7.58906,https://www.wikidata.org/wiki/Q22440045
697,Odesa,Etranger,46.47747,30.73262,https://www.wikidata.org/wiki/Q1874
698,Buch,ZH,,,
699,Bucharest,Etranger,44.41336111111111,26.09777777777778,https://www.wikidata.org/wiki/Q19660
700,Kanderbrück,BE,46.5809,7.6597,https://www.wikidata.org/wiki/Q56256701
701,Lonigo,Etranger,45.38576,11.38402,https://www.wikidata.org/wiki/Q30026728
702,Gand,Etranger,,,
703,Klingnau,AG,,,
704,Le Landeron,NE,47.0562,7.07184,https://www.wikidata.org/wiki/Q22385481
705,Aesch (BL),BL,,,
706,Laufon,BE (aujourd'hui BL),,,
707,Hätzingen,GL,,,
708,Bolken,SO,,,
709,Rheinfelden,AG,47.553888888889,7.7958333333333,https://www.wikidata.org/wiki/Q269667
710,Slovenske Konjice,Etranger,46.336214186,15.42099741,https://www.wikidata.org/wiki/Q15919
711,Farningham,Etranger,51.38,0.22,https://www.wikidata.org/wiki/Q2706208
712,Brussels,Etranger,50.846666666666664,4.351666666666667,https://www.wikidata.org/wiki/Q239
713,Waldenburg,BL,,,
714,Arrufo,Etranger,,,
715,Wangen ZH,ZH,,,
716,Kaiseraugst (Lsjbot),AG,47.53966,7.72605,https://www.wikidata.org/wiki/Q22504776
717,Gümligen ?,BE,,,
718,Saint-Prex,VD,46.47963,6.45992,https://www.wikidata.org/wiki/Q22383687
719,Rothenthurm,SZ,,,
720,Courfaivre,BE (aujourd'hui JU),47.333333333333,7.2833333333333,https://www.wikidata.org/wiki/Q69921
721,Catania,Etranger,37.502669444444,15.087269444444,https://www.wikidata.org/wiki/Q1903
722,La Croix-sur-Lutry ?,VD,,,
723,Vuarrens,VD,,,
724,Canton,Etranger,,,
725,La Neuveville,BE,47.0684,7.09955,https://www.wikidata.org/wiki/Q22655396
726,Erlenbach,ZH,47.304444444444,8.5922222222222,https://www.wikidata.org/wiki/Q69203
727,Kleindietwil,BE,47.145555555556,7.7916666666667,https://www.wikidata.org/wiki/Q662473
728,Dornbirn,Etranger,,,
729,Soubey,BE,47.30933,7.04886,https://www.wikidata.org/wiki/Q22654249
730,Charleroi,Etranger,,,
731,Haifa,Etranger,,,
732,Singen,Etranger,47.762777777778,8.84,https://www.wikidata.org/wiki/Q6979
733,Lansing,Etranger,42.7335,-84.5467,https://www.wikidata.org/wiki/Q28237
734,Boston,Etranger,42.360277777777775,-71.05777777777777,https://www.wikidata.org/wiki/Q100
735,Choindez,BE,47.321196,7.380667,https://www.wikidata.org/wiki/Q2964344
736,Reno,Etranger,39.52611111111111,-119.81266666666667,https://www.wikidata.org/wiki/Q49225
737,Wuppertal,Etranger,51.266666666667,7.1833333333333,https://www.wikidata.org/wiki/Q2107
738,Algiers,Etranger,36.776388888889,3.0586111111111,https://www.wikidata.org/wiki/Q3561
739,Westhofen,Etranger,,,
740,Boulogne-Billancourt,Etranger,48.835277777778,2.2413888888889,https://www.wikidata.org/wiki/Q172455
741,Calestano,Etranger,44.60224,10.12363,https://www.wikidata.org/wiki/Q30023366
742,Mörfelden,Etranger,49.975827777778,8.5678972222222,https://www.wikidata.org/wiki/Q13487057
743,Ravensburg,Etranger,,,
744,Klagenfurt am Wörthersee,Etranger,46.616666666667,14.3,https://www.wikidata.org/wiki/Q41753
745,Petit-Lancy,GE,,,
746,Mussoorie,Etranger,,,
747,Randogne,VS,46.316666666667,7.5166666666667,https://www.wikidata.org/wiki/Q70355
748,Chevrilles,FR,,,
749,Maputo,Etranger,-25.968888888888888,32.57333333333333,https://www.wikidata.org/wiki/Q3889
750,Nidau,BE,47.12545,7.24033,https://www.wikidata.org/wiki/Q22610385
751,Wiler (Lötschen),VS,,,
752,Karlsbad,Etranger,,,
753,Bonfol,BE (aujourd'hui JU),47.47735,7.15144,https://www.wikidata.org/wiki/Q22580285
754,Schwarzenburg,BE,46.816666666667,7.3333333333333,https://www.wikidata.org/wiki/Q70708
755,Horn,TG,,,
756,Kienberg,SO,,,
757,Novazzano,TI,,,
758,Niedererlinsbach,SO,47.398333333333,8.0083333333333,https://www.wikidata.org/wiki/Q689567
759,Wangen an der Aare,BE,47.23199,7.65448,https://www.wikidata.org/wiki/Q22546154
760,Vicenza,Etranger,,,
761,Gossau,SG,47.416388888889,9.25,https://www.wikidata.org/wiki/Q69777
762,Im Fang (Jaun),FR,46.59862,7.23675,https://www.wikidata.org/wiki/Q125122019
763,Berg (SG),SG,,,
764,Châtel-Saint-Denis,FR,46.526944,6.901111,https://www.wikidata.org/wiki/Q69517
765,Soubey,BE (aujourd'hui JU),47.30933,7.04886,https://www.wikidata.org/wiki/Q22654249
766,Henau,SG,,,
767,Bassecourt,BE (aujourd'hui JU),47.35,7.2333333333333,https://www.wikidata.org/wiki/Q66705
768,Moukden,Etranger,,,
769,Pfaffenhofen,Etranger,,,
770,Lengnau (AG),AG,,,
771,Busswil bei Melchnau,BE,,,
772,Saignelégier,BE,47.25,7,https://www.wikidata.org/wiki/Q67666
773,Reinach,BL,47.493611111111,7.5908333333333,https://www.wikidata.org/wiki/Q69747
774,Rorschach,SG,47.478611111111,9.4936111111111,https://www.wikidata.org/wiki/Q68250
775,Niederurnen,GL,47.126944444444,9.0536111111111,https://www.wikidata.org/wiki/Q659838
776,Busswil bei Büren,BE,47.1,7.3236111111111,https://www.wikidata.org/wiki/Q662499
777,Epesses,VD,46.5,6.75,https://www.wikidata.org/wiki/Q668869
778,Missy,VD,,,
779,Courrendlin,BE,47.33853,7.37243,https://www.wikidata.org/wiki/Q22361849
780,Le Sentier (comm. du Chenit),VD,,,
781,Lumino,TI,,,
782,Sils im Domleschg,GR,,,
783,Varna,Etranger,,,
784,Göschenen,UR,46.66816,8.58709,https://www.wikidata.org/wiki/Q22583961
785,Vernayaz,VS,,,
786,Oberhof,AG,,,
787,Nilvange (Lorraine),Etranger,,,
788,Saint-Moritz,GR,,,
789,Kleinhüningen (auj. Bâle),BS,,,
790,Mühledorf,SO,47.136111111111,7.4763888888889,https://www.wikidata.org/wiki/Q66319
791,Juriens,VD,,,
792,Farnern,BE,,,
793,Muolen,SG,,,
794,Buchs,SG,47.16555555555556,9.471111111111112,https://www.wikidata.org/wiki/Q68277
795,Muri bei Bern,BE,46.931944444444,7.4872222222222,https://www.wikidata.org/wiki/Q69765
796,Uttiwil,FR,,,
797,Nutenwil,SG,,,
798,Albeuve,FR,46.51472,7.05528,https://www.wikidata.org/wiki/Q2619138
799,Fiesch,VS,46.39981,8.13533,https://www.wikidata.org/wiki/Q22464667
800,Les Posses-Dessus,VD,,,
801,Lörrach,Etranger,47.615555555556,7.6613888888889,https://www.wikidata.org/wiki/Q6855
802,Khotin,Etranger,51.07947222222222,34.78,https://www.wikidata.org/wiki/Q997487
803,Seedorf BE,BE,,,
804,Oberhallau,SH,47.7071,8.47853,https://www.wikidata.org/wiki/Q22420458
805,Augst,BL,47.53557,7.71468,https://www.wikidata.org/wiki/Q22462470
806,Saint-Brais,BE,47.30611,7.11368,https://www.wikidata.org/wiki/Q22380751
807,Storzeln bei Binningen,Etranger,,,
808,Mettendorf,SG,,,
809,Balsthal,SO,47.31613,7.69318,https://www.wikidata.org/wiki/Q56447134
810,Bôle,NE,,,
811,Besenbüren,AG,,,
812,Turtmann,VS,46.301943,7.703883,https://www.wikidata.org/wiki/Q70054
813,Kurzdorf (auj. Frauenfeld),TG,,,
814,Pont d'Ain,Etranger,,,
815,Travers,NE,,,
816,Magdala,Etranger,,,
817,Barbengo,TI,45.962216666667,8.9152777777778,https://www.wikidata.org/wiki/Q664172
818,Poissy (Ile-de-France),Etranger,,,
819,Walkringen,BE,46.94856,7.6204,https://www.wikidata.org/wiki/Q22542643
820,Oberhofen am Thunersee,BE,,,
821,Ragaz,SG,,,
822,Risch,ZG,,,
823,Ebikon,LU,,,
824,Hallau,SH,47.6966,8.4578,https://www.wikidata.org/wiki/Q69172
825,"château de Sclassin (auj. comm. Pepinster, Belgique)",Etranger,,,
826,"Hub (comm. Busswil, auj. comm. Sirnach)",TG,,,
827,Altikon,ZH,47.57404,8.78282,https://www.wikidata.org/wiki/Q22397766
828,Portsmouth (New Hampshire),Etranger,,,
829,Sonnenberg (Hefenhofen),TG,,,
830,Hefenhofen,TG,,,
831,Lieli (auj. com. Hohenrain),LU,,,
832,Hottingen (auj. comm. Zurich),ZH,,,
833,Birmenstorf,AG,47.46152,8.24816,https://www.wikidata.org/wiki/Q22551003
834,Ennenda,GL,47.033611111111,9.0775,https://www.wikidata.org/wiki/Q659434
835,Court,BE,47.23956,7.33655,https://www.wikidata.org/wiki/Q22401412
836,Sagno,TI,45.85,9.0333333333333,https://www.wikidata.org/wiki/Q378869
837,Leipzig,Etranger,51.3406321,12.3747329,https://www.wikidata.org/wiki/Q2079
838,Eisenach (Thuringe),Etranger,,,
839,Martigny-Bourg,VS,,,
840,Steinmaur,ZH,47.4971,8.45216,https://www.wikidata.org/wiki/Q22390227
841,Anzin (Nord-Pas-de-Calais),Etranger,,,
842,Breitenwang (Tyrol),Etranger,,,
843,Colombier,NE,,,
844,Lons-le-Saunier (Jura),Etranger,,,
845,Fontaines,NE,47.041666666667,6.9,https://www.wikidata.org/wiki/Q70430
846,Steinegg (comm. Rüte),AI,,,
847,Rheineck,SG,,,
848,Jonen,AG,52.7189,6.0172,https://www.wikidata.org/wiki/Q2059317
849,Brombach (Bade),Etranger,,,
850,Nottwil,LU,47.13569,8.13712,https://www.wikidata.org/wiki/Q22397833
851,Jegenstorf,BE,47.04802,7.50787,https://www.wikidata.org/wiki/Q22473993
852,Merishausen,SH,,,
853,Gwatt (auj. comm. Thoune),BE,,,
854,Vitebsk,Etranger,55.183333333333,30.166666666667,https://www.wikidata.org/wiki/Q102217
855,Bischofszell,TG,47.499722222222,9.2333333333333,https://www.wikidata.org/wiki/Q64865
856,Murgenthal,AG,47.27145,7.83935,https://www.wikidata.org/wiki/Q22630788
857,Uttigen,BE,46.794988,7.573213,https://www.wikidata.org/wiki/Q124172456
858,Ardon,VS,,,
859,L'Orient,VD,,,
860,Roche (VD),VD,,,
861,Achalkalaki,Etranger,,,
862,Jouxtens,VD,,,
863,Utzenstorf,BE,47.12981,7.55838,https://www.wikidata.org/wiki/Q22401384
864,Vuibroye,VD,46.566666666667,6.8,https://www.wikidata.org/wiki/Q678930
865,Adliswil,ZH,47.312222222222,8.5255555555556,https://www.wikidata.org/wiki/Q68210
866,Ecublens,VD,46.52758,6.56052,https://www.wikidata.org/wiki/Q69716
867,Hennens (auj. comm. Billens-Hennens),FR,,,
868,Linthal,GL,46.918333333333,8.9972222222222,https://www.wikidata.org/wiki/Q661454
869,Bagnes/Champsec,VS,,,
870,Netstal,GL,47.0625,9.0563888888889,https://www.wikidata.org/wiki/Q607716
871,Disentis,GR,,,
872,Lauterbach,Etranger,48.6228,10.745,https://www.wikidata.org/wiki/Q2755107
873,Bedretto,TI,,,
874,Neunkirch,SH,,,
875,Deitingen,SO,49.28969,9.28485,https://www.wikidata.org/wiki/Q125547473
876,Kamenz,Etranger,,,
877,Belp,BE,,,
878,Eschenbach,SG,47.23981,8.92156,https://www.wikidata.org/wiki/Q22421781
879,Reichenburg,SZ,,,
880,Uzwil,SG,47.45,9.1333333333333,https://www.wikidata.org/wiki/Q64171
881,Niederscherli,BE,46.883333333333,7.3833333333333,https://www.wikidata.org/wiki/Q1988440
882,Confignon,GE,46.17341,6.08437,https://www.wikidata.org/wiki/Q22532735
883,Wangen SZ,SZ,,,
884,Saint-Ursanne,JU,47.36504648359477,7.154645583908892,https://www.wikidata.org/wiki/Q661799
885,Schwyz,SZ,,,
886,Osogna,TI,46.31208,8.98579,https://www.wikidata.org/wiki/Q67336
887,Gilly,VD,,,
888,Aarburg,AG,47.32067,7.89986,https://www.wikidata.org/wiki/Q56434820
889,Menzingen,ZG,47.180277777778,8.5916666666667,https://www.wikidata.org/wiki/Q66050
890,"Gleiwitz (Silésie, aujourd'hui Pologne)",Etranger,,,
891,Greifswald,Etranger,,,
892,Lachen,SZ,47.191111111111,8.8566666666667,https://www.wikidata.org/wiki/Q67100
893,Caravaggio,Etranger,45.49627,9.64165,https://www.wikidata.org/wiki/Q30023719
894,Zollbrück,BE,,,
895,Bandung,Etranger,,,
896,Tehran,Etranger,35.68888888888889,51.389722222222225,https://www.wikidata.org/wiki/Q3616
897,Baltimore,Etranger,,,
898,Hong Kong,Etranger,22.278333333333,114.15861111111,https://www.wikidata.org/wiki/Q8646
899,Kleinsteinlohe (Bavière),Etranger,,,
900,Daillens,VD,,,
901,Buchs,AG,,,
902,Metz,Etranger,,,
903,Freudenstadt,Etranger,,,
904,Brest (Finistère),Etranger,,,
905,"Görz (A, auj. I)",Etranger,,,
906,Bade,Etranger,,,
907,Eschenz,TG,47.64793,8.87472,https://www.wikidata.org/wiki/Q22421820
908,Santa Maria del Molise,Etranger,41.55285,14.36762,https://www.wikidata.org/wiki/Q30030261
909,Kirchberg,TG,47.549444444444,8.9555555555556,https://www.wikidata.org/wiki/Q120101
910,Brooklyn,Etranger,,,
911,Wynau,BE,47.2557,7.81626,https://www.wikidata.org/wiki/Q22641034
912,Offenburg (Bade),Etranger,,,
913,Mannheim,Etranger,49.48777777777778,8.466111111111111,https://www.wikidata.org/wiki/Q2119
914,Wengen,BE,,,
915,Porrentruy,BE,47.416666666667,7.0833333333333,https://www.wikidata.org/wiki/Q68256
916,Seewis im Prättigau,GR,,,
917,Sèvres,Etranger,,,
918,Celerina,GR,,,
919,Vienna,Etranger,48.208333333333336,16.3725,https://www.wikidata.org/wiki/Q1741
920,Newstead,Etranger,,,
921,Fürstenau,GR,,,
922,Florence,Etranger,43.771388888889,11.254166666667,https://www.wikidata.org/wiki/Q2044
923,Asuel,JU,,,
924,Hauteville,FR,,,
925,Bennwil,BL,,,
926,Hanau (Hesse),Etranger,,,
927,Constance,Etranger,47.663333333333,9.1752777777778,https://www.wikidata.org/wiki/Q3834
928,Le Havre,Etranger,49.494166666667,0.10805555555556,https://www.wikidata.org/wiki/Q42810
929,Gualeguaychú,Etranger,-33.007777777778,-58.511111111111,https://www.wikidata.org/wiki/Q52585
930,Vlissingen,Etranger,,,
931,Sâles,FR,46.6358,6.97387,https://www.wikidata.org/wiki/Q3509787
932,Basadingen,TG,47.669,8.7458,https://www.wikidata.org/wiki/Q4866167
933,Morrens,VD,,,
934,Saanen,BE,46.48956,7.25961,https://www.wikidata.org/wiki/Q22371686
935,Hergiswil,NW,46.98429,8.30944,https://www.wikidata.org/wiki/Q22617966
936,St. Gallen,SO,47.423333333333,9.3772222222222,https://www.wikidata.org/wiki/Q25607
937,Chougny Vandoeuvres,GE,,,
938,La Vernaz (Haute-Savoie),Etranger,,,
939,Besazio,TI,45.866666666667,8.95,https://www.wikidata.org/wiki/Q68801
940,Wesserling (Alsace),Etranger,,,
941,Thônex,GE,46.2,6.2166666666667,https://www.wikidata.org/wiki/Q68201
942,Vufflens,VD,,,
943,Pest,Etranger,,,
944,Allaman,VD,46.47008,6.3964,https://www.wikidata.org/wiki/Q22389314
945,Prarustin (Piémont),Etranger,,,
946,Sierne,GE,46.1776,6.1821,https://www.wikidata.org/wiki/Q17347217
947,Wesserling,Etranger,,,
948,Montauban (Tarn et Garonne),Etranger,,,
949,Ipswich,Etranger,,,
950,Dully,VD,,,
951,Mauriac (Auvergne),Etranger,,,
952,Lüdenscheid,Etranger,51.21977,7.6273,https://www.wikidata.org/wiki/Q3893
953,Riva San Vitale,TI,45.9,8.9666666666667,https://www.wikidata.org/wiki/Q67130
954,Schönenbuch,BL,47.53853,7.50572,https://www.wikidata.org/wiki/Q22548757
955,Malix (auj. comm. Churwalden),GR,,,
956,Venice,Etranger,45.439722222222,12.331944444444,https://www.wikidata.org/wiki/Q641
957,Mötschwil,BE,47.049444444444,7.5686111111111,https://www.wikidata.org/wiki/Q67830
958,Ettlingen bei Karlsruhe,Etranger,,,
959,Saint-Maurice,VS,46.219,7.0047,https://www.wikidata.org/wiki/Q69545
960,Paradiso,TI,,,
961,Gelfingen,LU,47.214166666667,8.2658333333333,https://www.wikidata.org/wiki/Q669306
962,Buttes,NE,46.883333333333,6.55,https://www.wikidata.org/wiki/Q689954
963,Windig,FR,,,
964,Rarogne,VS,,,
965,Corcelles,BE,,,
966,Uznach,SG,47.22421,8.98263,https://www.wikidata.org/wiki/Q22402012
967,Veringendorf,Etranger,,,
968,Interlaken,BE,46.68715,7.86487,https://www.wikidata.org/wiki/Q68103
969,Wil bei Rafz,ZH,,,
970,Uppsala,Etranger,,,
971,Rafz,ZH,47.612222222222,8.5408333333333,https://www.wikidata.org/wiki/Q66457
972,Diesse,BE,,,
973,Sils Baselgia,GR,46.433055555555555,9.756944444444445,https://www.wikidata.org/wiki/Q17683083
974,Corgémont,BE,47.19457,7.14517,https://www.wikidata.org/wiki/Q22542205
975,Martigny,VS,46.1,7.07277777778,https://www.wikidata.org/wiki/Q68956
976,Palmyra,Etranger,39.4339,-89.9956,https://www.wikidata.org/wiki/Q2319494
977,Magden,AG,47.52868,7.81128,https://www.wikidata.org/wiki/Q22365375
978,Boncourt,BE,,,
979,Stäfa,ZH,47.2401,8.7328,https://www.wikidata.org/wiki/Q69774
980,Dägerlen,ZH,,,
981,Reconvilier,BE,47.23431,7.22239,https://www.wikidata.org/wiki/Q22585739
982,Courtedoux,BE,47.40819,7.04281,https://www.wikidata.org/wiki/Q22401620
983,Riken (auj. comm. Murgenthal),AG,,,
984,Treyvaux,FR,46.72745,7.13772,https://www.wikidata.org/wiki/Q22524423
985,Aadorferfeld-Elgg,ZH,,,
986,Domdidier,FR,46.86716,7.01337,https://www.wikidata.org/wiki/Q22641824
987,Büren NW,NW,46.938414,8.397209,https://www.wikidata.org/wiki/Q55283653
988,Ibach,SZ,,,
989,Cheiry,FR,46.749167,6.833333,https://www.wikidata.org/wiki/Q68555
990,Alterswil,FR,,,
991,Estavayer-le-Lac,FR,46.85,6.847222,https://www.wikidata.org/wiki/Q67516
992,Guin,FR,,,
993,Näfels,GL,47.098888888889,9.0627777777778,https://www.wikidata.org/wiki/Q182806
994,Schlatt,AI,47.35682,9.39673,https://www.wikidata.org/wiki/Q55966073
995,Herblingen,SH,,,
996,Ingenbohl,SZ,46.9988,8.61529,https://www.wikidata.org/wiki/Q22436765
997,Arth,SZ,47.064444444444,8.5241666666667,https://www.wikidata.org/wiki/Q69742
998,Nunningen,SO,47.3945,7.62122,https://www.wikidata.org/wiki/Q22404535
999,Neuhausen am Rheinfall,SH,47.683055555556,8.6166666666667,https://www.wikidata.org/wiki/Q69372
1000,Losheim,Etranger,,,
1001,Bratislava,Etranger,48.144722222222,17.112777777778,https://www.wikidata.org/wiki/Q1780
1002,Tour-de-Trême,FR,,,
1003,Lussenga,Etranger,,,
1004,San Nazzaro,TI,,,
1005,St-Blasien,Etranger,,,
1006,Edimbourg (Ecosse),Etranger,,,
1007,Gontenschwil,AG,47.27166,8.14396,https://www.wikidata.org/wiki/Q22366778
1008,Roveredo,GR,,,
1009,Ljubljana,Etranger,46.05138888888889,14.50611111111111,https://www.wikidata.org/wiki/Q437
1010,Sulz am Neckar,Etranger,,,
1011,Scuol,GR,46.79825,10.301416666667,https://www.wikidata.org/wiki/Q20617002
1012,Wolfenschiessen,NW,46.90322,8.39423,https://www.wikidata.org/wiki/Q22632117
1013,Rastatt,Etranger,,,
1014,Johannesburg,Etranger,-26.204361111111,28.041638888889,https://www.wikidata.org/wiki/Q34647
1015,Bad Homburg vor der Höhe,Etranger,50.22923611111111,8.610486111111111,https://www.wikidata.org/wiki/Q4165
1016,Degersheim,SG,49,10.78,https://www.wikidata.org/wiki/Q1182870
1017,Rorschacherberg,SG,,,
1018,Jestetten,Etranger,,,
1019,Pfaffnau,LU,47.22772,7.89719,https://www.wikidata.org/wiki/Q22535243
1020,Trondheim,Etranger,63.44,10.4,https://www.wikidata.org/wiki/Q25804
1021,Buffalo,Etranger,,,
1022,Cuijk,Etranger,51.72694,5.87944,https://www.wikidata.org/wiki/Q13635419
1023,Tiaret,Etranger,35.366666666667,1.3166666666667,https://www.wikidata.org/wiki/Q565568
1024,Urbana,Etranger,,,
1025,Harsefeld,Etranger,,,
1026,Libourne,Etranger,,,
1027,"Washington, D.C.",Etranger,,,
1028,Riga,Etranger,,,
1029,"Swinemünde, Usedom",Etranger,,,
1030,Surbiton,Etranger,,,
1031,Walnut Creek,Etranger,37.9063131,-122.064963,https://www.wikidata.org/wiki/Q493261
1032,Zermatt,VS,46.0193,7.7461,https://www.wikidata.org/wiki/Q27494
1033,Bergisch Gladbach,Etranger,,,
1034,Delhi,Etranger,,,
1035,Windsor,Etranger,42.31729,-83.03526,https://www.wikidata.org/wiki/Q182625
1036,Seattle,Etranger,47.605,-122.33,https://www.wikidata.org/wiki/Q5083
1037,Detroit,Etranger,42.331666666667,-83.0475,https://www.wikidata.org/wiki/Q12439
1038,Pau,Etranger,,,
1039,Fürstenwalde,Etranger,52.366666666667,14.066666666667,https://www.wikidata.org/wiki/Q16064
1040,Pescara,Etranger,,,
1041,Menziken,AG,47.24249,8.19047,https://www.wikidata.org/wiki/Q22496025
1042,Pennsylvania,Etranger,50.734,-3.529,https://www.wikidata.org/wiki/Q7163626
1043,Erlenbach am Main,Etranger,,,
1044,Guildford,Etranger,,,
1045,Rehau,Etranger,,,
1046,Wilhelmshaven,Etranger,,,
1047,Nedroma,Etranger,,,
1048,Mainz,Etranger,49.99944444444444,8.27361111111111,https://www.wikidata.org/wiki/Q1720
1049,São João de Loure,Etranger,40.633068959893905,-8.542584315627302,https://www.wikidata.org/wiki/Q137125973
1050,Gliwice,Etranger,50.29416666666667,18.66583333333333,https://www.wikidata.org/wiki/Q105084
1051,Niederlandisch,BE,,,
1052,Bregenz,Etranger,,,
1053,Kaufbeuren,Etranger,,,
1054,Schaan,Etranger,,,
1055,Luxembourg,Etranger,49.610555555556,6.1327777777778,https://www.wikidata.org/wiki/Q1842
1056,Cheseaux-sur-Lausanne,VD,,,
1057,Bennwil,Etranger,,,
1058,Charmey,FR,46.61622,7.16814,https://www.wikidata.org/wiki/Q22483373
1059,"Büdingen, (Hesse)",Etranger,,,
1060,Mérida,Etranger,,,
1061,Silésie,Etranger,,,
1062,Divonne,Etranger,,,
1063,Soultz (Haut-Rhin),Etranger,,,
1064,Rouen,Etranger,49.443055555556,1.1025,https://www.wikidata.org/wiki/Q30974
1065,Hirschberg (Basse-Silésie),Etranger,,,
1066,Wilchingen,SH,,,
1067,Oberfischach (Württemberg),Etranger,,,
1068,Cali,Etranger,,,
1069,Schaffhausen,SO,,,
1070,Saint-Raphaël,Etranger,,,
1071,Winterberg,ZH,,,
1072,Tertre,Etranger,50.4676,3.81114,https://www.wikidata.org/wiki/Q2394198
1073,Meissen,Etranger,,,
1074,Bergamo,Etranger,45.695,9.67,https://www.wikidata.org/wiki/Q628
1075,Kassel,Etranger,,,
1076,Tartu,Etranger,58.38,26.7225,https://www.wikidata.org/wiki/Q13972
1077,Toulouse,Etranger,43.60444444444445,1.4433333333333334,https://www.wikidata.org/wiki/Q7880
1078,Schwäbisch Gmünd,Etranger,,,
1079,Hanover,Etranger,52.374444444444,9.7386111111111,https://www.wikidata.org/wiki/Q1715
1080,Tobolsk (Sibérie),Etranger,,,
1081,Stallupoenen,Etranger,,,
1082,Frascati,Etranger,,,
1083,Léogeats (Aquitaine),Etranger,,,
1084,Duillier,VD,,,
1085,Quintin (Côtes-d'Armor),Etranger,,,
1086,Angers (Maine-et-Loire),Etranger,,,
1087,Onze-Lieve-Vrouw-Lombeek,Etranger,50.8225,4.1136,https://www.wikidata.org/wiki/Q2214499
1088,Kaliningrad,Etranger,54.716666666667,20.5,https://www.wikidata.org/wiki/Q1829
1089,Märwil (auj. comm. Affeltrangen),TG,,,
1090,Les Brenets,NE,,,
1091,Renan,BE,36.975,-79.193888888889,https://www.wikidata.org/wiki/Q7312529
1092,Berndorf,Etranger,,,
1093,Bunziwil,FR,,,
1094,"Brandenburg, Schleswig",Etranger,,,
1095,Legnica,Etranger,51.21006,16.1619,https://www.wikidata.org/wiki/Q106274
1096,Fulda,Etranger,,,
1097,Pöllau (Steiermark),Etranger,,,
1098,Holzheim (Bavière),Etranger,,,
1099,Drahan,Etranger,,,
1100,Milie (Bukowina) (auj. Ukraine),Etranger,,,
1101,Pörtschach am Wörther See,Etranger,46.63594,14.15452,https://www.wikidata.org/wiki/Q21880432
1102,Mahilyow,Etranger,53.90894,30.34296,https://www.wikidata.org/wiki/Q154835
1103,New Orleans,Etranger,29.976111111111113,-90.07833333333333,https://www.wikidata.org/wiki/Q34404
1104,Oppeln,Etranger,,,
1105,Reichenbach im Vogtland,Etranger,50.616666666667,12.3,https://www.wikidata.org/wiki/Q46849
1106,Telšiai,Etranger,55.98333333,22.25,https://www.wikidata.org/wiki/Q2222616
1107,Heilsberg (auj. Lidzbark Warmiński),Etranger,,,
1108,Zaukerode,Etranger,,,
1109,Jaczkowice,Etranger,50.916666666667,17.271944444444,https://www.wikidata.org/wiki/Q6121153
1110,Uerzig sur la Moselle,Etranger,,,
1111,Erdőbénye,Etranger,48.268219444444,21.356111111111,https://www.wikidata.org/wiki/Q546202
1112,Liptovský Mikuláš,Etranger,49.081111111111,19.618055555556,https://www.wikidata.org/wiki/Q272040
1113,Ptuj,Etranger,46.418611111111,15.871388888889,https://www.wikidata.org/wiki/Q15906
1114,Kaldenkirchen (Rhénanie-du-Nord-Westphalie),Etranger,,,
1115,Dubroŭna,Etranger,54.572201,30.690151,https://www.wikidata.org/wiki/Q954505
1116,L'Aquila (Abruzzes),Etranger,,,
1117,Vilémov,Etranger,,,
1118,Neunkirchen (Trier),Etranger,,,
1119,Buchs,LU,47.201944444444,8.0333333333333,https://www.wikidata.org/wiki/Q689487
1120,Sisseln,AG,,,
1121,Tiachiv,Etranger,48.011388888889,23.572222222222,https://www.wikidata.org/wiki/Q146516
1122,Linz,Etranger,48.30583333333333,14.286388888888888,https://www.wikidata.org/wiki/Q41329
1123,Geislingen an der Steige (Baden-Würtenberg),Etranger,,,
1124,Attelwil,AG,47.259444444444,8.0444444444444,https://www.wikidata.org/wiki/Q64389
1125,Bibersfeld,Etranger,49.0803566,9.68812656,https://www.wikidata.org/wiki/Q15788477
1126,Barmen,Etranger,,,
1127,Historic centre,Etranger,46.79581,11.93816,https://www.wikidata.org/wiki/Q30023195
1128,Piovene,Etranger,,,
1129,Reising / Bayer,Etranger,,,
1130,Rovigo,Etranger,43.53775972222222,-5.559781666666667,https://www.wikidata.org/wiki/Q121912960
1131,Samiano (Burgos),Etranger,,,
1132,Lobberich (Rhénanie-du-Nord-Westphalie),Etranger,,,
1133,Beckenried,NW,46.96653,8.47575,https://www.wikidata.org/wiki/Q22363690
1134,Walldürn,Etranger,,,
1135,L’Etivaz,VD,46.42344,7.14655,https://www.wikidata.org/wiki/Q1392479
1136,Sonvilier,BE,47.139444444444,6.9652777777778,https://www.wikidata.org/wiki/Q66471
1137,La Brévine,NE,46.98055,6.60639,https://www.wikidata.org/wiki/Q22653703
1138,Sigriswil,BE,46.71656,7.71335,https://www.wikidata.org/wiki/Q22623727
1139,Marin,NE,,,
1140,Jüterbog,Etranger,51.993333333333,13.072777777778,https://www.wikidata.org/wiki/Q486541
1141,Kemptthal,ZH,47.448321,8.7021,https://www.wikidata.org/wiki/Q22377938
1142,Burg,AG,,,
1143,Strättligen,BE,46.736852777778,7.6178861111111,https://www.wikidata.org/wiki/Q1418860
1144,District 8,ZH,47.355,8.561,https://www.wikidata.org/wiki/Q677710
1145,Stadtlauringen (Bavière),Etranger,,,
1146,Włocławek,Etranger,52.65,19.05,https://www.wikidata.org/wiki/Q106681
1147,Oberriet,SG,47.571588888889,8.5405805555556,https://www.wikidata.org/wiki/Q26454558
1148,Vukovar,Etranger,,,
1149,Broglio,TI,46.3783,8.664,https://www.wikidata.org/wiki/Q3977917
1150,Trier,Etranger,49.75565,6.63935,https://www.wikidata.org/wiki/Q3138
1151,Le Solliat,VD,46.618275,6.231923,https://www.wikidata.org/wiki/Q131701850
1152,Tiflis,Etranger,,,
1153,Waldau,Etranger,,,
1154,Bogota,Etranger,,,
1155,Münster (Westphalie),Etranger,,,
1156,Gliwice,Etranger,50.29416666666667,18.66583333333333,https://www.wikidata.org/wiki/Q105084
1157,Czuszów,Etranger,50.25,20.35,https://www.wikidata.org/wiki/Q2126853
1158,Salon-de-Provence (Bouches du Rhône),Etranger,,,
1159,Sankt Chrischona,BS,,,
1160,Peseux,NE,46.99554,6.88949,https://www.wikidata.org/wiki/Q70078
1161,Weiningen,TG,47.59000015,8.88720036,https://www.wikidata.org/wiki/Q15853866
1162,Weinheim,Etranger,,,
1163,Pfullendorf (Baden),Etranger,,,
1164,Bytom,Etranger,50.347,18.923,https://www.wikidata.org/wiki/Q102350
1165,Dorville (Guadeloupe),Etranger,,,
1166,Oldenburg (Basse-Saxe),Etranger,,,
1167,Guntur (Andhra),Etranger,,,
1168,Magdeburg,Etranger,52.1315889,11.6399609,https://www.wikidata.org/wiki/Q1733
1169,Kaltenbach,TG,,,
1170,Neuravensburg,Etranger,47.63746667,9.75625,https://www.wikidata.org/wiki/Q17578776
1171,"Coligny, North West",Etranger,-26.333333333333,26.316666666667,https://www.wikidata.org/wiki/Q2982574
1172,Torhout,Etranger,,,
1173,Frankenstein,Etranger,,,
1174,Nysa,Etranger,,,
1175,Santiago,Etranger,-33.4375,-70.65,https://www.wikidata.org/wiki/Q2887
1176,Thielle-Wavre,NE,47.016666666667,7.0333333333333,https://www.wikidata.org/wiki/Q175345
1177,Thusis,GR,,,
1178,Verviers,Etranger,,,
1179,Bussum,Etranger,52.27333,5.16111,https://www.wikidata.org/wiki/Q9909
1180,Weisslingen,ZH,47.43063,8.76787,https://www.wikidata.org/wiki/Q22559926
1181,Surakarta (Java),Etranger,,,
1182,Gyéres,Etranger,,,
1183,Mascara,Etranger,35.4,0.13333333333333333,https://www.wikidata.org/wiki/Q545707
1184,Söderhamn,Etranger,61.308368548613,17.052562226424,https://www.wikidata.org/wiki/Q746839
1185,Gelterkinden,BL,47.46497,7.85174,https://www.wikidata.org/wiki/Q22634007
1186,Mazatenango,Etranger,14.533333333333,-91.5,https://www.wikidata.org/wiki/Q25177815
1187,Steckborn,TG,47.66667,8.98333,https://www.wikidata.org/wiki/Q22386241
1188,Lindau,ZH,,,
1189,Hove Sussex,Etranger,,,
1190,Antwerp,Etranger,51.221111111111114,4.3997222222222225,https://www.wikidata.org/wiki/Q12892
1191,Fritzlar (Hesse),Etranger,,,
1192,Perrefitte,BE,47.27568,7.34161,https://www.wikidata.org/wiki/Q22516244
1193,Oviedo,Etranger,,,
1194,Lisieux,Etranger,49.2794,-105.976,https://www.wikidata.org/wiki/Q14874972
1195,Marbach SG,SG,,,
1196,Bruxelles-Schærbeek,Etranger,,,
1197,Romanel-sur-Lausanne,VD,,,
1198,Lübbecke,Etranger,,,
1199,Gottesberg,Etranger,,,
1200,Mons-en-Baroeul (Nord-Pas-de-Calais),Etranger,,,
1201,Rovio,TI,45.933333333333,8.9833333333333,https://www.wikidata.org/wiki/Q67986
1202,"Ciudad de Rio, Cordoba",Etranger,,,
1203,Machilipatnam,Etranger,16.166666666667,81.133333333333,https://www.wikidata.org/wiki/Q845662
1204,"Montceau-les-Mines, Saône-et-Loire",Etranger,,,
1205,Ecoteaux,VD,46.55,6.8666666666667,https://www.wikidata.org/wiki/Q586275
1206,"Chrzanów, Oberschlesien",Etranger,,,
1207,Abadan,Etranger,,,
1208,Glasgow,Etranger,,,
1209,Mesocco,GR,46.393,9.2328,https://www.wikidata.org/wiki/Q56292844
1210,Sankt Margrethen,SG,,,
1211,Affoltern,ZH,47.42111,8.50722,https://www.wikidata.org/wiki/Q382903
1212,Bronschhofen,SG,47.483055555556,9.0330555555556,https://www.wikidata.org/wiki/Q65785
1213,Genolier,VD,46.433333333333,6.2166666666667,https://www.wikidata.org/wiki/Q69290
1214,Vieux-Thann (Alsace),Etranger,,,
1215,Villefranche-sur-Mer,Etranger,,,
1216,Brno,Etranger,,,
1217,Develier,BE,,,
1218,Douanne-Twann,BE,,,
1219,Megève (Haute-Savoie),Etranger,,,
1220,Quedlinburg,Etranger,51.791666666667,11.147222222222,https://www.wikidata.org/wiki/Q40623
1221,Thayngen,SH,,,
1222,Banjarmasin,Etranger,,,
1223,Mülheim an der Ruhr,Etranger,51.4275,6.8825,https://www.wikidata.org/wiki/Q2899
1224,Oldenburg,Etranger,,,
1225,Pezinok,Etranger,48.29194444444445,17.266111111111112,https://www.wikidata.org/wiki/Q659424
1226,Friedrichshafen,Etranger,,,
1227,Mardin,Etranger,,,
1228,Lviv,Etranger,,,
1229,Mogelsberg,SG,47.362365,9.135746388888888,https://www.wikidata.org/wiki/Q869624
1230,Birchanger,Etranger,51.8829,0.1979,https://www.wikidata.org/wiki/Q59212
1231,Czestochowa,Etranger,,,
1232,Gruyères,FR,46.583611,7.081944,https://www.wikidata.org/wiki/Q69600
1233,Münstertal,Etranger,47.85,7.78333,https://www.wikidata.org/wiki/Q32664543
1234,Kaliningrad,Etranger,54.716666666667,20.5,https://www.wikidata.org/wiki/Q1829
1235,Renens,VD,46.53528,6.58971,https://www.wikidata.org/wiki/Q69745
1236,Dumyat,Etranger,,,
1237,Oberleutensdorf,Etranger,,,
1238,Grünenmatt,BE,47.00786,7.72437,https://www.wikidata.org/wiki/Q99437647
1239,Münsingen,BE,46.87298,7.561,https://www.wikidata.org/wiki/Q69783
1240,Sünikon,ZH,47.499722222222,8.45,https://www.wikidata.org/wiki/Q238542
1241,Oberdiessbach,BE,46.84117,7.6173,https://www.wikidata.org/wiki/Q22419600
1242,San Giovanni Incarico,Etranger,41.50001,13.55864,https://www.wikidata.org/wiki/Q30029954
1243,Rivoli (Turin),Etranger,,,
1244,Liège,Etranger,50.639722222222225,5.570555555555556,https://www.wikidata.org/wiki/Q3992
1245,Abaeté,Etranger,,,
1246,Le Cerneux-Péquignot,NE,,,
1247,Chiasso,TI,45.83535,9.03203,https://www.wikidata.org/wiki/Q68111
1248,Kecskemét,Etranger,46.9075,19.691666666666666,https://www.wikidata.org/wiki/Q171357
1249,Egg,ZH,,,
1250,Buix,BE,,,
1251,Kirchdorf an der Krems,Etranger,47.905,14.121944,https://www.wikidata.org/wiki/Q688620
1252,Strem,Etranger,,,
1253,Reichenberg (Liberec),Etranger,,,
1254,Hamm,Etranger,,,
1255,Vlastislav,Etranger,,,
1256,Offenbach am Main,Etranger,50.1,8.7666666666667,https://www.wikidata.org/wiki/Q3042
1257,Bremen,Etranger,53.13333333333333,8.733333333333333,https://www.wikidata.org/wiki/Q1209
1258,Rättvik,Etranger,60.872282058417,15.115669833087,https://www.wikidata.org/wiki/Q1975525
1259,Teplice,Etranger,50.633333333333,13.816666666667,https://www.wikidata.org/wiki/Q146342
1260,Nittenau,Etranger,,,
1261,Bordighera,Etranger,43.78064,7.66451,https://www.wikidata.org/wiki/Q30022952
1262,České Budějovice,Etranger,48.974722222222,14.474722222222,https://www.wikidata.org/wiki/Q16506
1263,Rostock,Etranger,,,
1264,Newcastle upon Tyne,Etranger,54.977777777778,-1.6133333333333,https://www.wikidata.org/wiki/Q1425428
1265,Augsburg,Etranger,48.36888888888889,10.897777777777778,https://www.wikidata.org/wiki/Q2749
1266,Cardiff,Etranger,,,
1267,Clarens-sur-Montreux,VD,,,
1268,"Epinal, Vosges",Etranger,,,
1269,Bremgarten,AG,47.352777777778,8.34,https://www.wikidata.org/wiki/Q64139
1270,Taranto,Etranger,40.471111111111114,17.243055555555557,https://www.wikidata.org/wiki/Q13498
1271,Bezau (Vorarlberg),Etranger,,,
1272,Oberkirch,LU,,,
1273,Bagnères de Bigorre,Etranger,,,
1274,Bad Säckingen,Etranger,,,
1275,Corleone,Etranger,37.81338,13.3017,https://www.wikidata.org/wiki/Q30025111
1276,Sofia,Etranger,42.697886,23.321726,https://www.wikidata.org/wiki/Q472
1277,Poitiers,Etranger,46.581111111111,0.33527777777778,https://www.wikidata.org/wiki/Q6616
1278,Ulm,Etranger,48.39861111111111,9.991111111111111,https://www.wikidata.org/wiki/Q3012
1279,Le Cap,Etranger,,,
1280,Münsterlingen,TG,47.63197,9.23271,https://www.wikidata.org/wiki/Q22643982
1281,Rain,LU,,,
1282,Forbach,Etranger,,,
1283,Sittard,Etranger,,,
1284,Limbuš,Etranger,46.558056,15.578611,https://www.wikidata.org/wiki/Q2459309
1285,Lahore,Etranger,,,
1286,Weißenbach an der Enns,Etranger,47.705833333333,14.629722222222,https://www.wikidata.org/wiki/Q687459
1287,Dettwiller,Etranger,,,
1288,Donatyre,VD,46.883333333333,7.05,https://www.wikidata.org/wiki/Q390482
1289,Lund,Etranger,,,
1290,Deesen/Westerwald,Etranger,,,
1291,Paris,VD,,,
1292,Chercenay,BE,47.314718,7.062921,https://www.wikidata.org/wiki/Q99437616
1293,Abiada,Etranger,43.018397222222,-4.2894972222222,https://www.wikidata.org/wiki/Q5655076
1294,Willisau,LU,47.12183,7.99418,https://www.wikidata.org/wiki/Q22620682
1295,Weidenau,Etranger,50.9,8.03333,https://www.wikidata.org/wiki/Q831279
1296,Stondon,Etranger,52.003,-0.318,https://www.wikidata.org/wiki/Q1520248
1297,Rendsburg (Schleswig-Holstein),Etranger,,,
1298,Quesitz bei Leipzig,Etranger,,,
1299,Horb-Nordstetten,Etranger,,,
1300,Jablonec/Gablonz,Etranger,,,
1301,Helsinki,Etranger,,,
1302,Pötzling (Landkreis Nürnberg),Etranger,,,
1303,Wilmington,Etranger,39.748333333333,-75.551388888889,https://www.wikidata.org/wiki/Q174224
1304,Berchtesgaden (Bavière),Etranger,,,
1305,Mumbai,Etranger,19.075833333333332,72.8775,https://www.wikidata.org/wiki/Q1156
1306,Liebenwalde (Kreis Niederbarnim),Etranger,,,
1307,Easton (Pennsylvanie),Etranger,,,
1308,Pittsburgh,Etranger,,,
1309,Taormina,Etranger,37.85206,15.28699,https://www.wikidata.org/wiki/Q33720571
1310,Saint Louis,Etranger,,,
1311,Courgenay,BE,,,
1312,Schwerzenbach,ZH,47.38213,8.65727,https://www.wikidata.org/wiki/Q22548302
1313,Naumburg,Etranger,,,
1314,Hannoversch Münden (Niedersachsen),Etranger,,,
1315,Domodossola,Etranger,46.1165,8.29313,https://www.wikidata.org/wiki/Q30025464
1316,Västerås,Etranger,59.617319380941,16.542157497094,https://www.wikidata.org/wiki/Q25412
1317,Havane,Etranger,,,
1318,Köthen (Anhalt),Etranger,,,
1319,Penzance,Etranger,,,
1320,Godesberg,Etranger,,,
1321,Hirschberg,Etranger,,,
1322,Bamberg,Etranger,49.891666666667,10.891666666667,https://www.wikidata.org/wiki/Q3936
1323,Corvallis,Etranger,44.570780555556,-123.27599722222,https://www.wikidata.org/wiki/Q748474
1324,Leuggern,AG,,,
1325,Zagreb,Etranger,45.81305555555556,15.977222222222222,https://www.wikidata.org/wiki/Q1435
1326,Vrin,GR,46.655555555556,9.0983333333333,https://www.wikidata.org/wiki/Q659856
1327,Lobenstein Thüringen,Etranger,,,
1328,Potsdam,Etranger,,,
1329,North Olmsted,Etranger,41.415,-81.9144,https://www.wikidata.org/wiki/Q998615
1330,Goldach,SG,,,
1331,Tschierv,GR,46.6275,10.332777777778,https://www.wikidata.org/wiki/Q669454
1332,Stettin,Etranger,,,
1333,Bari,Etranger,,,
1334,Bonfol,BE,47.47735,7.15144,https://www.wikidata.org/wiki/Q22580285
1335,Clermont-Ferrand,Etranger,45.779722222222,3.0869444444444,https://www.wikidata.org/wiki/Q42168
1336,"Long Branch, N.J.",Etranger,,,
1337,Poiana Maggiore (Veneto),Etranger,,,
1338,Moscice,Etranger,,,
1339,"Royan, Charente-Maritime",Etranger,,,
1340,Perugia,Etranger,43.11191816,12.38854847,https://www.wikidata.org/wiki/Q3437
1341,Rinteln,Etranger,,,
1342,Giswil,OW,46.83333,8.18065,https://www.wikidata.org/wiki/Q22645320
1343,Bielitz,Etranger,,,
1344,Bingen am Rhein,Etranger,,,
1345,Brunswick,Etranger,52.269166666667,10.521111111111,https://www.wikidata.org/wiki/Q2773
1346,Cuxhaven,Etranger,,,
1347,Hermsdorf,Etranger,,,
1348,Klein-Eichstedt (Sachsen),Etranger,,,
1349,Saranskoe,Etranger,54.833333333333,21.236111111111,https://www.wikidata.org/wiki/Q2035497
1350,Ludwigsburg (Württemberg),Etranger,,,
1351,Elmshorn,Etranger,53.754722222222,9.6536111111111,https://www.wikidata.org/wiki/Q6845
1352,Ernstthal,Etranger,,,
1353,Reutlingen (Württemberg),Etranger,,,
1354,Szklarska Poręba,Etranger,50.82567,15.52274,https://www.wikidata.org/wiki/Q186495
1355,Hauerz,Etranger,47.95159444,9.98425556,https://www.wikidata.org/wiki/Q1589224
1356,Hohenrechberg,Etranger,,,
1357,Bad Homburg vor der Höhe,Etranger,50.22923611111111,8.610486111111111,https://www.wikidata.org/wiki/Q4165
1358,Kirch-Beerfurth,Etranger,49.7193,8.86885,https://www.wikidata.org/wiki/Q1742433
1359,Köslin,Etranger,,,
1360,Coquimbo,Etranger,,,
1361,Halle,Etranger,,,
1362,Marienwerder,Etranger,,,
1363,Montjoie,Etranger,,,
1364,Schwerin,Etranger,,,
1365,Stralsund,Etranger,,,
1366,Wertheim,Etranger,49.75,9.516669444444444,https://www.wikidata.org/wiki/Q61912
1367,Bath,Etranger,,,
1368,Mödling,Etranger,,,
1369,Vöcklabruck,Etranger,,,
1370,Avranches,Etranger,,,https://www.wikidata.org/wiki/Q65227419
1371,Gasny,Etranger,,,
1372,Ribérac,Etranger,,,
1373,Šalynas,VS,56.014,21.517,https://www.wikidata.org/wiki/Q13194303
1374,Wasselheim (Alsace),Etranger,,,
1375,Messina,Etranger,,,
1376,Morra de Sanctis,Etranger,40.92902,15.24285,https://www.wikidata.org/wiki/Q49286923
1377,Strassburg,Etranger,,,
1378,Oslo,Etranger,,,
1379,Aleksotas,Etranger,54.88333333,23.9,https://www.wikidata.org/wiki/Q2640897
1380,Cairo,Etranger,30.044444444444444,31.235833333333332,https://www.wikidata.org/wiki/Q85
1381,Neuhof,AG,,,
1382,Knonau,ZH,47.2235,8.46197,https://www.wikidata.org/wiki/Q22546268
1383,Laibach,Etranger,,,
1384,Grandson,VD,46.80946,6.646,https://www.wikidata.org/wiki/Q22406467
1385,Nods,BE,47.11371,7.08105,https://www.wikidata.org/wiki/Q22360878
1386,Oberstrass-Zürich,ZH,,,
1387,Odry,Etranger,49.66254664793,17.830879019923,https://www.wikidata.org/wiki/Q1018329
1388,Ormont-Dessus,VD,,,
1389,Rapperswil-Dieterswil,BE,,,
1390,Sargans,SG,47.04896,9.44103,https://www.wikidata.org/wiki/Q22425308
1391,Brünn,Etranger,,,
1392,Seen-Winterthur,ZH,,,
1393,Töss-Winterthur,ZH,,,
1394,Triengen,LU,47.23375,8.07729,https://www.wikidata.org/wiki/Q22525130
1395,Pápa,Etranger,47.330555555556,17.465833333333,https://www.wikidata.org/wiki/Q214945
1396,Montabaur,Etranger,50.4375,7.8258333333333,https://www.wikidata.org/wiki/Q632991
1397,Parme,Etranger,,,
1398,Carthaus,Etranger,,,
1399,Katwijk,Etranger,,,
1400,Evreux,Etranger,,,
1401,Praz (Vully),FR,,,
1402,"Mazet-Saint-Voy, Haute-Loire",Etranger,,,
1403,Courchavon,BE,,,
1404,"Carpentras, Vaucluse",Etranger,,,
1405,Breslau / Schlesien,Etranger,,,
1406,"Pranles, Ardèche",Etranger,,,
1407,"Aubagne, Bouches-du-Rhône",Etranger,,,
1408,Osnabrück,Etranger,,,
1409,Bourges,Etranger,,,
1410,Port Said,Etranger,31.2625,32.306111111111115,https://www.wikidata.org/wiki/Q134509
1411,Corban,BE,47.35,7.4666666666667,https://www.wikidata.org/wiki/Q68769
1412,Kabul,Etranger,34.532777777778,69.165833333333,https://www.wikidata.org/wiki/Q5838
1413,Tortona,Etranger,44.89784,8.86374,https://www.wikidata.org/wiki/Q30031235
1414,Tlemcen,Etranger,34.882777777778,-1.3166666666667,https://www.wikidata.org/wiki/Q185134
1415,Mostaganem,Etranger,35.933333333333,0.090277777777778,https://www.wikidata.org/wiki/Q849524
1416,"Helmstedt, Niedersachsen",Etranger,,,
1417,"Seltmans, Bavière",Etranger,,,
1418,Cologne,Etranger,50.942222222222,6.9577777777778,https://www.wikidata.org/wiki/Q365
1419,Ahaus,Etranger,52.07936,7.01344,https://www.wikidata.org/wiki/Q14888
1420,Guben,Etranger,,,
1421,Neuss,Etranger,,,
1422,Weil am Rhein,Etranger,47.594722222222,7.6108333333333,https://www.wikidata.org/wiki/Q61909
1423,Haslach im Kinzigtal,Etranger,48.277777777778,8.0869444444444,https://www.wikidata.org/wiki/Q519729
1424,Šumperk,Etranger,49.965299915762,16.9706654352,https://www.wikidata.org/wiki/Q392692
1425,Tüllingen,Etranger,47.6,7.65,https://www.wikidata.org/wiki/Q2464358
1426,Celle,Etranger,,,
1427,Waldbröl,Etranger,,,
1428,Wasserburg am Inn,Etranger,,,
1429,Mönchengladbach,Etranger,51.2,6.4333333333333,https://www.wikidata.org/wiki/Q2758
1430,Dunedoo,Etranger,-32.015,149.3927778,https://www.wikidata.org/wiki/Q3041302
1431,Uccle,Etranger,50.803889,4.329167,https://www.wikidata.org/wiki/Q66311787
1432,Aubange,Etranger,,,
1433,Namur,Etranger,,,
1434,Zottegem,Etranger,,,
1435,Batak,Etranger,,,
1436,Ouagadougou,Etranger,12.368611111111111,-1.5274999999999999,https://www.wikidata.org/wiki/Q3777
1437,LaSalle QC,Etranger,,,
1438,Seoul,Etranger,37.56,126.99,https://www.wikidata.org/wiki/Q8684
1439,Valladolid,Etranger,,,
1440,Hoboken,Etranger,40.745,-74.0325,https://www.wikidata.org/wiki/Q138578
1441,(Ohio),Etranger,,,
1442,Espoo,Etranger,,,
1443,Vantaa,Etranger,,,
1444,Rovaniemi,Etranger,,,
1445,"Chaux, Haute-Saône",Etranger,,,
1446,"Ambilly, Haute-Savoie",Etranger,,,
1447,Oyonnax,Etranger,,,
1448,Perpignan,Etranger,42.6975,2.8947222222222,https://www.wikidata.org/wiki/Q6730
1449,Thionville,Etranger,,,
1450,Carcassonne,Etranger,37.1750963,-82.9915513,https://www.wikidata.org/wiki/Q122540865
1451,Pierrecourt,Etranger,,,
1452,Pont-à-Mousson,Etranger,,,
1453,"Neuvic sur Isle, Dordogne",Etranger,,,
1454,Rennes,Etranger,48.114166666667,-1.6808333333333,https://www.wikidata.org/wiki/Q647
1455,Scarborough,Etranger,,,
1456,Nelson,Etranger,,,
1457,Thessaloniki,Etranger,40.640277777777776,22.935555555555556,https://www.wikidata.org/wiki/Q17151
1458,Debrecen,Etranger,47.53,21.639166666667,https://www.wikidata.org/wiki/Q79880
1459,Padoue,Etranger,,,
1460,Trento,Etranger,,,
1461,Camino,Etranger,,,
1462,Bologna,Etranger,44.493888888889,11.342777777778,https://www.wikidata.org/wiki/Q1891
1463,Viareggio,Etranger,43.86693,10.2502,https://www.wikidata.org/wiki/Q30031688
1464,Boujad,Etranger,32.76,-6.4,https://www.wikidata.org/wiki/Q895029
1465,Dortmund,Etranger,51.513888888889,7.4652777777778,https://www.wikidata.org/wiki/Q1295
1466,Haarlem,Etranger,,,
1467,Lima,Etranger,,,
1468,Belgrade,Etranger,44.81777777777778,20.456944444444446,https://www.wikidata.org/wiki/Q3711
1469,Hsin-Chu,Etranger,,,
1470,Cerna,Etranger,,,
1471,Kante,Etranger,,,
1472,Bizerte,Etranger,37.274444444444,9.8738888888889,https://www.wikidata.org/wiki/Q189546
1473,Ksar-Hellal,Etranger,,,
1474,Da Nang,Etranger,16.069444444444443,108.20972222222223,https://www.wikidata.org/wiki/Q25282
1475,Mexico City,Etranger,19.353773,-99.13589,https://www.wikidata.org/wiki/Q1489
1476,New Haven,Etranger,41.308333333333,-72.925,https://www.wikidata.org/wiki/Q49145
1477,Ruhengeri,Etranger,-1.4944444444444,29.641666666667,https://www.wikidata.org/wiki/Q246145
1478,Annecy,Etranger,45.899166666667,6.1294444444444,https://www.wikidata.org/wiki/Q50189
1479,Pfeffikon,LU,,,
1480,Vésenex-Crassy (Ain),Etranger,,,
1481,Gühlitz près Perleberg (Prusse),Etranger,,,
1482,Mühledorf,BE,46.828888888889,7.5386111111111,https://www.wikidata.org/wiki/Q66895
1483,Evian-les-Bains,Etranger,,,
1484,Beinwil am See,AG,,,
1485,Ramsen,SH,,,
1486,Jena,Etranger,,,
1487,Maastricht,Etranger,50.866666666667,5.6833333333333,https://www.wikidata.org/wiki/Q1309
1488,Meran,Etranger,,,
1489,Gronau,Etranger,,,
1490,Laufenburg,AG,47.560833333333,8.0594444444444,https://www.wikidata.org/wiki/Q69191
1491,Altenkirchen (Bayern),Etranger,,,
1492,Civitella del Tronto bei Ascoli Piceno,Etranger,,,
1493,Bad Bergzabern,Etranger,49.102125,7.992963888888889,https://www.wikidata.org/wiki/Q426807
1494,Minneapolis,Etranger,,,
1495,Oberkassel,Etranger,,,
1496,Vyškov,Etranger,49.277487239217,16.998993221633,https://www.wikidata.org/wiki/Q954569
1497,Agón,Etranger,41.85574,-1.45233,https://www.wikidata.org/wiki/Q24016523
1498,Samolenz (Posen),Etranger,,,
1499,Düren,Etranger,,,
1500,Zimmerwald,BE,46.883333333333,7.4666666666667,https://www.wikidata.org/wiki/Q203877
1501,Brody,Etranger,,,
1502,Grimisuat,VS,,,
1503,Guadeloupe,Etranger,,,https://www.wikidata.org/wiki/Q65422356
1504,Wangen,Etranger,47.66111111,8.93138889,https://www.wikidata.org/wiki/Q2548321
1505,Rábacsécsény,Etranger,47.5833,17.4333,https://www.wikidata.org/wiki/Q639693
1506,Solothurn,SO,47.208055555556,7.5375,https://www.wikidata.org/wiki/Q68965
1507,Mstislaw,Etranger,,,
1508,Felben,TG,,,
1509,Wrocław,Etranger,51.11,17.0325,https://www.wikidata.org/wiki/Q1799
1510,Sochi,Etranger,43.585277777778,39.720277777778,https://www.wikidata.org/wiki/Q39420
1511,Nicosia,Etranger,,,
1512,Ancône,Etranger,,,
1513,San Daniele del Friuli,Etranger,,,
1514,Bačko Petrovo Selo,Etranger,45.7,20.08333333,https://www.wikidata.org/wiki/Q979403
1515,Gretzenbach,SO,,,
1516,Illhart,TG,47.6193,9.0394,https://www.wikidata.org/wiki/Q15819953
1517,Tokyo,Etranger,35.68944444444445,139.69166666666666,https://www.wikidata.org/wiki/Q1490
1518,Bernkastel-Kues,Etranger,,,
1519,Novara,Etranger,45.45,8.62,https://www.wikidata.org/wiki/Q6046
1520,Sora,Etranger,,,
1521,Charleston,Etranger,38.347222222222,-81.633333333333,https://www.wikidata.org/wiki/Q44564
1522,Ottawa,Etranger,,,
1523,Hangzhou,Etranger,,,
1524,Wölflinswil,AG,47.4607,7.99835,https://www.wikidata.org/wiki/Q22641825
1525,Porrentruy,Berne,47.416666666667,7.0833333333333,https://www.wikidata.org/wiki/Q68256
1526,Hettlingen,ZH,,,
1527,Loèche-Les-Bains,VS,,,
1528,Wiliberg,AG,47.26869,8.02139,https://www.wikidata.org/wiki/Q22617919
1529,Vufflens-le-Château,VD,46.52583,6.46669,https://www.wikidata.org/wiki/Q69445
1530,Singapore,Etranger,1.3,103.8,https://www.wikidata.org/wiki/Q334
1531,Santiago,Etranger,,,
1532,Neu-Ulm,Etranger,,,
1533,Modesto,Etranger,,,
1534,Alahärmä,Etranger,63.245646,22.855554,https://www.wikidata.org/wiki/Q17600936
1535,Pont-Sainte-Maxence,Etranger,,,
1536,Bengaluru,Etranger,12.9791198,77.5912997,https://www.wikidata.org/wiki/Q1355
1537,Nidda,Etranger,,,
1538,Quito,Etranger,,,
1539,Newark,Etranger,,,
1540,Meknes,Etranger,33.883333333333,-5.55,https://www.wikidata.org/wiki/Q178663
1541,Lisbonne,Etranger,,,
1542,Nashville,Etranger,,,
1543,Addis Ababa,Etranger,9.035833333333333,38.7525,https://www.wikidata.org/wiki/Q3624
1544,Aalen,Etranger,,,
1545,King's Lynn,Etranger,52.7543,0.3976,https://www.wikidata.org/wiki/Q157341
1546,Solingen,Etranger,51.17194444444444,7.084722222222222,https://www.wikidata.org/wiki/Q2942
1547,Grabs,SG,47.183055555556,9.45,https://www.wikidata.org/wiki/Q67048
1548,Trutnov,Etranger,50.561045737535,15.912798547953,https://www.wikidata.org/wiki/Q320950
1549,Hazaribagh,Etranger,,,
1550,Bussigny-sur-Oron,VD,46.566666666667,6.85,https://www.wikidata.org/wiki/Q689297
1551,Zumikon,ZH,47.33158,8.62271,https://www.wikidata.org/wiki/Q22658742
1552,Zullwil,SO,47.39263,7.6005,https://www.wikidata.org/wiki/Q22658655
1553,Gloucestershire,Etranger,,,
1554,Windisch,AG,,,
1555,Donauwörth,Etranger,,,
1556,Koblenz,Etranger,,,
1557,Sarajevo,Etranger,43.85638888888889,18.413055555555555,https://www.wikidata.org/wiki/Q11194
1558,Ennetbaden,AG,,,
1559,Les Pâquis,GE,46.2138,6.1508,https://www.wikidata.org/wiki/Q15708848
1560,Aarberg,BE,47.04439,7.27578,https://www.wikidata.org/wiki/Q56434818
1561,Prilly,VD,,,
1562,Riaz,Etranger,46.64224,7.06183,https://www.wikidata.org/wiki/Q22373896
1563,Penthalaz,VD,46.61077,6.52519,https://www.wikidata.org/wiki/Q22513944
1564,District 3,ZH,47.366666666667,8.5166666666667,https://www.wikidata.org/wiki/Q675017
1565,Hochheim am Main,Etranger,50.01083333333333,8.350763888888888,https://www.wikidata.org/wiki/Q632750
1566,Tailfingen,Etranger,,,
1567,Carinthia,Etranger,,,
1568,Salzburg,Etranger,47.8,13.045,https://www.wikidata.org/wiki/Q34713
1569,Innsbruck,Etranger,,,
1570,Hudiksvall,Etranger,61.72895153855,17.11209243158,https://www.wikidata.org/wiki/Q642964
1571,Le Chenit,VD,,,
1572,Marburg,Etranger,,,
1573,Bois-Colombes,Etranger,,,
1574,Chessel,VD,,,
1575,Pozzuolo,Etranger,,,
1576,Bagheria,Etranger,38.07892,13.51237,https://www.wikidata.org/wiki/Q30022490
1577,Belfaux,FR,46.82171,7.10674,https://www.wikidata.org/wiki/Q22374123
1578,St-Cergue,VD,,,
1579,Neuhausen am Rheinfall,SH,47.683055555556,8.6166666666667,https://www.wikidata.org/wiki/Q69372
1580,Yens sur Morges,VD,,,
1581,Vucherens,VD,,,
1582,Les Sciernes d'Albeuve,FR,,,
1583,Saint-Quentin,Etranger,,,
1584,Chavannes-le-Veyron,VD,,,
1585,Yvonand,VD,,,
1586,Meyriez,FR,,,
1587,Ballens,VD,,,
1588,Gersau,SZ,46.99419,8.525,https://www.wikidata.org/wiki/Q22638089
1589,Salquenen,VS,,,
1590,Fontainebrux,Etranger,,,
1591,Hefenhausen,TG,,,
1592,Chesalles-sur-Oron,VD,46.566666666667,6.85,https://www.wikidata.org/wiki/Q678757
1593,Thierrens,VD,46.7,6.75,https://www.wikidata.org/wiki/Q70681
1594,Avry-sur-Matran,FR,,,
1595,Ollon,VD,46.29524,6.99314,https://www.wikidata.org/wiki/Q22614040
1596,Esmonts,FR,,,
1597,Ferrières sur Annecy,Etranger,,,
1598,Cossonay,VD,46.61443,6.50631,https://www.wikidata.org/wiki/Q22352515
1599,Chaves,Etranger,41.740277777778,-7.4688888888889,https://www.wikidata.org/wiki/Q49281908
1600,Leysin,VD,,,
1601,Charrat,VS,,,
1602,Vernand-Dessous,VD,46.577417,6.60556,https://www.wikidata.org/wiki/Q3555950
1603,Vernand-Dessus,VD,46.57333,6.61558,https://www.wikidata.org/wiki/Q3555948
1604,Zell,LU,47.13573,7.92628,https://www.wikidata.org/wiki/Q14628
1605,St-Andrew,Etranger,,,
1606,Lavey,VD,46.21666667,7.03333333,https://www.wikidata.org/wiki/Q15241950
1607,Le Brassus,VD,46.583333333333,6.2166666666667,https://www.wikidata.org/wiki/Q962246
1608,Créteil,Etranger,48.777777777778,2.4530555555556,https://www.wikidata.org/wiki/Q46135
1609,Ecublens (FR),FR,,,
1610,Peyres-Possens,VD,46.666666666667,6.7,https://www.wikidata.org/wiki/Q70683
1611,Syens,VD,,,
1612,Les Charbonnières,VD,46.666666666667,6.3166666666667,https://www.wikidata.org/wiki/Q3231376
1613,Washington,Etranger,,,
1614,Varennes-lès-Nevers,Etranger,,,
1615,Baulmes,VD,46.79031,6.52279,https://www.wikidata.org/wiki/Q22536606
1616,Lille,Etranger,,,
1617,Oron-le-Châtel,VD,46.566666666667,6.8333333333333,https://www.wikidata.org/wiki/Q689061
1618,Medellin,Etranger,,,
1619,Hanoi,Etranger,21.0245,105.84117,https://www.wikidata.org/wiki/Q1858
1620,Châteauroux,Etranger,,,
1621,Canton of Basel-Stadt,BS,47.566666666667,7.6,https://www.wikidata.org/wiki/Q12172
1622,Le Sépey,VD,46.3616,7.05142,https://www.wikidata.org/wiki/Q3227501
1623,Villeneuve,VD,46.396388888888886,6.925,https://www.wikidata.org/wiki/Q69972
1624,Epalinges,VD,46.55177,6.66829,https://www.wikidata.org/wiki/Q22415728
1625,Saint-Aubin FR,FR,,,
1626,Martigny-Ville,VS,,,
1627,Fiez,VD,46.82716,6.62333,https://www.wikidata.org/wiki/Q22464707
1628,Montana-Village,VS,,,
1629,Bougy-Villars,VD,,,
1630,Rougemont,VD,,,
1631,Bujumo-Murambi,Etranger,,,
1632,Gams,SG,,,
1633,Mantova,Etranger,,,
1634,Mambore,Etranger,-1.81,41.43,https://www.wikidata.org/wiki/Q6745545
1635,Lourtier,VS,46.05122222222222,7.264083333333334,https://www.wikidata.org/wiki/Q67403935
1636,Lugaggia,TI,46.066666666667,8.9666666666667,https://www.wikidata.org/wiki/Q690137
1637,Cortébert,BE,47.19074,7.107097,https://www.wikidata.org/wiki/Q22351993
1638,Montagnola,TI,,,
1639,Bedano,TI,,,
1640,Lopagno,TI,46.06833333,8.97722222,https://www.wikidata.org/wiki/Q1753087
1641,Valsolda (Como),Etranger,,,
1642,Cureglia,TI,,,
1643,Imperia,Etranger,43.886466666667,8.0296527777778,https://www.wikidata.org/wiki/Q13318
1644,Arzo,TI,,,
1645,Corzoneso,TI,46.44638889,8.93444444,https://www.wikidata.org/wiki/Q2984830
1646,Corticiasca,TI,46.083333333333,9.0166666666667,https://www.wikidata.org/wiki/Q157349
1647,Cesena/Forlì,Etranger,,,
1648,Schattdorf,UR,46.8655,8.65465,https://www.wikidata.org/wiki/Q22441840
1649,Ligornetto,TI,45.866666666667,8.9333333333333,https://www.wikidata.org/wiki/Q70330
1650,Bironico,TI,46.116666666667,8.9333333333333,https://www.wikidata.org/wiki/Q259939
1651,Sementina,TI,,,
1652,Novaggio,TI,46.0102,8.8561,https://www.wikidata.org/wiki/Q22398196
1653,Massagno,TI,46.01562,8.94534,https://www.wikidata.org/wiki/Q22447990
1654,Madras,Etranger,,,
1655,Gentilino,TI,45.99111,8.93528,https://www.wikidata.org/wiki/Q2629030
1656,Meisterschwanden,AG,47.29489,8.22867,https://www.wikidata.org/wiki/Q22492753
1657,Monteggio,TI,,,
1658,Grono,GR,,,
1659,Grenoble,Etranger,,,
1660,Stabio,TI,45.85,8.9333333333333,https://www.wikidata.org/wiki/Q67760
1661,Carabietta,TI,45.966666666667,8.9,https://www.wikidata.org/wiki/Q688587
1662,Brissago,TI,45.94921,8.7459,https://www.wikidata.org/wiki/Q30023162
1663,Joroinen (Mikkeli),Etranger,,,
1664,Muzzano,TI,,,
1665,Vico Morcote,TI,,,
1666,Capodistria (Trieste),Etranger,,,
1667,Lecco,Etranger,,,
1668,Buerglen,TG,,,
1669,Brusino Arsizio,TI,45.93026,8.93875,https://www.wikidata.org/wiki/Q22601717
1670,Cremona,Etranger,,,
1671,Kandersteg,BE,46.49467,7.67326,https://www.wikidata.org/wiki/Q22526551
1672,Cadro,TI,,,
1673,Cimadera,TI,46.083333333333,9.05,https://www.wikidata.org/wiki/Q68007
1674,Cevio,TI,46.31608,8.60131,https://www.wikidata.org/wiki/Q22474970
1675,Champdepraz (Aosta),Etranger,,,
1676,Loco,TI,,,
1677,Olivone,TI,46.533333333333,8.95,https://www.wikidata.org/wiki/Q690142
1678,Brè,TI,46.011432,8.997142,https://www.wikidata.org/wiki/Q3646180
1679,Sarnico (Bergamo),Etranger,,,
1680,Ostiglia (Mantova),Etranger,,,
1681,Prizren,Etranger,,,
1682,Auenstein,AG,49.0583,9.28111,https://www.wikidata.org/wiki/Q759128
1683,Asnières-sur-Seine,Etranger,48.91667,2.28333,https://www.wikidata.org/wiki/Q49344708
1684,São Paulo,Etranger,-23.550394444444,-46.633947222222,https://www.wikidata.org/wiki/Q174
1685,Essertes,VD,,,
1686,"Malsch, Kreiz Karlsruhe",Etranger,,,
1687,Boveresse,NE,46.916666666667,6.6,https://www.wikidata.org/wiki/Q869607
1688,Noflen,BE,46.807222222222,7.5422222222222,https://www.wikidata.org/wiki/Q66152
1689,Etagnières,VD,,,
1690,Belmont-sur-Pully,VD,,,
1691,Vitznau,LU,,,
1692,Therwil,BL,47.50117,7.55286,https://www.wikidata.org/wiki/Q22494360
1693,Daniken,SO,50.9661,5.8494,https://www.wikidata.org/wiki/Q2347495
1694,Marthalen,ZH,47.62913,8.65326,https://www.wikidata.org/wiki/Q22440258
1695,Pfäffikon,ZH,47.366666666667,8.7822222222222,https://www.wikidata.org/wiki/Q68269
1696,Leutkirch (Wurttemberg),Etranger,,,
1697,Wädenswilerberg,ZH,,,
1698,Oberhelfenschwil,SG,,,
1699,Kollbrunn,ZH,47.457833333333,8.7746666666667,https://www.wikidata.org/wiki/Q692007
1700,Villars-sur-Glâne,FR,,,
1701,Dardagny,GE,,,
1702,Choulex,GE,,,
1703,Regensdorf,ZH,,,
1704,Lissa,Etranger,,,
1705,Neidenburg (Ostpreussen),Etranger,,,
1706,Heslach,Etranger,48.76,9.15,https://www.wikidata.org/wiki/Q110556554
1707,Mindersdorf,Etranger,,,https://www.wikidata.org/wiki/Q112224741
1708,Krummenau,SG,47.2475,9.1705555555556,https://www.wikidata.org/wiki/Q22558262
1709,Madretsch,BE,47.132222222222,7.2544444444444,https://www.wikidata.org/wiki/Q1883457
1710,Santa Maria,GR,,,
1711,(Royaume de Wurtemberg),Etranger,,,
1712,Burzweiler (Alsace),Etranger,,,
1713,Regensburg,Etranger,,,
1714,Aachen,Etranger,50.776207,6.083788,https://www.wikidata.org/wiki/Q1017
1715,Cagliari,Etranger,,,
1716,Irun,Etranger,43.33904,-1.78938,https://www.wikidata.org/wiki/Q23999366
1717,Cottbus,Etranger,,,
1718,Oakville,Etranger,,,
1719,Nice,Etranger,,,
1720,Piacenza,Etranger,,,
1721,Nembro,Etranger,,,
1722,Corme,Etranger,,,
1723,Maracaibo,Etranger,10.633333333333,-71.633333333333,https://www.wikidata.org/wiki/Q171632
1724,Maccio,Etranger,45.779722222222,9.0241666666667,https://www.wikidata.org/wiki/Q3842045
1725,Hégenheim,Etranger,,,
1726,Göteborg,Etranger,,,
1727,Niédens,VD,,,
1728,Rehetobel,AR,47.42611,9.483,https://www.wikidata.org/wiki/Q22594017
1729,Le Lac-Noir,FR,,,
1730,Nérac (Lot-et-Garonne),Etranger,,,
1731,Dietwil,AG,47.14665,8.39355,https://www.wikidata.org/wiki/Q22630345
1732,Saint-Germain-sur-Talloires (Haute-Savoie),Etranger,,,
1733,Werden an der Ruhr,Etranger,,,
1734,Neuwied,Etranger,,,
1735,Waregem,Etranger,,,
1736,Visakhapatnam,Etranger,17.69388888888889,83.29222222222222,https://www.wikidata.org/wiki/Q200016
1737,Escholzmatt-Marbach,LU,,,
1738,Verona,Etranger,45.43861111111111,10.992777777777778,https://www.wikidata.org/wiki/Q2028
1739,Hagen,Etranger,,,
1740,Fulenbach,SO,47.27496,7.83343,https://www.wikidata.org/wiki/Q22617552
1741,Hohenems (Vorarlberg),Etranger,,,
1742,Langnau im Emmental,BE,46.939444444444,7.7875,https://www.wikidata.org/wiki/Q35642023
1743,Curtilles,VD,,,
1744,Kirchberg (BE),BE,,,
1745,Egolzwil,LU,,,
1746,Les Agettes,VS,46.216666666667,7.3833333333333,https://www.wikidata.org/wiki/Q70365
1747,Biberist,SO,47.18009,7.56246,https://www.wikidata.org/wiki/Q22409160
1748,Wengi,BE,,,
1749,Beromünster,LU,47.20612,8.19265,https://www.wikidata.org/wiki/Q22398495
1750,Réclère,BE,47.383333333333,6.9166666666667,https://www.wikidata.org/wiki/Q668719
1751,Grossandelfingen,ZH,,,
1752,Schlosswil,BE,46.909166666667,7.6086111111111,https://www.wikidata.org/wiki/Q67478
1753,Zutphen,Etranger,,,
1754,Estrun,Etranger,,,
1755,Watford,Etranger,,,
1756,Flawil,SO,,,
1757,Muotathal,SZ,,,
1758,Valendas,GR,46.783055555556,9.2666666666667,https://www.wikidata.org/wiki/Q65549
1759,Drei Höfe,SO,,,
1760,Elberfeld,Etranger,,,
1761,Güttingen,TG,,,
1762,Möriken-Wildegg,AG,,,
1763,Siebnen,SZ,47.174444444444,8.8969444444444,https://www.wikidata.org/wiki/Q687976
1764,Olot,Etranger,,,
1765,Timisoara,Etranger,,,
1766,Kuopio,Etranger,62.8925,27.678333333333,https://www.wikidata.org/wiki/Q162279
1767,Ravenna,Etranger,44.416111111111114,12.201666666666666,https://www.wikidata.org/wiki/Q13364
1768,Biberach,Etranger,,,
1769,Heiligenstadt,Etranger,,,
1770,Obfelden,ZH,47.26413,8.4215,https://www.wikidata.org/wiki/Q22421959
1771,Zollikofen,ZH,,,
1772,Villette,VD,,,
1773,Hemberg,SG,47.3005,9.17538888888889,https://www.wikidata.org/wiki/Q65631
1774,Niedereggenen,Etranger,47.75444412,7.62555552,https://www.wikidata.org/wiki/Q15549872
1775,Muttenz,BL,,,
1776,Lindau,Etranger,,,
1777,Wiedlisbach,BE,47.25194,7.6461,https://www.wikidata.org/wiki/Q22615308
1778,Moncófar (Castellón),Etranger,,,
1779,Le Dézaley,VD,,,
1780,Semsales,FR,46.57375,6.93018,https://www.wikidata.org/wiki/Q22561595
1781,Savigny,VD,,,
1782,Vouvry,VS,46.333333333333,6.8833333333333,https://www.wikidata.org/wiki/Q68889
1783,Torgau,Etranger,51.560277777778,13.005555555556,https://www.wikidata.org/wiki/Q12062
1784,Nidfurn,GL,,,
1785,Wohlenschwil,AG,,,
1786,Speicher,AR,,,
1787,Saint-Cierges,VD,46.683333333333,6.7333333333333,https://www.wikidata.org/wiki/Q68923
1788,Gondiswil,BE,47.14677,7.87136,https://www.wikidata.org/wiki/Q22365042
1789,Lindau (Bavière),Etranger,,,
1790,Oberwil bei Büren,BE,,,
1791,Wollerau,SZ,47.19478,8.71903,https://www.wikidata.org/wiki/Q22632539
1792,Manchester,Etranger,,,
1793,Guebwiller (Alsace),Etranger,,,
1794,Halifax,Etranger,,,
1795,Boudevilliers,NE,47.033333333333,6.8833333333333,https://www.wikidata.org/wiki/Q70488
1796,Neubrunn,ZH,,,
1797,Reinach,AG,,,
1798,Weiningen,ZH,,,
1799,Stein,AR,,,
1800,Seedorf,UR,,,
1801,Chézard-Saint-Martin,NE,,,
1802,Trasadingen,SH,,,
1803,Beringen,SH,,,
1804,Rüegsau,BE,,,
1805,Straubenzell,SG,47.4072,9.32964,https://www.wikidata.org/wiki/Q2353984
1806,Büsserach,SO,47.39464,7.54116,https://www.wikidata.org/wiki/Q22368950
1807,Hesse,Etranger,-38.0844,143.887,https://www.wikidata.org/wiki/Q18165728
1808,Thunstetten,BE,47.8680721,12.6875435,https://www.wikidata.org/wiki/Q121758609
1809,Tecuci,Etranger,,,
1810,Basel-Kleinhüningen,BS,47.58383056,7.59248611,https://www.wikidata.org/wiki/Q809908
1811,Mengestorf,BE,46.8991,7.38737,https://www.wikidata.org/wiki/Q1629251
1812,Kempten,ZH,,,
1813,Worben,BE,47.10279,7.29518,https://www.wikidata.org/wiki/Q22637087
1814,Liebewil,BE,46.9032,7.3755,https://www.wikidata.org/wiki/Q56256706
1815,Bärau,BE,,,
1816,Bürerwald,SG,,,
1817,Laupen,BE,,,
1818,Boningen,SO,,,
1819,Aeschi bei Spiez,BE,46.65848,7.6965,https://www.wikidata.org/wiki/Q22363232
1820,Schangnau,BE,46.82784,7.85987,https://www.wikidata.org/wiki/Q22441573
1821,Wynigen,BE,47.10586,7.66681,https://www.wikidata.org/wiki/Q22641085
1822,Bütschwil,SG,47.349722222222,9.0666666666667,https://www.wikidata.org/wiki/Q65676
1823,Toggenburg,SG,,,
1824,Paspels,GR,,,
1825,Hitzkirch,LU,,,
1826,Leuzigen,BE,47.17458,7.45775,https://www.wikidata.org/wiki/Q22418693
1827,Günzburg,Etranger,,,
1828,Alpnach,OW,46.94227,8.2718,https://www.wikidata.org/wiki/Q22396943
1829,Bad Säckingen,Etranger,47.553333333333,7.9472222222222,https://www.wikidata.org/wiki/Q522362
1830,Wattenwil,BE,46.76973,7.50835,https://www.wikidata.org/wiki/Q22554839
1831,Oberengstringen,ZH,47.40841,8.46515,https://www.wikidata.org/wiki/Q22420032
1832,Echandens,VD,,,
1833,Commentry,Etranger,,,
1834,Piémont,Etranger,,,
1835,Aarhus,Etranger,56.156388888889,10.209722222222,https://www.wikidata.org/wiki/Q25319
1836,Bardonnex,GE,,,
1837,Macon,Etranger,,,
1838,Vallée de Joux,VD,,,
1839,Heilbronn,Etranger,,,
1840,Niederschwarzbach,Etranger,,,
1841,Embrach,ZH,47.50561,8.59406,https://www.wikidata.org/wiki/Q22398804
1842,Dillingen,Etranger,,,
1843,Colombe,Etranger,,,
1844,Bayeux,Etranger,-7.125,-34.93222,https://www.wikidata.org/wiki/Q22027403
1845,Garches,Etranger,,,
1846,Friedrichsdorf,Etranger,,,
1847,Aclens,VD,46.566666666667,6.5166666666667,https://www.wikidata.org/wiki/Q30986
1848,Kehrsatz,BE,46.91035,7.47096,https://www.wikidata.org/wiki/Q22369922
1849,Völkermarkt,Etranger,,,
1850,Poméranie,Etranger,,,
1851,Galgenen,SZ,,,
1852,Unterseen,BE,46.6872,7.8497,https://www.wikidata.org/wiki/Q67097
1853,Mackenzie (Guyane brittanique),Etranger,,,
1854,Pollegio,TI,,,
1855,Erlangen,Etranger,,,
1856,Wiesendangen,ZH,47.522222222222,8.7911111111111,https://www.wikidata.org/wiki/Q64853
1857,Bisaccia (Avellino),Etranger,,,
1858,Campolongo sul Brenta,Etranger,45.8271,11.7008,https://www.wikidata.org/wiki/Q30023529
1859,Bossuet,Etranger,,,
1860,Madretsch (Bienne),BE,,,
1861,Fischenthal,ZH,47.33122,8.92052,https://www.wikidata.org/wiki/Q22471682
1862,Zuchwil,SO,,,
1863,Guttet,VS,46.32497,7.66541,https://www.wikidata.org/wiki/Q2610573
1864,Welschenrohr,SO,47.281388888889,7.5288888888889,https://www.wikidata.org/wiki/Q66376
1865,Lengnau,BE,47.18155,7.36814,https://www.wikidata.org/wiki/Q22407645
1866,Bingen (Hesse rhénane),Etranger,,,
1867,Riedt,TG,,,
1868,Borex,VD,46.37891,6.1762,https://www.wikidata.org/wiki/Q56461204
1869,Signau,BE,46.91944,7.72418,https://www.wikidata.org/wiki/Q22623683
1870,Avry-devant-Pont,FR,46.683338,7.083329,https://www.wikidata.org/wiki/Q791529
1871,Saint-Gingolph,Etranger,,,
1872,Chavannes-près-Renens,VD,,,
1873,Menden DE,Etranger,,,
1874,Dagmersellen,LU,47.21366,7.98466,https://www.wikidata.org/wiki/Q22554261
1875,Anduze,Etranger,,,
1876,Birmingham,Etranger,,,
1877,Pontaix (Drôme),Etranger,,,
1878,Valence,Etranger,44.111111111111114,0.8902777777777777,https://www.wikidata.org/wiki/Q109316531
1879,Bourg-en-Bresse,Etranger,,,
1880,Deudehom,Etranger,,,
1881,Bourdigny,GE,46.2259,6.0428,https://www.wikidata.org/wiki/Q56261094
1882,Amiens,Etranger,,,
1883,Mariastein,SO,,,
1884,Lenzburg,AG,47.3875,8.1802777777778,https://www.wikidata.org/wiki/Q69433
1885,Villmergen,AG,47.34917,8.24583,https://www.wikidata.org/wiki/Q22423982
1886,Alost (Flandre orientale),Etranger,,,
1887,Safenwil,AG,47.3214,7.98122,https://www.wikidata.org/wiki/Q22376909
1888,Kirchberg,Etranger,50.622222222222,12.525555555556,https://www.wikidata.org/wiki/Q20079
1889,Elbistan,Etranger,,,
1890,Poebene,Etranger,,,
1891,Tarcento,Etranger,46.21251,13.21514,https://www.wikidata.org/wiki/Q30031007
1892,Wohlen,BE,,,
1893,Sankt Stephan,BE,,,
1894,Märstetten,TG,,,
1895,Geneva,Suisse,46.2,6.15,https://www.wikidata.org/wiki/Q71
1896,Tenero,TI,,,https://www.wikidata.org/wiki/Q121434857
1897,Niederhallwil,AG,,,
1898,Au,SG,,,
1899,Oberägeri,SZ,,,
1900,Oftringen,AG,,,
1901,Stein am Rhein,SH,47.65933,8.85964,https://www.wikidata.org/wiki/Q22389728
1902,Corcelles-près-Concise,VD,46.833333333333,6.7,https://www.wikidata.org/wiki/Q57102
1903,Chur,GR,46.85212,9.52965,https://www.wikidata.org/wiki/Q69007
1904,Cernier,NE,47.06055555555555,6.901944444444444,https://www.wikidata.org/wiki/Q68535
1905,Malans,GR,,,
1906,Vauderens,FR,46.616667,6.850003,https://www.wikidata.org/wiki/Q1784573
1907,Gstaad,BE,46.466666666667,7.2833333333333,https://www.wikidata.org/wiki/Q37149
1908,Schüpfheim,LU,,,
1909,Hohenrain,LU,,,
1910,Cormoret,BE,,,
1911,Dürnten,ZH,47.27572,8.85378,https://www.wikidata.org/wiki/Q22609364
1912,St-Imier,BE,,,
1913,Kirchlindach,BE,47.001561,7.41555,https://www.wikidata.org/wiki/Q124363357
1914,Saxeten,BE,46.63658,7.83087,https://www.wikidata.org/wiki/Q22437488
1915,Bévilard,BE,,,
1916,Châlons-en-Champagne,Etranger,,,
1917,Villnachern,AG,47.47098,8.15975,https://www.wikidata.org/wiki/Q22424021
1918,Dättwil,AG,,,
1919,Zollikon et Affoltern?,ZH,,,
1920,Veltheim,AG,,,
1921,Ramosch,GR,46.833055555556,10.383333333333,https://www.wikidata.org/wiki/Q65089
1922,Hölstein,BL,,,
1923,Transvaal,Etranger,,,
1924,Oberburg,BE,,,
1925,Lausen,BL,,,
1926,Ettiswil,LU,,,
1927,Arbon,TG,47.516666666667,9.4333333333333,https://www.wikidata.org/wiki/Q64156
1928,Weissenburg,BE,,,
1929,Breil/Brigels,GR,,,
1930,Schocherswil,TG,,,
1931,Dietikon,ZH,47.405555555556,8.4038888888889,https://www.wikidata.org/wiki/Q64070
1932,Libingen (Mosnang),SG,,,
1933,Kräiligen,BE,47.150646,7.535816,https://www.wikidata.org/wiki/Q126142068
1934,Illnau-Effretikon,ZH,47.415833333333,8.7197222222222,https://www.wikidata.org/wiki/Q64873
1935,Rothrist,AG,47.30508,7.89196,https://www.wikidata.org/wiki/Q22467400
1936,Eysins,VD,46.3817,6.20695,https://www.wikidata.org/wiki/Q22449726
1937,Schübelbach (Siebnen),SZ,,,
1938,Málaga,Etranger,,,
1939,Krillberg,TG,47.4797,8.9478,https://www.wikidata.org/wiki/Q15824448
1940,Uman,Etranger,,,
1941,Schinznach-Dorf,AG,,,
1942,Oberstammheim,ZH,47.633888888889,8.7994444444444,https://www.wikidata.org/wiki/Q67902
1943,La Jonchère,NE,,,
1944,Cully,VD,,,
1945,Morbio Inferiore,TI,45.85341,9.01644,https://www.wikidata.org/wiki/Q22386770
1946,Willisdorf,TG,47.6814,8.738,https://www.wikidata.org/wiki/Q15854709
1947,Eichberg,SG,,,
1948,Vira,TI,,,
1949,Les Bayards,NE,,,
1950,Chaluet (Court),BE,,,
1951,Sonceboz,BE,,,
1952,Zauggenried,BE,47.072777777778,7.5405555555556,https://www.wikidata.org/wiki/Q67424
1953,Lyssach,BE,47.06445,7.58228,https://www.wikidata.org/wiki/Q22614061
1954,Corsier-sur-Vevey,VD,46.466666666667,6.85,https://www.wikidata.org/wiki/Q57110
1955,Vuippens,FR,46.66,7.075,https://www.wikidata.org/wiki/Q2535226
1956,Mur,VD,,,
1957,Montana,VS,,,
1958,Campli,Etranger,,,
1959,Schönholzerswilen,TG,47.51702,9.14089,https://www.wikidata.org/wiki/Q22548825
1960,Abtwil,AG,47.4187,9.31558,https://www.wikidata.org/wiki/Q183419
1961,Nürtingen,Etranger,48.626666666667,9.3352777777778,https://www.wikidata.org/wiki/Q14853
1962,Moosaffoltern,BE,47.04313,7.43995,https://www.wikidata.org/wiki/Q56257480
1963,L'Auberson,VD,46.8178,6.4594,https://www.wikidata.org/wiki/Q3202583
1964,Montpreveyres,VD,46.58264,6.74114,https://www.wikidata.org/wiki/Q22368452
1965,Berlingen,TG,50.8175,5.3103,https://www.wikidata.org/wiki/Q2897282
1966,Roggwil,TG,,,
1967,Faoug,VD,46.90829,7.07803,https://www.wikidata.org/wiki/Q22455588
1968,Grosswangen,LU,47.13282,8.04781,https://www.wikidata.org/wiki/Q22650825
1969,Erschwil,SO,47.37386,7.54137,https://www.wikidata.org/wiki/Q22420493
1970,Ilanz,GR,46.766388888889,9.2,https://www.wikidata.org/wiki/Q64213
1971,Täsch,VS,,,
1972,Udligenswil,LU,47.09005,8.40335,https://www.wikidata.org/wiki/Q22380388
1973,Thal,SG,47.466388888889,9.5666666666667,https://www.wikidata.org/wiki/Q65543
1974,Saint-Antoine,FR,,,
1975,Sins,AG,47.19216,8.39578,https://www.wikidata.org/wiki/Q22630461
1976,Stockton,Etranger,,,
1977,Basel,BS,47.560555555556,7.5905555555556,https://www.wikidata.org/wiki/Q78
1978,Człuchów,Etranger,53.66722222222222,17.35861111111111,https://www.wikidata.org/wiki/Q640469
1979,Dulliken,SO,,,
1980,Rotkreuz,ZG,,,
1981,Siviriez,FR,46.65852,6.87774,https://www.wikidata.org/wiki/Q22632316
1982,Seigneux,VD,46.733333333333,6.8833333333333,https://www.wikidata.org/wiki/Q668843
1983,Bouquenom,Etranger,48.94065,7.08912,https://www.wikidata.org/wiki/Q895168
1984,Nîmes,Etranger,,,
1985,Mazamet (Tarn),Etranger,,,
1986,Mont-la-Ville,VD,46.64661,6.40898,https://www.wikidata.org/wiki/Q22358431
1987,Feldbrunnen,SO,,,
1988,Tesserete,TI,46.0667,8.96667,https://www.wikidata.org/wiki/Q3387646
1989,Eggiwil,BE,46.87575,7.79567,https://www.wikidata.org/wiki/Q67393
1990,Airolo,TI,46.52847,8.60881,https://www.wikidata.org/wiki/Q56435141
1991,Zwickau,Etranger,,,
1992,Étampes,Etranger,,,
1993,Wilno,Etranger,,,
1994,Neumarkt in Steiermark,Etranger,47.070833333333,14.422777777778,https://www.wikidata.org/wiki/Q688865
1995,Savièse,VS,46.25115,7.34558,https://www.wikidata.org/wiki/Q22433869
1996,Lodi,Etranger,,,
1997,Miami,Etranger,,,
1998,Alexandria,Etranger,,,
1999,Wilster,Etranger,,,
2000,Caen,Etranger,49.18138888888889,-0.3636111111111111,https://www.wikidata.org/wiki/Q41185
2001,Katowice,Etranger,,,
2002,Wipperfürth,Etranger,,,
2003,Neckarau,Etranger,49.453511111111,8.4909194444444,https://www.wikidata.org/wiki/Q1973682
2004,Montandon,Etranger,40.9653,-76.8531,https://www.wikidata.org/wiki/Q6022205
2005,Wittenberge,Etranger,52.997734,11.75041,https://www.wikidata.org/wiki/Q541956
2006,"Reddemitz, Westpreussen",Etranger,,,
2007,Tuttlingen,Etranger,,,
2008,Höngg-Zürich,ZH,,,
2009,Glovelier,BE,47.333333333333,7.2,https://www.wikidata.org/wiki/Q68494
2010,Diemtigen,BE,46.64928,7.56477,https://www.wikidata.org/wiki/Q22630083
2011,Duisburg,Etranger,,,
2012,Karachi,Etranger,,,
2013,Haslen,GL,,,
2014,Dijon,Etranger,47.323055555556,5.0419444444444,https://www.wikidata.org/wiki/Q7003
2015,Groningen,Etranger,,,
2016,Eupen,Etranger,,,
2017,Cinuos-chel,GR,46.642583333333334,10.024055555555556,https://www.wikidata.org/wiki/Q1092598
2018,Gampel,VS,,,
2019,Le Mans,Etranger,48.004166666667,0.19694444444444,https://www.wikidata.org/wiki/Q1476
2020,Condrieu,Etranger,,,
2021,The Bronx,Etranger,,,
2022,Riggisberg,BE,,,
2023,Seeberg,BE,,,
2024,Littau,LU,,,
2025,Saint-Loup,VD,43.2733146,5.4399194,https://www.wikidata.org/wiki/Q3462787
2026,Stans,LU,,,
2027,Vilters-Wangs,SG,,,
2028,Obstalden,GL,47.116944444444,9.1502777777778,https://www.wikidata.org/wiki/Q659922
2029,Unterkulm,AG,,,
2030,Schwändi,GL,,,
2031,Ankara,Etranger,,,
2032,Weinfelden,TG,,,
2033,Wildberg,ZH,,,
2034,Bruggen,SG,,,
2035,Seuzach,ZH,,,
2036,Grossbartloff (Erfurt),Etranger,,,
2037,Recherswil,SO,,,
2038,Ziegelbrücke,GL,,,
2039,Balterswil,TG,47.45277778,8.9375,https://www.wikidata.org/wiki/Q4852642
2040,Yerevan,Etranger,40.181388888889,44.514444444444,https://www.wikidata.org/wiki/Q1953
2041,(West Virginia),Etranger,,,
2042,Montagny,VD,46.79289,6.61222,https://www.wikidata.org/wiki/Q22364149
2043,Merseburg,Etranger,,,
2044,Apples,VD,,,
2045,Rennaz,VD,,,
2046,Wörgl,Etranger,,,
2047,Saint Petersburg,Etranger,,,
2048,Töss (auj. Winterthour),ZH,,,
2049,Oberrieden,ZH,,,
2050,Riddes,VS,46.173083333333,7.2224444444444,https://www.wikidata.org/wiki/Q22380056
2051,Gossau,ZH,,,
2052,Urdorf,ZH,,,
2053,Ottiswil,BE,,,
2054,Prévonloup,VD,,,
2055,Leimbach,AG,,,
2056,Egringen,Etranger,,,
2057,Schüpfen,BE,47.03661,7.37723,https://www.wikidata.org/wiki/Q22548525
2058,Baselaugst,BL,,,
2059,Chavornay,VD,46.70244,6.5694,https://www.wikidata.org/wiki/Q22485145
2060,Montfaucon,BE,,,
2061,Vesin,FR,,,
2062,Fiorano,Etranger,,,
2063,Lüsslingen,SO,47.19,7.5013888888889,https://www.wikidata.org/wiki/Q67217
2064,Bailén,Etranger,,,
2065,Schlierbach,LU,,,
2066,Ostiano,Etranger,45.2226,10.2545,https://www.wikidata.org/wiki/Q30028458
2067,Grub,SG,,,
2068,Igis,GR,46.949722222222,9.5666666666667,https://www.wikidata.org/wiki/Q658739
2069,Gränichen,AG,47.358333333333,8.0997222222222,https://www.wikidata.org/wiki/Q64267
2070,Därligen,BE,46.66175,7.80808,https://www.wikidata.org/wiki/Q22610065
2071,Pedrinate,TI,,,
2072,Neuenegg,BE,,,
2073,Kriegstetten,SO,47.17449,7.59799,https://www.wikidata.org/wiki/Q22557922
2074,Schaplava,Etranger,,,
2075,Berneck,SG,,,
2076,Allschwil,BL,,,
2077,Bramstedt,Etranger,,,
2078,Zihlschlacht,TG,47.5233,9.2604,https://www.wikidata.org/wiki/Q15855734
2079,Tamins,GR,,,
2080,Oberegg,AI,,,
2081,Schänis,SG,47.15995,9.04549,https://www.wikidata.org/wiki/Q22548580
2082,Obersteckholz,BE,47.199722222222,7.8194444444444,https://www.wikidata.org/wiki/Q67233
2083,Buchrain,LU,,,
2084,Seißen,Etranger,48.4171,9.7449,https://www.wikidata.org/wiki/Q1260145
2085,Hasle-Rüegsau,BE,47.016269444444,7.6557777777778,https://www.wikidata.org/wiki/Q1517092
2086,Rüeggisberg,BE,46.82216,7.4389,https://www.wikidata.org/wiki/Q22369006
2087,Torny-le-Grand,FR,,,
2088,Le Cateau,Etranger,,,
2089,Brusino,TI,,,
2090,Porza,TI,,,
2091,Les Petits-Ponts,NE,,,
2092,Brugg,BE,,,
2093,Pampigny,VD,,,
2094,Agriswil,FR,,,
2095,Matten,BE,,,
2096,Miesbach,Etranger,,,
2097,Le Bry,FR,46.699998,7.083337,https://www.wikidata.org/wiki/Q1809758
2098,Oberhofen,BE,,,
2099,Reichenbach im Kandertal,BE,,,
2100,Les Geneveys-sur-Coffrane,NE,47.016666666667,6.85,https://www.wikidata.org/wiki/Q70448
2101,Autigny,FR,,,
2102,Dietlikon,ZH,,,
2103,Bümpliz,BE,,,
2104,Rust,Etranger,,,
2105,Russikon,ZH,47.39669,8.77515,https://www.wikidata.org/wiki/Q22364982
2106,Kemptthal,ZH,47.448321,8.7021,https://www.wikidata.org/wiki/Q22377938
2107,Rüschlikon,ZH,,,
2108,Zeiningen,AG,,,
2109,Wangen,BE,,,
2110,Walzenhausen,AR,47.44867,9.60495,https://www.wikidata.org/wiki/Q22545370
2111,Nottingham,Etranger,,,
2112,Niederbüren,SG,47.46547,9.20568,https://www.wikidata.org/wiki/Q22610605
2113,Wigoltingen,TG,47.5977,9.03141,https://www.wikidata.org/wiki/Q22615859
2114,Kaltbrunn,SG,,,
2115,Oberbach,FR,,,
2116,Derendingen,SO,,,
2117,Hochfelden,ZH,,,
2118,Bettwiesen,TG,,,
2119,Recklinghauser,Etranger,,,
2120,Horw,LU,,,
2121,Päwesin,Etranger,52.5167,12.7167,https://www.wikidata.org/wiki/Q32701576
2122,Kleinhandelfingen,ZH,,,
2123,Othmarsingen,AG,47.40149,8.21852,https://www.wikidata.org/wiki/Q22452667
2124,Widnau,SG,,,
2125,Gerlafingen,SO,47.16978,7.57505,https://www.wikidata.org/wiki/Q22637456
2126,Niederhünigen,BE,,,
2127,Saint-Ursanne,BE,47.36504648359477,7.154645583908892,https://www.wikidata.org/wiki/Q661799
2128,Péry,BE,,,
2129,Buchs b. Aarau,AG,,,
2130,Kirchberg,SG,,,
2131,S. Vito al Tagliamento (Pordenone),Etranger,,,
2132,Titterten,BL,47.40213,7.71617,https://www.wikidata.org/wiki/Q22509894
2133,Romainmôtier,VD,,,
2134,Promasens,FR,,,
2135,Giubiasco,TI,,,
2136,Treycovagnes,VD,,,
2137,Nendaz,VS,,,
2138,Châtel-St-Denis,FR,46.52691,6.90083,https://www.wikidata.org/wiki/Q22484469
2139,Brescia,Etranger,45.538888888889,10.220280555556,https://www.wikidata.org/wiki/Q6221
2140,Comologno,TI,,,
2141,Grüningen,ZH,,,
2142,Bollingen,SG,,,
2143,Strengelbach,AG,47.27917,7.92895,https://www.wikidata.org/wiki/Q22416317
2144,Canobbio,TI,46.03426,8.96566,https://www.wikidata.org/wiki/Q22404957
2145,Engi,GL,46.981944444444,9.1527777777778,https://www.wikidata.org/wiki/Q661652
2146,Saas-Balen,VS,46.15233,7.93531,https://www.wikidata.org/wiki/Q22371898
2147,Grenchen,SO,,,
2148,Sovramonte - Belluno,Etranger,,,
2149,Reggio Emilia,Etranger,44.7,10.633333333333,https://www.wikidata.org/wiki/Q13360
2150,Villeurbanne,Etranger,45.766111111111,4.8794444444444,https://www.wikidata.org/wiki/Q582
2151,Altensteigdorf (Baden-Württemberg),Etranger,,,
2152,Lotzwil,BE,47.19135,7.79102,https://www.wikidata.org/wiki/Q22660578
2153,Rickenbach,LU,,,
2154,Rupperswil,AG,47.40131,8.12877,https://www.wikidata.org/wiki/Q22360739
2155,Ammerswil,AG,,,
2156,Röthenbach,BE,,,
2157,Rothenburg,LU,,,
2158,Uerkheim,AG,47.30289,8.02371,https://www.wikidata.org/wiki/Q22380761
2159,Suhr,AG,,,
2160,Mastrils,GR,46.966111111111,9.5425,https://www.wikidata.org/wiki/Q659822
2161,Grächen,VS,46.195277777778,7.8375,https://www.wikidata.org/wiki/Q22652016
2162,Saint-Léonard,VS,,,
2163,Verviers-Hodimont,Etranger,,,
2164,Saint-Blaise,NE,47.0131,6.9864,https://www.wikidata.org/wiki/Q70424
2165,Chermignon,VS,46.28530555555555,7.477777777777778,https://www.wikidata.org/wiki/Q69532
2166,Niederbipp,BE,47.26613,7.69461,https://www.wikidata.org/wiki/Q22610571
2167,Oerlikon,ZH,47.416666666667,8.55,https://www.wikidata.org/wiki/Q167179
2168,Lengwil,TG,,,
2169,Niederrohrdorf,AG,47.42352,8.30643,https://www.wikidata.org/wiki/Q22610798
2170,Sondrio,Etranger,,,
2171,Fregiécourt,BE,47.416666666667,7.2,https://www.wikidata.org/wiki/Q671107
2172,Alt Wallmoden/Goslar,Etranger,,,
2173,Matzendorf,SO,,,
2174,Montignez,BE,47.483333333333,7.05,https://www.wikidata.org/wiki/Q668705
2175,Bollion,FR,46.817778,6.827222,https://www.wikidata.org/wiki/Q674405
2176,Champoz,BE,,,
2177,Riniken,AG,,,
2178,Collombey,VS,46.27008,6.94835,https://www.wikidata.org/wiki/Q22701994
2179,Coffrane,NE,47.016666666667,6.8666666666667,https://www.wikidata.org/wiki/Q70485
2180,Langwiesen,ZH,,,
2181,Selzach,SO,,,
2182,Oltigen,BE,,,
2183,Bofflens,VD,46.7,6.5,https://www.wikidata.org/wiki/Q52267
2184,Fraubrunnen,BE,47.0862,7.52727,https://www.wikidata.org/wiki/Q22507987
2185,Römerswil,LU,,,
2186,Uetikon am See,ZH,,,
2187,Collebeato,Etranger,45.58118,10.21017,https://www.wikidata.org/wiki/Q30024926
2188,Bercher,VD,,,
2189,Malleray,BE,47.23809,7.26642,https://www.wikidata.org/wiki/Q22389202
2190,Obergesteln,VS,46.5,8.3166666666667,https://www.wikidata.org/wiki/Q662541
2191,Coppet,VD,,,
2192,Velký Osek (Gross Wossek),Etranger,,,
2193,Staad (commune de Thal),SG,,,
2194,Altona,Etranger,53.55,9.9333,https://www.wikidata.org/wiki/Q1630
2195,Neuburg am Inn,Etranger,,,
2196,Nürnberg,Etranger,,,
2197,Unterhallau (auj. Hallau),SH,,,
2198,Piancastagnaio (Toscane),Etranger,,,
2199,Erzurum,Etranger,,,
2200,Wald,AR,47.275277777778,8.9144444444444,https://www.wikidata.org/wiki/Q67272
2201,Sorvilier,BE,,,
2202,Müswangen (auj. comm. Hitzkirch),LU,,,
2203,Klein-Sangerberg (auj. Prameny),Etranger,,,
2204,Veltheim (auj. comm. Winterthour),ZH,,,
2205,Marly ?,FR,,,
2206,Buus,BL,47.50542,7.86476,https://www.wikidata.org/wiki/Q22364264
2207,Bassecourt,BE,47.35,7.2333333333333,https://www.wikidata.org/wiki/Q66705
2208,Mézières,VD,,,
2209,Ennetbürgen,NW,46.98423,8.41003,https://www.wikidata.org/wiki/Q22412498
2210,La Bosse,BE,47.2697,7.0179,https://www.wikidata.org/wiki/Q56260854
2211,Puidoux,VD,,,
2212,Laconnex,GE,,,
2213,Niedergösgen,SO,47.37217,7.99122,https://www.wikidata.org/wiki/Q22610708
2214,Reiden,LU,,,
2215,Mülchi,BE,47.102222222222,7.4783333333333,https://www.wikidata.org/wiki/Q67579
2216,Rivaz,VD,46.466666666667,6.7666666666667,https://www.wikidata.org/wiki/Q70515
2217,Walchwil,ZG,47.10169,8.51693,https://www.wikidata.org/wiki/Q22440729
2218,Felsberg,GR,,,
2219,Unterengstringen,ZH,47.41396,8.44761,https://www.wikidata.org/wiki/Q22388401
2220,Ennetmoos,NW,,,
2221,Landquart,GR,46.967283,9.563295,https://www.wikidata.org/wiki/Q119086132
2222,Schwadernau,BE,,,
2223,Engelburg,SG,47.4442,9.34079,https://www.wikidata.org/wiki/Q1342030
2224,Wila,ZH,36.616725,-89.783417,https://www.wikidata.org/wiki/Q27995293
2225,Mörigen,BE,47.0851,7.21413,https://www.wikidata.org/wiki/Q22645003
2226,Cadenazzo,TI,46.15108,8.94199,https://www.wikidata.org/wiki/Q22376384
2227,Krattigen,BE,46.66139,7.72777,https://www.wikidata.org/wiki/Q22557587
2228,Goldiwil (Thun),BE,,,
2229,Simrishamn,Etranger,55.550793241987,14.347881242183,https://www.wikidata.org/wiki/Q648536
2230,Umeå,Etranger,63.828453583518,20.270566462023,https://www.wikidata.org/wiki/Q25579
2231,Flüelen,UR,,,
2232,Grosshöchstetten,BE,,,
2233,Kappel,SG,,,
2234,Balerna,TI,45.84638,9.00724,https://www.wikidata.org/wiki/Q22505683
2235,Bevaix,NE,,,
2236,Ballaigues,VD,46.73055,6.41556,https://www.wikidata.org/wiki/Q22506746
2237,Yvorne,VD,46.33122,6.95872,https://www.wikidata.org/wiki/Q22653162
2238,Hofen,SH,,,
2239,Schinznach-Dorf,AG,47.448333333333,8.1444444444444,https://www.wikidata.org/wiki/Q66991
2240,Montilier,FR,,,
2241,Bätterkinden,BE,47.13363,7.54103,https://www.wikidata.org/wiki/Q22369910
2242,Zizers,GR,,,
2243,Auswil,BE,,,
2244,Neggio,TI,,,
2245,Ueken,AG,,,
2246,Bachenbülach,ZH,47.50317,8.54556,https://www.wikidata.org/wiki/Q22469699
2247,"Masein, Homalin",GR,24.65,94.96666667,https://www.wikidata.org/wiki/Q6782961
2248,Merenschwand,AG,47.2587,8.37532,https://www.wikidata.org/wiki/Q22496906
2249,Gléresse,BE,,,
2250,Gähwil,SG,47.3978,9.00139,https://www.wikidata.org/wiki/Q1558754
2251,La Chaux-du-Milieu,NE,,,
2252,Chevilly,VD,46.65,6.4833333333333,https://www.wikidata.org/wiki/Q52785
2253,Giornico,TI,46.40141,8.87369,https://www.wikidata.org/wiki/Q22644598
2254,Villarzel,VD,,,
2255,Wabern,BE,,,
2256,Veysonnaz,VS,46.195556,7.336389,https://www.wikidata.org/wiki/Q22419057
2257,Forel-sur-Lucens,VD,46.733333333333,6.8166666666667,https://www.wikidata.org/wiki/Q52605
2258,Oberrohrdorf,AG,47.41833,8.31983,https://www.wikidata.org/wiki/Q22421229
2259,Lützelflüh,BE,47.00757,7.69165,https://www.wikidata.org/wiki/Q22614392
2260,Reverolle (Savigny),VD,,,
2261,Hauterive,NE,,,
2262,Le Pâquier,NE,,,
2263,Suberg,BE,47.06098,7.33726,https://www.wikidata.org/wiki/Q125392125
2264,Trun,GR,,,
2265,Küssnacht am Rigi,SZ,47.083,8.4395,https://www.wikidata.org/wiki/Q56284520
2266,Neuendorf,SO,,,
2267,Romoos,LU,,,
2268,Englisberg,BE,46.898055555556,7.47,https://www.wikidata.org/wiki/Q365964
2269,Binn,VS,,,
2270,Mörel,VS,,,
2271,Häggenschwil,SG,,,
2272,Schlieren,ZH,,,
2273,Billens,FR,46.6904,6.8994,https://www.wikidata.org/wiki/Q15788657
2274,Bâle,BL,,,
2275,Ebnat-Kappel,SG,47.26195,9.12473,https://www.wikidata.org/wiki/Q22362998
2276,Rheinklingen,TG,47.6764,8.8085,https://www.wikidata.org/wiki/Q15241660
2277,Pratval,GR,46.716388888889,9.4333333333333,https://www.wikidata.org/wiki/Q64682
2278,Stalden,VS,,,
2279,Lauperswil,BE,46.96564,7.74214,https://www.wikidata.org/wiki/Q22373292
2280,Vilters,SG,47.02444444444444,9.451944444444445,https://www.wikidata.org/wiki/Q70537737
2281,Vnà,GR,,,
2282,Donat,GR,46.62916666666667,9.429444444444444,https://www.wikidata.org/wiki/Q65102
2283,Attiswil,BE,47.24673,7.61353,https://www.wikidata.org/wiki/Q22461450
2284,Séville,Etranger,,,
2285,Waldkirch,SG,,,
2286,Lossy,FR,,,
2287,Baldingen,AG,,,
2288,Vaz/Obervaz,GR,,,
2289,Schluein,GR,,,
2290,Bourg-Saint-Pierre,VS,,,
2291,Neuheim,ZG,,,
2292,Kerns,OW,46.90134,8.27528,https://www.wikidata.org/wiki/Q22386464
2293,Heiden,AR,,,
2294,Flühli,LU,46.88391,8.01558,https://www.wikidata.org/wiki/Q22487066
2295,Uesslingen,TG,47.5816,8.8327,https://www.wikidata.org/wiki/Q7877472
2296,Cabbio,TI,45.883333333333,9.05,https://www.wikidata.org/wiki/Q666147
2297,Mathod,VD,,,
2298,Läufelfingen,BL,47.39457,7.85578,https://www.wikidata.org/wiki/Q22614554
2299,Bühler,AR,,,
2300,Wassen,UR,,,
2301,Neuenkirch,LU,,,
2302,Chapelle-sur-Moudon,VD,46.669722222222,6.7358333333333,https://www.wikidata.org/wiki/Q52697
2303,Untersiggenthal,AG,47.50213,8.25554,https://www.wikidata.org/wiki/Q22388730
2304,Rüttenen,SO,,,
2305,Dornach,SO,,,
2306,Erlinsbach,AG,,,
2307,Thalheim an der Thur,ZH,,,
2308,Hägglingen,AG,47.38849,8.25323,https://www.wikidata.org/wiki/Q22652879
2309,Bösingen,FR,46.89229,7.2277,https://www.wikidata.org/wiki/Q22370465
2310,Gachnang,TG,47.53935,8.85311,https://www.wikidata.org/wiki/Q22620576
2311,Rechthalten,FR,46.76766,7.24028,https://www.wikidata.org/wiki/Q22584903
2312,Laupersdorf,SO,47.31423,7.65543,https://www.wikidata.org/wiki/Q22373217
2313,Icogne,VS,,,
2314,Falera,GR,,,
2315,Rossrüti (comm. Bronschhofen),SG,,,
2316,Alberswil,LU,47.14998,8.00313,https://www.wikidata.org/wiki/Q22378535
2317,Vollèges,VS,46.083333333333,7.1666666666667,https://www.wikidata.org/wiki/Q70034
2318,Ruswil,LU,47.08425,8.12645,https://www.wikidata.org/wiki/Q22365684
2319,Mägenwil,AG,,,
2320,Neu Sankt-Johann (Henau),SG,,,
2321,Boswil,AG,,,
2322,Visperterminen,VS,,,
2323,Escholzmatt,LU,46.913333333333,7.9344444444444,https://www.wikidata.org/wiki/Q66908
2324,Laax,GR,,,
2325,Bissone,TI,45.14326,9.42355,https://www.wikidata.org/wiki/Q3640467
2326,Quarten,SG,47.107,9.24199,https://www.wikidata.org/wiki/Q22635134
2327,Trimmis,GR,,,
2328,Saint-Blaise,NE,47.0131,6.9864,https://www.wikidata.org/wiki/Q70424
2329,Dizy,VD,,,
2330,Villars-Lussery,VD,,,
2331,Vétroz,VS,46.22414,7.28903,https://www.wikidata.org/wiki/Q22418739
2332,Capolago,TI,,,
2333,Sugnens,VD,46.65,6.6666666666667,https://www.wikidata.org/wiki/Q657274
2334,Burinaux (comm. Chavannes-sur-Moudon),VD,,,
2335,Malix,GR,,,
2336,Merzligen,BE,,,
2337,Montreux-Vieux (Alsace),Etranger,,,
2338,Staffelbach,AG,,,
2339,Oensingen,SO,,,
2340,Oppligen,BE,,,
2341,Oberkulm,AG,48.3543,14.3678,https://www.wikidata.org/wiki/Q98057618
2342,Mammern,TG,47.64625,8.91519,https://www.wikidata.org/wiki/Q22396031
2343,Griesenberg,TG,47.56888889,9.01166667,https://www.wikidata.org/wiki/Q5608713
2344,Simplon-Village,VS,,,
2345,Bussigny,VD,46.55,6.55,https://www.wikidata.org/wiki/Q52300
2346,Räuchlisberg (auj. comm. Amriswil),TG,,,
2347,Thalkirch (comm. Safien),GR,,,
2348,Grossaffoltern,BE,47.06595,7.36232,https://www.wikidata.org/wiki/Q22650628
2349,Grasswil b. Seeberg,BE,,,
2350,Benken,ZH,,,
2351,Suscévaz,VD,,,
2352,La Sarraz,VD,46.65798,6.50837,https://www.wikidata.org/wiki/Q70210
2353,Bözingen (auj. Bienne),BE,,,
2354,Grub (comm. Eggersriet),SG,,,
2355,Neuhaus (Baden),Etranger,,,
2356,Cham,LU,,,
2357,Hundwil,AR,47.36464,9.31847,https://www.wikidata.org/wiki/Q22649990
2358,Königsfelden bei Brugg,AG,,,
2359,Coglio (Maggia),TI,,,
2360,Céphalonie,Etranger,,,
2361,St. Antoni,FR,,,
2362,Combremont-le-Grand,VD,,,
2363,Dompierre,FR,,,
2364,Brigue-Glis,VS,,,
2365,Tilsit,étranger,,,
2366,Wald (comm. Sankt Peterzell),AR,,,
2367,Champvent,VD,46.7829,6.57188,https://www.wikidata.org/wiki/Q22478342
2368,Forst,BE,,,
2369,Guntmadingen,SH,47.683055555556,8.5497222222222,https://www.wikidata.org/wiki/Q66366
2370,Wettswil,ZH,,,
2371,Schlarigna/Celerina,GR,,,
2372,Brigels,GR,,,
2373,Rüderswil,BE,46.98415,7.72061,https://www.wikidata.org/wiki/Q22368866
2374,Aristau,AG,47.28692,8.36356,https://www.wikidata.org/wiki/Q22450934
2375,Havelange (Namur),Etranger,,,
2376,Itzehoe,Etranger,53.925,9.5163888888889,https://www.wikidata.org/wiki/Q16073
2377,Pasadena,Etranger,,,
2378,Bendorf (Rhénanie-Palatinat),Etranger,,,
2379,Campo Vallemaggia,TI,,,
2380,Sumatra,Etranger,,,
2381,Bingum (Ostfriesland),Etranger,,,
2382,Pekin,Etranger,,,
2383,Champex,VS,,,
2384,Thonon-les-Bains,Etranger,,,
2385,Dorfchemnitz,Etranger,50.663611111111,12.836388888889,https://www.wikidata.org/wiki/Q1243980
2386,Baden,Etranger,48.0075,16.234444444444,https://www.wikidata.org/wiki/Q486450
2387,Oberwart,Etranger,,,
2388,Kirchheim/Teck,Etranger,,,
2389,Newmachar,Etranger,57.267,-2.192,https://www.wikidata.org/wiki/Q1009979
2390,Lerida,Etranger,,,
2391,Lauchheim,Etranger,,,
2392,Dussnang,TG,47.4167,8.96667,https://www.wikidata.org/wiki/Q1267662
2393,Gelsenkirchen,Etranger,51.51027777777778,7.094166666666666,https://www.wikidata.org/wiki/Q2765
2394,Leverkusen,Etranger,,,
2395,Lausanne,VS,46.533333333333,6.6333333333333,https://www.wikidata.org/wiki/Q807
2396,Geesthacht,Etranger,,,
2397,Tel Aviv,Etranger,32.08,34.78,https://www.wikidata.org/wiki/Q33935
2398,Saint-Brieuc,Etranger,,,
2399,La Paz,Etranger,,,
2400,Örkelljunga,Etranger,56.283478469695,13.288120659266,https://www.wikidata.org/wiki/Q297922
2401,Bayonne,Etranger,,,
2402,Ehingen,Etranger,,,
2403,Altdorf,Uri,,,
2404,Combremont-le-Petit,VD,46.75,6.8166666666667,https://www.wikidata.org/wiki/Q669555
2405,Bassersdorf,ZH,,,
2406,Etat de New-York,Etranger,,,
2407,Farsala,Etranger,39.283333333333,22.383333333333,https://www.wikidata.org/wiki/Q985596
2408,Duffel (Anvers),Etranger,,,
2409,Tremessen (Posnanie),Etranger,,,
2410,Gevelsberg,Etranger,,,
2411,Troyes,Etranger,,,
2412,Hoensbroek,Etranger,50.916666666667,5.9333333333333,https://www.wikidata.org/wiki/Q783094
2413,Edlibach,ZG,,,
2414,Neuenhof,AG,,,
2415,Saint-Gingolph,VS,,,
2416,Savagnier,NE,47.05,6.95,https://www.wikidata.org/wiki/Q70483
2417,Blumenau,Etranger,,,
2418,Près de Francfort,Etranger,,,
2419,Salgesch,VS,,,
2420,Hochdorf,LU,,,
2421,Liddes,VS,,,
2422,Giez,VD,,,
2423,Vals,GR,,,
2424,Perlen,LU,,,
2425,Sessa,TI,,,
2426,Geneva,Ge,46.2,6.15,https://www.wikidata.org/wiki/Q71
2427,Corseaux-sur-Vevey,VD,,,
2428,Rekingen,AG,,,
2429,Valeyres-sous-Rances,VD,,,
2430,"Bülach, Rafz (ZH)",ZH,,,
2431,Dürrenroth,BE,47.08816,7.7913,https://www.wikidata.org/wiki/Q22609464
2432,Endingen am Kaiserstuhl,Etranger,,,
2433,Sydney,Etranger,,,
2434,Ermensee,LU,,,
2435,Glaris Sud,GL,,,
2436,Lignerolle,VD,,,
2437,Riaz,FR,46.64224,7.06183,https://www.wikidata.org/wiki/Q22373896
2438,Gurtendorf bei Wabern,BE,,,
2439,Volketswil,ZH,47.390555555556,8.6952777777778,https://www.wikidata.org/wiki/Q69754
2440,Versam,GR,,,
2441,Erlenbach,ZG,47.304444444444,8.5922222222222,https://www.wikidata.org/wiki/Q69203
2442,Berne,LU,,,
2443,Comano,TI,,,
2444,Erlenbach im Simmental,BE,46.66021,7.55445,https://www.wikidata.org/wiki/Q22419144
2445,Udupi,Etranger,13.332222222222,74.746111111111,https://www.wikidata.org/wiki/Q584295
2446,Saillon,VS,46.166666666667,7.1833333333333,https://www.wikidata.org/wiki/Q70710
2447,Hagenbuch,ZH,,,
2448,Gordola,TI,,,
2449,Gossliwil,SO,47.1375,7.4347222222222,https://www.wikidata.org/wiki/Q67916
2450,Rüfenach,AG,,,
2451,Stettlen,BE,46.95835,7.52508,https://www.wikidata.org/wiki/Q22393385
2452,Rohren-Toos,TG,,,
2453,Flims,GR,,,
2454,Trub,BE,,,
2455,Wildhaus,SG,47.199722222222,9.3497222222222,https://www.wikidata.org/wiki/Q597413
2456,Bünzen,AG,,,
2457,Wavre,NE,,,
2458,Wauwil,LU,,,
2459,Beinwil (Freiamt),AG,,,
2460,Sonogno,TI,46.35,8.7833333333333,https://www.wikidata.org/wiki/Q70699
2461,Bosco Gurin,TI,,,
2462,Founex,VD,46.33277,6.19243,https://www.wikidata.org/wiki/Q22498734
2463,Prangins,VD,46.39396,6.24948,https://www.wikidata.org/wiki/Q22562712
2464,Mittelhäusern,BE,46.87653,7.36796,https://www.wikidata.org/wiki/Q63789984
2465,Bettswil,ZH,47.3325,8.87715,https://www.wikidata.org/wiki/Q22701271
2466,Bäretswil,ZH,,,
2467,Feusisberg,SZ,47.18707,8.74724,https://www.wikidata.org/wiki/Q22463784
2468,Pfungen,ZH,47.51394,8.6423,https://www.wikidata.org/wiki/Q22535357
2469,Badenweiler,Etranger,,,
2470,Brügglen,SO,,,
2471,Bleiken,TG,,,
2472,Achern,Etranger,,,
2473,Bodenfelde an der Weser (Basse-Saxe),Etranger,,,
2474,Bärschwil,SO,47.3822,7.47229,https://www.wikidata.org/wiki/Q22369806
2475,Nänikon,ZH,,,
2476,Schloss Reichenau,GR,,,
2477,Cologne,Etranger,50.942222222222,6.9577777777778,https://www.wikidata.org/wiki/Q365
2478,Thessaloniki,Etranger,40.640277777777776,22.935555555555556,https://www.wikidata.org/wiki/Q17151
2479,Agiez,VD,46.716666666667,6.5,https://www.wikidata.org/wiki/Q43188
2480,Klosters,GR,,,
2481,Chingford,Etranger,51.631,0.016,https://www.wikidata.org/wiki/Q3778007
2482,Wyden,AG,,,
2483,Noiraigue,NE,46.95,6.7166666666667,https://www.wikidata.org/wiki/Q661817
2484,Veyrier,GE,46.16699,6.18436,https://www.wikidata.org/wiki/Q22419003
2485,Emmenweid,LU,,,
2486,Berlin,ZH,,,
2487,Broc,FR,46.60513,7.09891,https://www.wikidata.org/wiki/Q22596066
2488,Sâles,FR,,,
2489,Worb,BE,46.92984,7.56306,https://www.wikidata.org/wiki/Q22637066
2490,Trüllikon,ZH,,,
2491,Golaten,BE,46.983333333333,7.2333333333333,https://www.wikidata.org/wiki/Q67406
2492,Toledo,Etranger,,,
2493,Lungern,OW,46.78678,8.16736,https://www.wikidata.org/wiki/Q22606190
2494,Schafisheim,AG,47.37529,8.14076,https://www.wikidata.org/wiki/Q22441049
2495,Hammern,Etranger,,,
2496,Irgenhausen,ZH,,,
2497,Winznau,SO,,,
2498,Doncaster,Etranger,,,
2499,Vendlincourt,BE,47.45193,7.14692,https://www.wikidata.org/wiki/Q22413544
2500,Oberendingen,AG,47.53636,8.29339,https://www.wikidata.org/wiki/Q22702045
2501,Arni bei Biglen,BE,,,
2502,Wollishofen,ZH,47.343944444444,8.5301138888889,https://www.wikidata.org/wiki/Q642353
2503,Constantinople,Etranger,,,
2504,Heidelsheim,Etranger,49.1003,8.6466,https://www.wikidata.org/wiki/Q28786228
2505,Céligny,GE,46.35069,6.195,https://www.wikidata.org/wiki/Q22455957
2506,Davos Glaris,GR,46.7414,9.77667,https://www.wikidata.org/wiki/Q1178318
2507,Blonay,VD,46.466666666667,6.9,https://www.wikidata.org/wiki/Q52266
2508,Ursenbach,BE,,,
2509,Menzberg,LU,47.04055556,7.99722222,https://www.wikidata.org/wiki/Q1921004
2510,Basel,BS,47.560555555556,7.5905555555556,https://www.wikidata.org/wiki/Q78
2511,Müswangen,LU,47.237777777778,8.2883333333333,https://www.wikidata.org/wiki/Q669332
2512,Kämmoos/Bübikon,ZH,,,
2513,Oron-la-Ville,VD,46.566666666667,6.8333333333333,https://www.wikidata.org/wiki/Q689091
2514,Mosnang,SG,47.3625,9.0430555555556,https://www.wikidata.org/wiki/Q22400547
2515,Enge (auj. Zurich),ZH,,,
2516,Ostermundigen,BE,,,
2517,Somvix (Sumvigt),GR,,,
2518,Mühleberg,BE,46.95466,7.26102,https://www.wikidata.org/wiki/Q22643710
2519,Zug,Zg,47.168055555555554,8.516944444444444,https://www.wikidata.org/wiki/Q68144
2520,Pise,Etranger,,,
2521,Splügen,GR,,,
2522,Filisur,GR,46.672222222222,9.6875,https://www.wikidata.org/wiki/Q66214
2523,Ormalingen,BL,47.46936,7.87248,https://www.wikidata.org/wiki/Q22449071
2524,Tüscherz-Alfermée,BE,47.1,7.1833333333333,https://www.wikidata.org/wiki/Q688554
2525,Oberbuchsiten,SO,,,
2526,Schmitten,FR,,,
2527,Hilterfingen,BE,46.73521,7.66185,https://www.wikidata.org/wiki/Q22626375
2528,Gais,AR,,,
2529,Rickenbach bei Wil,TG,,,
2530,Muri,BE,47.274722222222,8.3416666666667,https://www.wikidata.org/wiki/Q69011
2531,Metzerlen-Mariastein,SO,,,
2532,Bournemouth,Etranger,,,
2533,Aesch bei Birmensdorf,ZH,,,
2534,Angoulème,Etranger,,,
2535,Wildegg,AG,47.41865,8.17015,https://www.wikidata.org/wiki/Q56342147
2536,Padang,Etranger,,,
2537,Flums,SG,,,
2538,Endingen,AG,,,
2539,Urnäsch,AR,47.31669,9.2795,https://www.wikidata.org/wiki/Q22398526
2540,Hottingen,ZH,,,
2541,Cernobbio (Lombardie),Etranger,,,
2542,Lommis,TG,47.51729,8.99669,https://www.wikidata.org/wiki/Q22647570
2543,Euseigne,VS,46.171667,7.422778,https://www.wikidata.org/wiki/Q971334
2544,Bodio,TI,,,
2545,Kradolf,TG,47.53333333,9.2,https://www.wikidata.org/wiki/Q6435794
2546,Ringgenberg,BE,46.70114,7.89445,https://www.wikidata.org/wiki/Q22385186
2547,Givisiez,FR,46.81201,7.12639,https://www.wikidata.org/wiki/Q22645650
2548,Guemligen,BE,,,
2549,Sudbury,Etranger,,,
2550,Brandenburg an der Havel,Etranger,52.414138888888886,12.554083333333333,https://www.wikidata.org/wiki/Q3931
2551,Wattwil,SO,47.29955,9.08657,https://www.wikidata.org/wiki/Q22555103
2552,Weggis,LU,47.03208,8.43219,https://www.wikidata.org/wiki/Q22559314
2553,Vacallo,TI,,,
2554,Mauensee,LU,47.16847,8.06617,https://www.wikidata.org/wiki/Q22453881
2555,Schöftland,AG,47.30572,8.05138,https://www.wikidata.org/wiki/Q22548656
2556,Kappelen,BE,47.06015,7.2686,https://www.wikidata.org/wiki/Q22535146
2557,Kobe,Etranger,,,
2558,Zollikofen,BE,46.999722222222,7.4569444444444,https://www.wikidata.org/wiki/Q69675
2559,Senarclens,VD,,,
2560,Soral,GE,,,
2561,Reust,BE,50.8319,12.2008,https://www.wikidata.org/wiki/Q1739954
2562,Götighofen,TG,47.5363,9.2172,https://www.wikidata.org/wiki/Q15818800
2563,Daviaz,VS,,,
2564,Salvenach,FR,46.916666666667,7.15,https://www.wikidata.org/wiki/Q69902
2565,Wolhusen,LU,47.05983,8.07389,https://www.wikidata.org/wiki/Q22632439
2566,Conthey,VS,,,
2567,Vignogn,GR,46.683055555556,9.1497222222222,https://www.wikidata.org/wiki/Q65567
2568,Granges,VS,46.258333,7.463333,https://www.wikidata.org/wiki/Q14906046
2569,Anrath,Etranger,,,
2570,Lauterbrunnen,BE,46.599722222222,7.9086111111111,https://www.wikidata.org/wiki/Q64011
2571,Nebikon,LU,47.19257,7.97806,https://www.wikidata.org/wiki/Q22589894
2572,Schongau,LU,,,
2573,Sumvitg,GR,,,
2574,Sarn,GR,,,
2575,Reitnau,AG,,,
2576,Malters,LU,47.03628,8.18193,https://www.wikidata.org/wiki/Q22391884
2577,Epsach,BE,,,
2578,Sennwald,SG,,,
2579,Gebenstorf,AG,47.48136,8.23949,https://www.wikidata.org/wiki/Q22633025
2580,Montcherand,VD,,,
2581,Kesswil,TG,47.5935,9.31723,https://www.wikidata.org/wiki/Q22388447
2582,Altstätten,ZH,47.37766,9.54746,https://www.wikidata.org/wiki/Q56435459
2583,Neuegg (comm. Rüegsau),BE,,,
2584,Steinenbrünnen (comm. Wahlern),BE,,,
2585,Dinhard,ZH,,,
2586,Adlikon,ZH,,,
2587,Müllheim,TG,,,
2588,Niedermuhlern,BE,,,
2589,Courgevaux,FR,46.90648,7.11215,https://www.wikidata.org/wiki/Q67456
2590,Silenen,UR,,,
2591,Beinwil,AG,,,
2592,Anchettes,VS,,,
2593,Portalban,FR,46.9181,6.9562,https://www.wikidata.org/wiki/Q10637952
2594,Gretschins,SG,47.0977,9.4855,https://www.wikidata.org/wiki/Q1512869
2595,Rüti,GL,46.937777777778,9.0163888888889,https://www.wikidata.org/wiki/Q660067
2596,Itaslen,TG,,,
2597,Schwellbrunn,AR,47.35255,9.24894,https://www.wikidata.org/wiki/Q22548256
2598,Schmiedrued,AG,,,
2599,Bangerten,BE,,,
2600,Flerden,GR,,,
2601,Wattwiller (Alsace),Etranger,,,
2602,Seengen,AG,47.32852,8.20509,https://www.wikidata.org/wiki/Q22559065
2603,Wängi,TG,,,
2604,Spengelried (comm. Mühleberg),BE,,,
2605,Reppischmühle (comm. Dietikon),ZH,,,
2606,Russo,TI,,,
2607,Neunforn,TG,,,
2608,Collombey-Muraz,VS,,,
2609,Arogno,TI,45.966666666667,8.9833333333333,https://www.wikidata.org/wiki/Q68449
2610,Hemmerswil (auj. comm. Amriswil),TG,,,
2611,Chêne-Bourg,GE,46.19534,6.19406,https://www.wikidata.org/wiki/Q22488659
2612,Altendorf,SZ,,,
2613,Lampenberg,BL,47.42559,7.75884,https://www.wikidata.org/wiki/Q22358042
2614,Ebnat,SG,,,
2615,Loèche,VS,,,
2616,Enggistein,BE,46.93348,7.59787,https://www.wikidata.org/wiki/Q126277544
2617,Nesslau,SG,47.22694444444444,9.200111111111111,https://www.wikidata.org/wiki/Q61721821
2618,Bärenwil bei Langenbruck,BL,,,
2619,Tablat,SG,,,
2620,Bovenden bei Göttingen,Etranger,,,
2621,Untervaz,GR,,,
2622,Les Echerins (Lutry),VD,,,
2623,Hellsau,BE,,,
2624,Signy-Avenex,VD,,,
2625,Böblingen (Wurtemberg),Etranger,,,
2626,Castiel,GR,,,
2627,Bussy,FR,,,
2628,Saint-Martin,VS,,,
2629,Aetingen,SO,47.133055555556,7.5055555555556,https://www.wikidata.org/wiki/Q66468
2630,Schlatt,ZH,,,
2631,Lisora (comm. Monteggio),TI,,,
2632,Plan-les-Ouates,GE,46.166666666667,6.1166666666667,https://www.wikidata.org/wiki/Q65273
2633,Tägerwilen,TG,47.65698,9.13999,https://www.wikidata.org/wiki/Q22378830
2634,San Vittore,GR,,,
2635,Busslingen,AG,,,
2636,Obergösgen,SO,47.36406,7.95275,https://www.wikidata.org/wiki/Q22420400
2637,Egerkingen,SO,47.31957,7.78424,https://www.wikidata.org/wiki/Q22375175
2638,Naters,VS,46.32536,7.98912,https://www.wikidata.org/wiki/Q54963861
2639,Brig-Glis,VS,,,
2640,Mariahilf (comm. Guin),FR,,,
2641,Chalais,VS,,,
2642,Saint-Pierre-de-Clages (comm. Chamoson),VS,,,
2643,Grand-Lancy,GE,,,
2644,Hendschiken,AG,47.38648,8.21782,https://www.wikidata.org/wiki/Q22616490
2645,Gonten,AI,,,
2646,Starrkirch,SO,,,
2647,Winkeln (comm. Saint-Gall),SG,,,
2648,Jouxtens-Mézery,VD,,,
2649,Ascona,TI,,,
2650,L'Haÿ-les-Roses,Etranger,,,
2651,Andernach/Rhein,Etranger,,,
2652,Cambrai,Etranger,-34.65,139.283,https://www.wikidata.org/wiki/Q5025235
2653,Cincinnati,Etranger,39.1,-84.5125,https://www.wikidata.org/wiki/Q43196
2654,Schleswig,Etranger,,,
2655,Donzhausen,TG,47.5555,9.1974,https://www.wikidata.org/wiki/Q15806331
2656,Küssnacht,SZ,47.08557,8.44206,https://www.wikidata.org/wiki/Q22565125
2657,Wuppenau ou Wil,TG ou SG,,,
2658,Rebstein,SG,,,
2659,Sandgrub-Liebenau,Etranger,,,
2660,Gauselfingen,Etranger,48.2757,9.167,https://www.wikidata.org/wiki/Q1496276
2661,Sankt-Fiden,SG,,,
2662,Crest (Drôme),Etranger,,,
2663,Bruzella,TI,45.883333333333,9.0333333333333,https://www.wikidata.org/wiki/Q639028
2664,Nuolen,SZ,47.199722222222,8.8833333333333,https://www.wikidata.org/wiki/Q687848
2665,Ems-Domat,GR,,,
2666,Villeret,BE,,,
2667,Aschaffenburg,Etranger,,,
2668,Olten,AG,47.353055555556,7.9077777777778,https://www.wikidata.org/wiki/Q68129
2669,Luino,Etranger,46.00185,8.74512,https://www.wikidata.org/wiki/Q30026769
2670,Malagny,GE,46.27015,6.158553,https://www.wikidata.org/wiki/Q99437613
2671,"Liepaja, (Russie, aujourd'hui Lettonie)",Etranger,,,
2672,Witikon (auj. comm. Zurich),ZH,,,
2673,Etoy,VD,,,
2674,Corsier,GE,46.26297,6.22461,https://www.wikidata.org/wiki/Q22351925
2675,Verscio,TI,46.183333333333,8.7333333333333,https://www.wikidata.org/wiki/Q67662
2676,Trogen,AI,,,
2677,Dongio,TI,46.433333333333,8.95,https://www.wikidata.org/wiki/Q1651126
2678,Bioggio (Massagno),TI,,,
2679,Camorino,TI,,,
2680,Melano,TI,,,
2681,Wittwil (Staffelbach),AG,,,
2682,Morschwiller-le-Bas (Alsace),Etranger,,,
2683,Vernand-près-Lausanne,VD,,,
2684,Sézegnin (comm. Avusy),GE,,,
2685,Cugy,FR,46.81479,6.88888,https://www.wikidata.org/wiki/Q22547699
2686,Vailly-sur-Aisne,Etranger,,,
2687,Ensisheim (Alsace),Etranger,,,
2688,Bürglen,UR,,,
2689,"Poissy, Seine-et-Oise",Etranger,,,
2690,Berg (TG),TG,,,
2691,Göppingen (Bade),Etranger,,,
2692,Rottenschwil,AG,,,
2693,Frontenex (comm. Cologny),GE,,,
2694,Matt,GL,,,
2695,Möriken,AG,,,https://www.wikidata.org/wiki/Q121434847
2696,Steinegg,AI,,,
2697,Schötz,LU,47.16896,7.9887,https://www.wikidata.org/wiki/Q22548852
2698,Gontenbad,AI,47.333130555555556,9.373669444444445,https://www.wikidata.org/wiki/Q106595911
2699,Eschlikon,TG,,,
2700,Rünenberg,BL,47.43477,7.8829,https://www.wikidata.org/wiki/Q22369921
2701,Schiltigheim (Basse-Alsace),Etranger,,,
2702,Böckten,BL,,,
2703,Tuggen,SZ,47.20291,8.94896,https://www.wikidata.org/wiki/Q22540496
2704,Einsiedeln,SZ?,,,
2705,Dallenwil,NW,46.9242,8.38785,https://www.wikidata.org/wiki/Q22555935
2706,Oberdorf,NW,,,
2707,Näfels,OW,,,
2708,Engelberg,NW,46.820555555556,8.4027777777778,https://www.wikidata.org/wiki/Q64108
2709,Saxon,VS,,,
2710,Oberstrass,ZH,,,
2711,Aadorf,TG,47.49204,8.90099,https://www.wikidata.org/wiki/Q56434808
2712,Hemmental,SH,47.733055555556,8.5830555555556,https://www.wikidata.org/wiki/Q662513
2713,Ründeroth b Köln,Etranger,,,
2714,Horn,Etranger,,,
2715,Fez,Etranger,34.04333333333334,-5.003333333333333,https://www.wikidata.org/wiki/Q80985
2716,Ruschein,GR,46.783055555556,9.1833333333333,https://www.wikidata.org/wiki/Q66006
2717,Port Elizabeth,Etranger,,,
2718,Belfort,Etranger,,,
2719,San Salvador,Etranger,,,
2720,Öhringen,Etranger,49.2,9.5,https://www.wikidata.org/wiki/Q294783
2721,Hall (Tirol),Etranger,,,
2722,Burnley,Etranger,53.788888888889,-2.2480555555556,https://www.wikidata.org/wiki/Q209096
2723,Buchholterberg,BE,46.813611111111,7.6747222222222,https://www.wikidata.org/wiki/Q22603197
2724,Quebec City,Etranger,46.816111,-71.224167,https://www.wikidata.org/wiki/Q2145
2725,Gilly,Etranger,,,
2726,Vinzel,VD,46.44827,6.27817,https://www.wikidata.org/wiki/Q22425277
2727,Berlin,étranger,,,
2728,Coutances,GE,49.045277777778,-1.4452777777778,https://www.wikidata.org/wiki/Q202565
2729,Liebwalde (Prusse orientale),Etranger,,,
2730,Maur,ZH,,,
2731,Bassins,VD,46.466666666667,6.2333333333333,https://www.wikidata.org/wiki/Q43243
2732,Tier,Etranger,,,
2733,Lignières,NE,,,
2734,Colombo,Etranger,,,
2735,Bahia,Etranger,,,
2736,Hessen,Etranger,52.0183,10.7805,https://www.wikidata.org/wiki/Q896361
2737,Acquarossa,TI,,,
2738,Wales,Etranger,,,
2739,Thörigen,BE,,,
2740,Honnef,Etranger,,,
2741,Friedrich-Wilhelms-Hütte (auj. Troisdorf),Etranger,,,
2742,Laufen-Uhwiesen,ZH,,,
2743,Fourneaux près de Modane,Etranger,,,
2744,Hüttwilen,TG,47.60674,8.87343,https://www.wikidata.org/wiki/Q22652813
2745,Zwochau (Saxe),Etranger,,,
2746,Poznan,Etranger,,,
2747,Rimini (Forli),Etranger,,,
2748,Asnières-sur-Seine (Ile-de-France),Etranger,,,
2749,Nijmegen,Etranger,51.8425,5.85278,https://www.wikidata.org/wiki/Q13188714
2750,Châtillens,VD,46.566666666667,6.8,https://www.wikidata.org/wiki/Q678690
2751,Les Planches-sur-Montreux,VD,,,
2752,Kraków,Etranger,50.061388888889,19.937222222222,https://www.wikidata.org/wiki/Q31487
2753,Jessenetz bei Konitz,Etranger,,,
2754,Rombach (comm. Küttigen),AG,,,
2755,Lecco (Come),Etranger,,,
2756,Stockach (Bade),Etranger,,,
2757,Lerbach (Hannover),Etranger,,,
2758,Paderborn,Etranger,,,
2759,Grünstadt,Etranger,,,
2760,"Fiesole, Florence",Etranger,,,
2761,Hildesheim,Etranger,,,
2762,Fiaugères,FR,,,
2763,Dippach (Luxembourg),Etranger,,,
2764,"Myszków, près de Poznań (Prusse, auj. Pologne)",Etranger,,,
2765,Puławy (Pologne autrichienne),Etranger,,,
2766,Ersigen,BE,47.09368,7.59507,https://www.wikidata.org/wiki/Q22420533
2767,Usingen (Hesse),Etranger,,,
2768,Grosshockenheim,Etranger,,,
2769,Beaumont (Auvergne),Etranger,,,
2770,Horn (auj. quartier de Brême),Etranger,,,
2771,Wesel (Rhénanie),Etranger,,,
2772,Pouilly-sur-Saône,Etranger,,,
2773,"Bobrezowo (gouvernement de Vologda, Russie)",Etranger,,,
2774,Praz,FR,,,
2775,Pfeffingen,BL,,,
2776,Elberfeld (auj. Wuppertal),Etranger,,,
2777,Kastelruth (Tirol),Etranger,,,
2778,Radkersburg (Styrie),Etranger,,,
2779,"Kremenets (Russie, auj. Ukraine)",Etranger,,,
2780,Hechtsberg (Bade),Etranger,,,
2781,Tschugg,BE,,,
2782,Bowil,BE,46.89304,7.69757,https://www.wikidata.org/wiki/Q22581925
2783,St Veit an der Glan (Kärnten),Etranger,,,
2784,Esslingen am Neckar (Württemberg),Etranger,,,
2785,Pohlern bei Thoune,BE,,,
2786,Ham bei Hamburg,Etranger,,,
2787,"Saint-Ay, Loiret",Etranger,,,
2788,Arnhem,Etranger,51.983333333333,5.9166666666667,https://www.wikidata.org/wiki/Q1310
2789,Voerde in Westfalen,Etranger,,,
2790,Hittnau,ZH,,,
2791,Guben (Basse-Lusace),Etranger,,,
2792,Kürenz (auj. quartier de Trèves),Etranger,,,
2793,Indersdorf (Bavière),Etranger,,,
2794,Brilon (Westphalie),Etranger,,,
2795,Beiersdorf,Etranger,,,
2796,Allondans (Franche-Comté),Etranger,,,
2797,Gernsbach (Bade),Etranger,,,
2798,Oetwil am See,ZH,,,
2799,Berneck (Haute-Franconie),Etranger,,,
2800,Kyiv,Etranger,50.45,30.523611111111,https://www.wikidata.org/wiki/Q1899
2801,Charlottenburg,Etranger,,,
2802,Montevideo,Etranger,,,
2803,Breckerfeld (Westphalie),Etranger,,,
2804,Illnau,ZH,,,
2805,Unterlangenegg,BE,,,
2806,Chomutov,Etranger,,,
2807,Halberstadt,Etranger,51.895833333333,11.046666666667,https://www.wikidata.org/wiki/Q7072
2808,Forchheim (Saxe),Etranger,,,
2809,Flamatt,FR,46.88994,7.32204,https://www.wikidata.org/wiki/Q22700500
2810,Phyangtong,Etranger,,,
2811,La Joux,FR,46.633341,6.933334,https://www.wikidata.org/wiki/Q1117955
2812,Sarrebourg (Moselle),Etranger,,,
2813,Chavannes-sous-Orsonnens,FR,,,
2814,Bannes,Etranger,47.981666666667,-0.35138888888889,https://www.wikidata.org/wiki/Q49345329
2815,Rheinland,Etranger,52.4166666666667,-106.500555555556,https://www.wikidata.org/wiki/Q115865986
2816,Lambach (Haute-Autriche),Etranger,,,
2817,Hochheim am Main (Hesse),Etranger,,,
2818,Mühlehorn,GL,47.118333333333,9.1730555555556,https://www.wikidata.org/wiki/Q661640
2819,Hauterive,FR,,,
2820,Lecce,Etranger,40.352011111111,18.169138888889,https://www.wikidata.org/wiki/Q13386
2821,Saint-Légier-La Chiésaz,VD,46.466666666667,6.8833333333333,https://www.wikidata.org/wiki/Q68432
2822,Nalliers (Vendée),Etranger,,,
2823,Bullet,VD,,,
2824,Rose-Hill,Etranger,,,
2825,"Sancoins, Cher",Etranger,,,
2826,Suchy,VD,,,
2827,"Rjeshitza, Rezekne",Etranger,,,
2828,Dabovo,Etranger,,,
2829,Serrières,NE,46.983333,6.903333,https://www.wikidata.org/wiki/Q3479987
2830,Neukirch an der Thur,TG,47.511,9.173,https://www.wikidata.org/wiki/Q7001862
2831,Amsteg,UR,,,
2832,Pinneberg (Schleswig-Holstein),Etranger,,,
2833,Cremin,VD,46.716666666667,6.8333333333333,https://www.wikidata.org/wiki/Q57119
2834,Paudex,VD,46.50548,6.66819,https://www.wikidata.org/wiki/Q22501878
2835,Schussenried (Wurtemberg),Etranger,,,
2836,Gräbschen (près de Breslau),Etranger,,,
2837,Schiers,GR,,,
2838,Detmold (Westphalie),Etranger,,,
2839,"Stettin (Poméranie, auj. Szczecin, Pologne)",Etranger,,,
2840,Posen/Poznan,Etranger,,,
2841,Altenklingen,TG,47.60283,9.07987,https://www.wikidata.org/wiki/Q56285451
2842,Casale Monferrato (Piémont),Etranger,,,
2843,Gryon,VD,,,
2844,Cittadella (Padoue),Etranger,,,
2845,Castro,TI,,,
2846,Pertuis,Etranger,,,
2847,Beatenberg,BE,46.69896,7.79428,https://www.wikidata.org/wiki/Q22351633
2848,Kernenried,BE,47.06968,7.54679,https://www.wikidata.org/wiki/Q22386367
2849,Livorno,Etranger,43.55,10.316666666667,https://www.wikidata.org/wiki/Q6761
2850,Chamonix-Mont-Blanc,Etranger,45.922222222222,6.8688888888889,https://www.wikidata.org/wiki/Q83236
2851,Jekaterinoslaw,Etranger,,,
2852,Boulogne Sur Mer,Etranger,-34.5,-58.566666666667,https://www.wikidata.org/wiki/Q2922134
2853,"Montargis, Loiret",Etranger,,,
2854,Kaiserslautern (Rhénanie-Palatinat),Etranger,,,
2855,Dantzig,Etranger,,,
2856,Auboranges,FR,,,
2857,"Gagnac, Lot",Etranger,,,
2858,Saarburg,Etranger,49.609166666667,6.5502777777778,https://www.wikidata.org/wiki/Q543639
2859,Strzegom,Etranger,50.95861111111111,16.348333333333333,https://www.wikidata.org/wiki/Q246288
2860,"Saint-Pierre-de-Trivizy, Tarn",Etranger,,,
2861,"Frameries, Hainaut",Etranger,,,
2862,Cherbourg,Etranger,,,
2863,La Neuveville,NE,47.0684,7.09955,https://www.wikidata.org/wiki/Q22655396
2864,Saint-Pierre (Martinique),Etranger,,,
2865,Saint-Fort-sur-Gironde (Poitou-Charentes),Etranger,,,
2866,Capellades (Catalogne),Etranger,,,
2867,Riedholz,SO,,,
2868,Douanne,BE,,,
2869,"Rougemont-le-Château, Belfort",Etranger,,,
2870,Vic sur Seille,Etranger,,,
2871,Traiguen,Etranger,,,
2872,Romans (Drôme),Etranger,,,
2873,Schwarmstedt (Basse-Saxe),Etranger,,,
2874,Kalisz (Pologne russe),Etranger,,,
2875,Otelfingen,ZH,47.46053,8.39141,https://www.wikidata.org/wiki/Q22452476
2876,Plzeň,Etranger,,,
2877,Idaho,Etranger,39.08805556,-83.14194444,https://www.wikidata.org/wiki/Q22133849
2878,Montlingen,SG,47.3346,9.58883,https://www.wikidata.org/wiki/Q1946364
2879,Oberthal,BE,,,
2880,Flensburg,Etranger,54.781944444444,9.4366666666667,https://www.wikidata.org/wiki/Q3798
2881,Sasbach bei Achern (Forêt-Noire),Etranger,,,
2882,Buttisholz,LU,47.11442,8.09425,https://www.wikidata.org/wiki/Q22363323
2883,Brunstatt,Etranger,,,
2884,Yiyang,Etranger,28.583333333333,112.33333333333,https://www.wikidata.org/wiki/Q416669
2885,Castelló de la Plana,Etranger,,,
2886,Buzau,Etranger,,,
2887,Losone,TI,46.16866,8.75928,https://www.wikidata.org/wiki/Q22659847
2888,Fontaines-sur-Grandson,VD,,,
2889,Zittau,Etranger,,,
2890,Lavey-Morcles,VD,,,
2891,Uetendorf,BE,46.773888888889,7.5725,https://www.wikidata.org/wiki/Q22380782
2892,Altenbögge,Etranger,51.59675,7.74583333,https://www.wikidata.org/wiki/Q19834454
2893,Trachselwald,BE,47.016944444444,7.7363888888889,https://www.wikidata.org/wiki/Q22520432
2894,Caudéran,Etranger,44.8512,-0.6169,https://www.wikidata.org/wiki/Q2943078
2895,Bristol,Etranger,,,
2896,Eggenburg,Etranger,,,
2897,Jaegerndorf,Etranger,,,
2898,Bitche,Etranger,,,
2899,Lodz,Etranger,,,
2900,Bursinel,VD,46.43957,6.30581,https://www.wikidata.org/wiki/Q22353365
2901,Wittlich,Etranger,49.986944444444,6.8897222222222,https://www.wikidata.org/wiki/Q559514
2902,Schwenningen (Wurtemberg),Etranger,,,
2903,Ixelles,Etranger,,,
2904,Erfurt,Etranger,,,
2905,Rubigen,BE,46.89868,7.5446,https://www.wikidata.org/wiki/Q22473460
2906,Mexico,Etranger,,,
2907,Geuensee,LU,47.1997,8.10689,https://www.wikidata.org/wiki/Q22638501
2908,Kosice,Etranger,,,
2909,Jauer,Etranger,,,
2910,Seon,AG,47.3449,8.15607,https://www.wikidata.org/wiki/Q22563067
2911,Jhelum,Etranger,32.93333333333333,73.73333333333333,https://www.wikidata.org/wiki/Q121551
2912,Ilford,Etranger,,,
2913,Krefeld,Etranger,51.333333333333,6.5666666666667,https://www.wikidata.org/wiki/Q2805
2914,Novi Sad,Etranger,45.264444444444,19.831666666667,https://www.wikidata.org/wiki/Q55630
2915,nord de la france,Etranger,,,
2916,Kladno,Etranger,,,
2917,Villanueva de Córdoba,Etranger,38.32277,-4.62873,https://www.wikidata.org/wiki/Q24011686
2918,"Meaux, Seine et Marne",Etranger,,,
2919,Naumburg,Etranger,51.152095,11.809819,https://www.wikidata.org/wiki/Q15986
2920,Tarakan,Etranger,3.3,117.63333333333,https://www.wikidata.org/wiki/Q14501
2921,Nove Mesto nad Metuji,Etranger,,,
2922,Waltershausen (Thuringe),Etranger,,,
2923,Sari,Etranger,,,
2924,"Empoli, Florence",Etranger,,,
2925,Valentigney (Franche-Comté),Etranger,,,
2926,Luck,Etranger,,,
2927,Moutiers,Etranger,47.966666666667,-1.2138888888889,https://www.wikidata.org/wiki/Q35734990
2928,Kaunas,Etranger,,,
2929,Iseltwald,BE,46.71076,7.96415,https://www.wikidata.org/wiki/Q22450923
2930,Chernyakhovsk,Etranger,54.633333333333,21.816666666667,https://www.wikidata.org/wiki/Q5655
2931,Leiden,Etranger,,,
2932,"Figline Valdarno, Florence",Etranger,,,
2933,"Pontarlier, Doubs",Etranger,,,
2934,Cysoing,Etranger,,,
2935,Selb (Bayern),Etranger,,,
2936,Bell (Eifel),Etranger,,,
2937,Retford,Etranger,53.3169,-0.9408,https://www.wikidata.org/wiki/Q2462685
2938,Morlaix (Bretagne),Etranger,,,
2939,Kalima,Etranger,,,
2940,Neishabour,Etranger,,,
2941,Ludwigshafen,Etranger,,,
2942,Rodewisch,Etranger,,,
2943,Wernburg (Thuringe),Etranger,,,
2944,Hammond,Etranger,41.6111,-87.4931,https://www.wikidata.org/wiki/Q856860
2945,Fürth,Etranger,,,
2946,Pilsen,Etranger,,,
2947,Sankt Goarshausen,Etranger,50.154722222222,7.7163888888889,https://www.wikidata.org/wiki/Q564757
2948,Zrenjanin,Etranger,45.377777777778,20.386111111111,https://www.wikidata.org/wiki/Q201125
2949,Burg (Süderdithmarschen),Etranger,,,
2950,Lommel,Etranger,,,
2951,Baarland,Etranger,51.4083,3.885,https://www.wikidata.org/wiki/Q797495
2952,Tinzen,GR,,,
2953,Nordhausen,Etranger,51.505,10.791111111111,https://www.wikidata.org/wiki/Q7033
2954,"Lice (kurde Piran, province de Diyarbakir)",Etranger,,,
2955,Bischofshofen,Etranger,,,
2956,Beli Manastir,Etranger,45.766666666667,18.6,https://www.wikidata.org/wiki/Q397645
2957,Salavaux,VD,,,
2958,Peterborough,Etranger,,,
2959,Pavie,Etranger,,,
2960,"Raiatea (Uturoa, Iles sous le vent)",Etranger,,,
2961,Norfolk,Etranger,,,
2962,"Umanak, Groenland",Etranger,,,
2963,Kampen,Etranger,,,
2964,Burgsteinfurt,Etranger,52.15,7.35,https://www.wikidata.org/wiki/Q9182180
2965,Schiedam,Etranger,51.916666666667,4.4,https://www.wikidata.org/wiki/Q204709
2966,Mayen,Etranger,,,
2967,Charmoille,JU,47.416666666667,7.2,https://www.wikidata.org/wiki/Q668749
2968,"Neuwiller, Haut-Rhin",Etranger,,,
2969,Münchberg,Etranger,,,
2970,Lüdinghausen,étranger,,,
2971,Tarbes,Etranger,,,
2972,Sainte-Elisabeth/Joliette,Etranger,,,
2973,Rheinbach,Etranger,,,
2974,Wikon,LU,,,
2975,Hard,Etranger,,,
2976,Altötting,Etranger,,,
2977,"Casalmaggiore, Cremona",Etranger,,,
2978,Southampton,Etranger,,,
2979,Fachsenfeld,Etranger,48.884444444444,10.046666666667,https://www.wikidata.org/wiki/Q1391491
2980,Bözen,AG,,,
2981,Örnsköldsvik,Etranger,63.265490487805,18.676183350641,https://www.wikidata.org/wiki/Q28327
2982,Blida,Etranger,,,
2983,Edesheim/Pfalz,Etranger,,,
2984,Wolfsburg,Etranger,,,
2985,Moers,Etranger,,,
2986,Esslingen am Neckar,Etranger,,,
2987,Puerto-Rico,Etranger,,,
2988,Oran,Etranger,,,
2989,"Brownsville, Pennsylvanie",Etranger,,,
2990,Neugersdorf in Sachsen,Etranger,,,
2991,Munich,étranger,48.1375,11.575,https://www.wikidata.org/wiki/Q1726
2992,Kansas City,Etranger,,,
2993,Turtmann,VS,46.301943,7.703883,https://www.wikidata.org/wiki/Q70054
2994,"Sallanches, Haute-Savoie",Etranger,,,
2995,Neumünster,Etranger,,,
2996,Al Khums,Etranger,32.649722222222,14.264444444444,https://www.wikidata.org/wiki/Q310381
2997,Posen,Etranger,,,
2998,Palermo,Etranger,38.115658055555556,13.361261944444445,https://www.wikidata.org/wiki/Q2656
2999,Bad Essen,Etranger,,,
3000,Varnsdorf,Etranger,,,
3001,Colombes,Etranger,48.923611111111,2.2522222222222,https://www.wikidata.org/wiki/Q174002
3002,Oberzeiring,Etranger,47.25,14.483333333333,https://www.wikidata.org/wiki/Q684378
3003,Baden,ZH,,,
3004,Douala,Etranger,4.05,9.7,https://www.wikidata.org/wiki/Q132830
3005,Cavergno,TI,46.333333333333,8.6,https://www.wikidata.org/wiki/Q76476
3006,Cambridge,Etranger,,,
3007,Aix-en-Provence,Etranger,43.527777777778,5.4455555555556,https://www.wikidata.org/wiki/Q47465
3008,Meldorf,Etranger,54.083333333333336,9.066666666666666,https://www.wikidata.org/wiki/Q498545
3009,Anderlecht,Etranger,50.839166666666664,4.329722222222222,https://www.wikidata.org/wiki/Q12886
3010,Betschkerek im Banat,Etranger,,,
3011,Offenburg,Etranger,,,
3012,St-Aubin,NE,,,
3013,Backnang,Etranger,,,
3014,Arnsdorf,Etranger,,,
3015,Eisenberg,Etranger,,,
3016,Preonzo,TI,46.266666666667,9,https://www.wikidata.org/wiki/Q70070
3017,Grandfontaine,JU,,,
3018,Louvain,Etranger,,,
3019,Pistoia,Etranger,,,
3020,Hillegom,Etranger,52.291666666666664,4.579444444444444,https://www.wikidata.org/wiki/Q932116
3021,Leonberg,Etranger,,,
3022,Wohlen bei Bern,BE,,,
3023,Świdnica,Etranger,50.84378,16.48859,https://www.wikidata.org/wiki/Q387396
3024,Minden,Etranger,,,
3025,Calw,Etranger,48.714444444444,8.7375,https://www.wikidata.org/wiki/Q487921
3026,Battle Creek,Etranger,,,
3027,Mittweida,Etranger,,,
3028,Pont l'Evêque,Etranger,,,
3029,Hawai,Etranger,,,
3030,Eberbach,Etranger,,,
3031,Sulz,Etranger,,,
3032,Neustadt an der Waldnaab,Etranger,,,
3033,Norwich,Etranger,,,
3034,Zweisimmen,BE,46.55452,7.37385,https://www.wikidata.org/wiki/Q12379369
3035,Aurillac,Etranger,,,
3036,Shawinigan,Etranger,46.5667,-72.75,https://www.wikidata.org/wiki/Q141980
3037,Szotland,Etranger,54.7875,18.4106,https://www.wikidata.org/wiki/Q671564
3038,Malines,Etranger,,,
3039,Avereest,Etranger,,,
3040,Helpsen,Etranger,52.31131,9.11676,https://www.wikidata.org/wiki/Q32056418
3041,Meiningen,Etranger,50.55,10.416666666667,https://www.wikidata.org/wiki/Q487278
3042,Vichy,étranger,38.1114,-91.7606,https://www.wikidata.org/wiki/Q3469317
3043,Ile de Wight,Etranger,,,
3044,London,Etranger,42.9837,-81.2497,https://www.wikidata.org/wiki/Q92561
3045,"Hittisau, Vorarlberg",Etranger,,,
3046,Durban,Etranger,,,
3047,Oulu,Etranger,,,
3048,Cincinnati,Etranger,,,
3049,Germersheim,Etranger,,,
3050,Detmold,Etranger,,,
3051,Elze,Etranger,,,
3052,Vorau,Etranger,,,
3053,Marburg,Etranger,50.816666666667,8.7666666666667,https://www.wikidata.org/wiki/Q3869
3054,Speyer a. Rh.,Etranger,,,
3055,Malmö,Etranger,,,
3056,Bludenz,Etranger,,,
3057,Wassenaar,Etranger,52.14527777777778,4.400555555555556,https://www.wikidata.org/wiki/Q505601
3058,Augustodunum,Etranger,46.95166667,4.29944444,https://www.wikidata.org/wiki/Q2871714
3059,Głogów,Etranger,51.658888888889,16.080277777778,https://www.wikidata.org/wiki/Q66013
3060,Wahlern,BE,46.816388888889,7.35,https://www.wikidata.org/wiki/Q869534
3061,Heitlern,Etranger,47.57914,10.55743,https://www.wikidata.org/wiki/Q126616178
3062,Koblenz,Etranger,50.359722222222,7.5977777777778,https://www.wikidata.org/wiki/Q3104
3063,St. Urban,LU,,,
3064,Heffingen,Etranger,49.77,6.24,https://www.wikidata.org/wiki/Q13103029
3065,Châteaudun,Etranger,,,
3066,Rocourt,Etranger,,,
3067,Kortrÿk,Etranger,,,
3068,Vernon,Etranger,,,
3069,Portici (Naples),Etranger,,,
3070,Rosario,étranger,,,
3071,"Momignies, Hainaut",Etranger,,,
3072,Merano,Etranger,,,
3073,Nenzing/Vorarlberg,Etranger,,,
3074,Putzleinsdorf,Etranger,48.518333333333,13.874444444444,https://www.wikidata.org/wiki/Q670221
3075,Bazna,Etranger,46.196666666667,24.282222222222,https://www.wikidata.org/wiki/Q812683
3076,Marl,Etranger,,,
3077,Biella,Etranger,45.566388888889,8.0533333333333,https://www.wikidata.org/wiki/Q18021
3078,Worms,Etranger,,,
3079,"Wauseon, Ohio",Etranger,,,
3080,Saint-Cloud,Etranger,,,
3081,Henniez,VD,,,
3082,Penthéréaz,VD,,,
3083,Bussigny,VD,,,
3084,Champagne,VD,,,
3085,La Côte-aux-Fées,NE,,,
3086,Gland,VD,46.416666666667,6.2666666666667,https://www.wikidata.org/wiki/Q69300
3087,Intragna,TI,,,
3088,Chamalières,Etranger,,,
3089,Colorado Springs,Etranger,,,
3090,Oberembrach,ZH,47.4878,8.61828,https://www.wikidata.org/wiki/Q22419944
3091,Holziken,AG,,,
3092,Lemgo,Etranger,,,
3093,Harare,Etranger,,,
3094,Geneva,Etranger,46.2,6.15,https://www.wikidata.org/wiki/Q71
3095,"Young America, Minnesota",Etranger,,,
3096,Mumpf,AG,47.54563,7.92123,https://www.wikidata.org/wiki/Q22578650
3097,Diepenbeek,Etranger,,,
3098,Zurich,Etranger,,,
3099,Etterbeek,Etranger,50.832222,4.388889,https://www.wikidata.org/wiki/Q66311780
3100,Quierschied,Etranger,49.31667,7.05,https://www.wikidata.org/wiki/Q32243073
3101,Flawil,Etranger,,,
3102,Rabat,Etranger,,,
3103,Hoogezand-Sappemeer,Etranger,,,
3104,Neyruz-sur-Moudon,VD,46.7,6.7833333333333,https://www.wikidata.org/wiki/Q70576
3105,Saigon,Etranger,,,
3106,Herzogenbuchsee,AG,47.18795,7.7062,https://www.wikidata.org/wiki/Q22619637
3107,Arcachon,Etranger,,,
3108,Sindelfingen,Etranger,,,
3109,Herznach,AG,47.474722222222,8.0513888888889,https://www.wikidata.org/wiki/Q67338
3110,Inkwil,BE,,,
3111,Diesbach,GL,,,
3112,Tangier,Etranger,35.776666666666664,-5.803888888888888,https://www.wikidata.org/wiki/Q126148
3113,Oberbüren,SG,,,
3114,Monforte de Lemos,Etranger,42.52165,-7.51422,https://www.wikidata.org/wiki/Q12393479
3115,Remscheid,Etranger,51.1798706,7.1943544,https://www.wikidata.org/wiki/Q3097
3116,Redcar,Etranger,54.618561111111,-1.0685611111111,https://www.wikidata.org/wiki/Q1193749
3117,Pfullendorf,Etranger,,,
3118,Bioggio,TI,46.01694444,8.90833333,https://www.wikidata.org/wiki/Q3640144
3119,Diégo-Suarez (Madagascar),Etranger,,,
3120,Cleveland,Etranger,,,
3121,Castagnola,TI,46.001661,8.979409,https://www.wikidata.org/wiki/Q25238183
3122,Bad Marienberg,Etranger,,,
3123,Entlebuch,Lucerne,46.99559,8.06354,https://www.wikidata.org/wiki/Q22414457
3124,Caransebeș,Etranger,45.421388888889,22.221944444444,https://www.wikidata.org/wiki/Q16898167
3125,Winden,TG,,,
3126,Boppelsen,ZH,47.46945,8.40614,https://www.wikidata.org/wiki/Q22580755
3127,Bernex,GE,,,
3128,Reinsberg,Etranger,,,
3129,Hanau,Etranger,,,
3130,Etziken,SO,,,
3131,Coburg,Etranger,,,
3132,Frischborn,Etranger,50.610555555556,9.3652777777778,https://www.wikidata.org/wiki/Q1464986
3133,Neustadt,Etranger,,,
3134,Gmünd,Etranger,,,
3135,Landsberg am Lech,Etranger,48.05276944444444,10.868930555555556,https://www.wikidata.org/wiki/Q494299
3136,Gottlieben,TG,47.6638,9.13371,https://www.wikidata.org/wiki/Q22383643
3137,Herisau,AI,47.3851,9.2786,https://www.wikidata.org/wiki/Q63970
3138,Uetikon,ZH,,,
3139,Timelkam,Etranger,,,
3140,Radolfzell am Bodensee,Etranger,47.736944444444,8.9697222222222,https://www.wikidata.org/wiki/Q16113
3141,Forch,ZH,,,
3142,Boenigen ?,BE,,,
3143,Montecatini Terme,Etranger,43.88153,10.7723,https://www.wikidata.org/wiki/Q30027798
3144,San Valentino in Abruzzo Citeriore,Etranger,42.23304,13.98561,https://www.wikidata.org/wiki/Q30030172
3145,Terni,Etranger,,,
3146,Kilinochchi,Etranger,9.383333333333333,80.40861111111111,https://www.wikidata.org/wiki/Q303317
3147,Soglio,GR,,,
3148,Sicile,Etranger,,,
3149,Rieden (auj. comm. Wallisellen),ZH,,,
3150,Tägerig,AG,,,
3151,Lødingen,Etranger,68.41388889,15.995,https://www.wikidata.org/wiki/Q17582142
3152,Oleyres,VD,46.853666666667,7.0375,https://www.wikidata.org/wiki/Q668325
3153,Oberschmitten bei Darmstadt,Etranger,,,
3154,Ménières,FR,,,
3155,Kappel am Albis,ZH,,,
3156,Ursins,VD,,,
3157,Vex,VS,,,
3158,Ayent,VS,46.28249,7.41028,https://www.wikidata.org/wiki/Q56438338
3159,Kempten (auj. Wetzikon),ZH,,,
3160,Mattwil,TG,47.5785,9.2064,https://www.wikidata.org/wiki/Q15834452
3161,(Fridolin) à Sedel (comm. Münchwilen),TG,,,
3162,Davos-Platz,GR,,,
3163,Hornussen,AG,,,
3164,Prague,étranger,,,
3165,Hedingen,ZH,,,
3166,Le Fleix (Dordogne),Etranger,,,
3167,Tangermünde (Prusse),Etranger,,,
3168,Toluca,Etranger,,,
3169,Hünshoven,Etranger,50.96305556,6.12472222,https://www.wikidata.org/wiki/Q15056814
3170,Reutlingen,Etranger,,,
3171,Bischwiller,Etranger,,,
3172,Toffen,BE,46.86031,7.49216,https://www.wikidata.org/wiki/Q22511826
3173,Colonie Alsen sur le Wannsee (Berlin),Etranger,,,
3174,Fréjus,Etranger,,,
3175,Vincennes,Etranger,,,
3176,Diepoldsau,SG,47.386,9.65558,https://www.wikidata.org/wiki/Q22630126
3177,Nakel,Etranger,,,
3178,Essertines-sur-Yverdon,VD,,,
3179,Greiz,Etranger,,,
3180,Saint-Saphorin-sur-Morges,VD,46.5459,6.4874,https://www.wikidata.org/wiki/Q678787
3181,Bottighofen,TG,47.63643,9.20882,https://www.wikidata.org/wiki/Q22581119
3182,Maloja,GR,,,
3183,Sulz,LU,,,
3184,Torgon,VS,46.319474,6.875305,https://www.wikidata.org/wiki/Q2444039
3185,Mühlrüti (comm. Mosnang),SG,,,
3186,Swakopmund,Etranger,-22.666666666667,14.533333333333,https://www.wikidata.org/wiki/Q59698
3187,Fontenais,BE,,,
3188,Grüsch,GR,,,
3189,Buchs/Frauenfeld,TG,,,
3190,Plumieux,Etranger,48.103055555556,-2.5838888888889,https://www.wikidata.org/wiki/Q49361346
3191,Delémont,JU,47.365277777778,7.3472222222222,https://www.wikidata.org/wiki/Q63896
3192,Origlio,TI,,,
3193,Kell am See,Etranger,,,
3194,Seen,ZH,47.4764,8.76972,https://www.wikidata.org/wiki/Q2265422
3195,Mettlen,TG,,,
3196,Gurzelen (SO),BE,,,https://www.wikidata.org/wiki/Q99456093
3197,Vessy,GE,46.1723,6.15902,https://www.wikidata.org/wiki/Q117808761
3198,Dombresson,NE,47.0711,6.9557,https://www.wikidata.org/wiki/Q70459
3199,Billens-Hennens,FR,,,
3200,Oulens-sous-Échallens,VD,,,
3201,Bogatynia,Etranger,50.9075,14.953888888888889,https://www.wikidata.org/wiki/Q123438
3202,Pailly,VD,46.70123,6.6754,https://www.wikidata.org/wiki/Q22466627
3203,"Höllstein im Wiesental (auj. Steinen, Bade)",Etranger,,,
3204,Soulce,JU,47.3039,7.2699,https://www.wikidata.org/wiki/Q70399
3205,Kiesen,BE,,,
3206,Kandergrund,BE,46.56212,7.659,https://www.wikidata.org/wiki/Q22526533
3207,Adelboden,BE,46.49142,7.56031,https://www.wikidata.org/wiki/Q56434970
3208,Niederwald,VS,,,
3209,Fleurier (Val-de-Travers),NE,,,
3210,Schaffouse,SH,,,
3211,St. Gallen,SG,47.423333333333,9.3772222222222,https://www.wikidata.org/wiki/Q25607
3212,Hereq (KOS),ZH,,,
3213,Valangin,NE,,,
3214,Le Pont-de-Beauvoisin,Etranger,45.5361,5.6723,https://www.wikidata.org/wiki/Q363932
3215,Kappel (Toggenbourg),SO,,,
3216,Kirchenthurnen,BE,46.823055555556,7.5016666666667,https://www.wikidata.org/wiki/Q65912
3217,Sommeri,TG,,,
3218,Boltigen,BE,,,
3219,Büron,LU,,,
3220,La Chaux-de-Fonds,NE,47.099627777778,6.8295583333333,https://www.wikidata.org/wiki/Q68124
3221,Allens (comm. Cossonay),VD,,,
3222,Ponts-de-Martel,NE,,,
3223,Eiken,AG,58.47861111,7.20833333,https://www.wikidata.org/wiki/Q28448399
3224,Mont-sur-Lausanne,VD,,,
3225,Bellano (Lecco),Etranger,,,
3226,Radelfingen,BE,47.02146,7.27178,https://www.wikidata.org/wiki/Q22647671
3227,La Ferrière,BE,,,
3228,Villars-sur-Marly (comm. Pierrafortscha),FR,,,
3229,La Roche,FR,50.610089,4.540661,https://www.wikidata.org/wiki/Q131915835
3230,Courtion,FR,46.8583,7.0707,https://www.wikidata.org/wiki/Q15803959
3231,Franenfeld,TG,,,
3232,Roeselare,Etranger,,,
3233,Bad Salzuflen,Etranger,52.083333333333336,8.746666666666666,https://www.wikidata.org/wiki/Q4108
3234,Gächlingen,SH,47.70329,8.49878,https://www.wikidata.org/wiki/Q22583768
3235,Cava Manara,Etranger,45.14014,9.10774,https://www.wikidata.org/wiki/Q30024423
3236,Fétigny,FR,,,
3237,Hünenberg,ZG,,,
3238,Boczki,Etranger,,,
3239,Ramsberg,ZH,,,
3240,Tegerfelden,AG,47.55809,8.28914,https://www.wikidata.org/wiki/Q22472478
3241,Grolley,FR,46.8336,7.07116,https://www.wikidata.org/wiki/Q22650127
3242,Kamianets-Podilskyi,Etranger,48.680555555556,26.580555555556,https://www.wikidata.org/wiki/Q193965
3243,Rapperswil,BE,,,
3244,Rüti bei Büren,BE,,,
3245,La Magne,FR,46.633341,6.933334,https://www.wikidata.org/wiki/Q1798920
3246,Meggen,LU,,,
3247,La Chaux (comm. Sainte-Croix),VD,,,
3248,Langnau bei Reiden (auj. comm. Reiden),LU,,,
3249,Vira (auj. comm. Gambarogno),TI,,,
3250,Lottigna (auj. comm. Acquarossa),TI,,,
3251,Castelrotto (commun de Croglio),TI,,,
3252,Gimel,VD,,,
3253,Coppet,GE,,,
3254,Wuppenau,TG,47.49633,9.10904,https://www.wikidata.org/wiki/Q22640221
3255,Montagny,FR,46.79289,6.61222,https://www.wikidata.org/wiki/Q22364149
3256,Rütschelen,BE,,,
3257,Marsens,FR,46.65649,7.06167,https://www.wikidata.org/wiki/Q22436523
3258,Ladenburg,Etranger,,,
3259,Tscheppach,SO,47.146944444444,7.4791666666667,https://www.wikidata.org/wiki/Q70015
3260,Unterentfelden,AG,,,
3261,Cuarnens,VD,,,
3262,Le Locle,NE,47.05317,6.74816,https://www.wikidata.org/wiki/Q64093
3263,Landeron,NE,,,
